sample_id,time_point,X_test,y_test,y_pred
0,0,0.0,0.5023696856145281,0.2247155059351456
0,1,0.05263157894736842,0.4352752916896774,0.15971510433438257
0,2,0.10526315789473684,0.5356501100505477,0.18396674468570143
0,3,0.15789473684210525,0.5155744211433211,0.1429408711366791
0,4,0.21052631578947367,0.6028744935079857,0.21234472259970094
0,5,0.2631578947368421,0.5212611438857517,0.13743401369757538
0,6,0.3157894736842105,0.5585248011074174,0.3558150392324976
0,7,0.3684210526315789,0.5888739312823849,0.39710445378807524
0,8,0.42105263157894735,0.565453402549158,0.1463228031134738
0,9,0.47368421052631576,0.6438524295686564,-0.006223989578703182
0,10,0.5263157894736842,0.6018662462001106,0.3163143323455553
0,11,0.5789473684210527,0.5213436149816925,0.14257156995757328
0,12,0.631578947368421,0.6071828771822338,0.1794933849784001
0,13,0.6842105263157894,0.4989420753257108,0.26351029960539163
0,14,0.7368421052631579,0.6009978005208356,0.08694707918779866
0,15,0.7894736842105263,0.5677903361759306,0.07057380159521781
0,16,0.8421052631578947,0.6286111339111757,0.23386460426868344
0,17,0.894736842105263,0.5673884295784902,0.3397373071529988
0,18,0.9473684210526315,0.6005619847176362,0.5044755255228613
0,19,1.0,0.5546215181940803,0.08610358485449625
1,0,0.0,0.42716334737108463,0.2247155059351456
1,1,0.05263157894736842,0.48855151350153525,0.15971510433438257
1,2,0.10526315789473684,0.3927718325971583,0.18396674468570143
1,3,0.15789473684210525,0.48783971441354174,0.1429408711366791
1,4,0.21052631578947367,0.4039306766592576,0.21234472259970094
1,5,0.2631578947368421,0.44667258118052056,0.13743401369757538
1,6,0.3157894736842105,0.4528680795709714,0.3558150392324976
1,7,0.3684210526315789,0.5397591738955746,0.39710445378807524
1,8,0.42105263157894735,0.4389641220115115,0.1463228031134738
1,9,0.47368421052631576,0.5540607262593511,-0.006223989578703182
1,10,0.5263157894736842,0.39621902411108545,0.3163143323455553
1,11,0.5789473684210527,0.536400644119492,0.14257156995757328
1,12,0.631578947368421,0.5818580547786462,0.1794933849784001
1,13,0.6842105263157894,0.5272902902809841,0.26351029960539163
1,14,0.7368421052631579,0.5758563687009168,0.08694707918779866
1,15,0.7894736842105263,0.5438529997157151,0.07057380159521781
1,16,0.8421052631578947,0.6213950479779026,0.23386460426868344
1,17,0.894736842105263,0.46590026434288245,0.3397373071529988
1,18,0.9473684210526315,0.45053035966981253,0.5044755255228613
1,19,1.0,0.5299848245413907,0.08610358485449625
2,0,0.0,0.4214337010504477,0.2247155059351456
2,1,0.05263157894736842,0.4417666006189617,0.15971510433438257
2,2,0.10526315789473684,0.5580816937446612,0.18396674468570143
2,3,0.15789473684210525,0.5657911150485829,0.1429408711366791
2,4,0.21052631578947367,0.615330634891574,0.21234472259970094
2,5,0.2631578947368421,0.5009128210178151,0.13743401369757538
2,6,0.3157894736842105,0.45475787971723897,0.3558150392324976
2,7,0.3684210526315789,0.596636088135859,0.39710445378807524
2,8,0.42105263157894735,0.5690262534136851,0.1463228031134738
2,9,0.47368421052631576,0.6385014493005072,-0.006223989578703182
2,10,0.5263157894736842,0.5736495823473904,0.3163143323455553
2,11,0.5789473684210527,0.6373907961830204,0.14257156995757328
2,12,0.631578947368421,0.553610827317003,0.1794933849784001
2,13,0.6842105263157894,0.5178735815200415,0.26351029960539163
2,14,0.7368421052631579,0.5472322090243882,0.08694707918779866
2,15,0.7894736842105263,0.5941995417462855,0.07057380159521781
2,16,0.8421052631578947,0.4780105184801008,0.23386460426868344
2,17,0.894736842105263,0.5596526369495877,0.3397373071529988
2,18,0.9473684210526315,0.5800504447388044,0.5044755255228613
2,19,1.0,0.49743865455644765,0.08610358485449625
3,0,0.0,0.5098448266248276,0.2247155059351456
3,1,0.05263157894736842,0.5356440941353289,0.15971510433438257
3,2,0.10526315789473684,0.5824818312645507,0.18396674468570143
3,3,0.15789473684210525,0.6116175566112193,0.1429408711366791
3,4,0.21052631578947367,0.4615970914074806,0.21234472259970094
3,5,0.2631578947368421,0.6981522126124899,0.13743401369757538
3,6,0.3157894736842105,0.5990897156870942,0.3558150392324976
3,7,0.3684210526315789,0.5678839824249216,0.39710445378807524
3,8,0.42105263157894735,0.6158908789535525,0.1463228031134738
3,9,0.47368421052631576,0.5351649461037475,-0.006223989578703182
3,10,0.5263157894736842,0.5746639196471997,0.3163143323455553
3,11,0.5789473684210527,0.526922813032067,0.14257156995757328
3,12,0.631578947368421,0.5533523857797864,0.1794933849784001
3,13,0.6842105263157894,0.49123533817271847,0.26351029960539163
3,14,0.7368421052631579,0.4212879889983935,0.08694707918779866
3,15,0.7894736842105263,0.4147923356351512,0.07057380159521781
3,16,0.8421052631578947,0.43892316363658906,0.23386460426868344
3,17,0.894736842105263,0.3845893711065541,0.3397373071529988
3,18,0.9473684210526315,0.47301188466596744,0.5044755255228613
3,19,1.0,0.4550572233626751,0.08610358485449625
4,0,0.0,0.4408163184438076,0.2247155059351456
4,1,0.05263157894736842,0.49461715304893406,0.15971510433438257
4,2,0.10526315789473684,0.4196207580991766,0.18396674468570143
4,3,0.15789473684210525,0.4109837733490006,0.1429408711366791
4,4,0.21052631578947367,0.37912590641684374,0.21234472259970094
4,5,0.2631578947368421,0.45881281545687363,0.13743401369757538
4,6,0.3157894736842105,0.42097357218349507,0.3558150392324976
4,7,0.3684210526315789,0.518417639687034,0.39710445378807524
4,8,0.42105263157894735,0.4779978683129413,0.1463228031134738
4,9,0.47368421052631576,0.40212418294419106,-0.006223989578703182
4,10,0.5263157894736842,0.4080696504802383,0.3163143323455553
4,11,0.5789473684210527,0.5072619701050529,0.14257156995757328
4,12,0.631578947368421,0.4333157483986836,0.1794933849784001
4,13,0.6842105263157894,0.4610656745491958,0.26351029960539163
4,14,0.7368421052631579,0.46754661444695755,0.08694707918779866
4,15,0.7894736842105263,0.5674290989136196,0.07057380159521781
4,16,0.8421052631578947,0.5226753245223517,0.23386460426868344
4,17,0.894736842105263,0.5777324642109644,0.3397373071529988
4,18,0.9473684210526315,0.5105929229063465,0.5044755255228613
4,19,1.0,0.5904327864871567,0.08610358485449625
5,0,0.0,0.5760812474519159,0.2247155059351456
5,1,0.05263157894736842,0.4493094525118134,0.15971510433438257
5,2,0.10526315789473684,0.5270254421887183,0.18396674468570143
5,3,0.15789473684210525,0.5135610833727308,0.1429408711366791
5,4,0.21052631578947367,0.5750392316411477,0.21234472259970094
5,5,0.2631578947368421,0.5066727670948931,0.13743401369757538
5,6,0.3157894736842105,0.5241420395112308,0.3558150392324976
5,7,0.3684210526315789,0.5866171082082507,0.39710445378807524
5,8,0.42105263157894735,0.5840988966249323,0.1463228031134738
5,9,0.47368421052631576,0.5869567322908336,-0.006223989578703182
5,10,0.5263157894736842,0.5608224332262167,0.3163143323455553
5,11,0.5789473684210527,0.5615671177900373,0.14257156995757328
5,12,0.631578947368421,0.5827527464921244,0.1794933849784001
5,13,0.6842105263157894,0.49554786422477826,0.26351029960539163
5,14,0.7368421052631579,0.5244729695141173,0.08694707918779866
5,15,0.7894736842105263,0.49645786531082553,0.07057380159521781
5,16,0.8421052631578947,0.5203787128579154,0.23386460426868344
5,17,0.894736842105263,0.5797636919873327,0.3397373071529988
5,18,0.9473684210526315,0.5273460891371492,0.5044755255228613
5,19,1.0,0.5233719544962642,0.08610358485449625
6,0,0.0,0.46789892294579616,0.22471550593514444
6,1,0.05263157894736842,0.32469463469714277,0.15971510433438194
6,2,0.10526315789473684,0.40511012517513845,0.18396674468570073
6,3,0.15789473684210525,0.45911634494927855,0.14294087113668003
6,4,0.21052631578947367,0.533716622454889,0.21234472259970033
6,5,0.2631578947368421,0.4674983927219802,0.13743401369757668
6,6,0.3157894736842105,0.5489685254432087,0.3558150392324958
6,7,0.3684210526315789,0.49969035683776625,0.39710445378807474
6,8,0.42105263157894735,0.5564279365329311,0.1463228031134739
6,9,0.47368421052631576,0.5432649673604755,-0.006223989578703709
6,10,0.5263157894736842,0.4828054137953921,0.3163143323455544
6,11,0.5789473684210527,0.5187549470165949,0.1425715699575704
6,12,0.631578947368421,0.4899183243686308,0.17949338497840164
6,13,0.6842105263157894,0.5101037570850061,0.2635102996053911
6,14,0.7368421052631579,0.47253405695440603,0.08694707918779902
6,15,0.7894736842105263,0.5437419556393491,0.07057380159521776
6,16,0.8421052631578947,0.6330636651823442,0.23386460426868355
6,17,0.894736842105263,0.5041650505256534,0.33973730715299755
6,18,0.9473684210526315,0.48175224454745075,0.5044755255228607
6,19,1.0,0.5619661961125245,0.08610358485449633
7,0,0.0,0.6352056531714811,0.2247155059351456
7,1,0.05263157894736842,0.4781049100718757,0.15971510433438257
7,2,0.10526315789473684,0.5034281993016646,0.18396674468570143
7,3,0.15789473684210525,0.5751460370523908,0.1429408711366791
7,4,0.21052631578947367,0.628622194986104,0.21234472259970094
7,5,0.2631578947368421,0.4759302790527514,0.13743401369757538
7,6,0.3157894736842105,0.5093070831604891,0.3558150392324976
7,7,0.3684210526315789,0.5754280308550482,0.39710445378807524
7,8,0.42105263157894735,0.576740244511108,0.1463228031134738
7,9,0.47368421052631576,0.4701101630529948,-0.006223989578703182
7,10,0.5263157894736842,0.5233291435586649,0.3163143323455553
7,11,0.5789473684210527,0.5280964674121761,0.14257156995757328
7,12,0.631578947368421,0.5209397013399111,0.1794933849784001
7,13,0.6842105263157894,0.4464748383909708,0.26351029960539163
7,14,0.7368421052631579,0.4922176324142434,0.08694707918779866
7,15,0.7894736842105263,0.4370420007168698,0.07057380159521781
7,16,0.8421052631578947,0.4257405426531685,0.23386460426868344
7,17,0.894736842105263,0.4971986217367747,0.3397373071529988
7,18,0.9473684210526315,0.348553753144531,0.5044755255228613
7,19,1.0,0.40508199275963014,0.08610358485449625
8,0,0.0,0.4973083594271278,0.2247155059351456
8,1,0.05263157894736842,0.5182740175120424,0.15971510433438257
8,2,0.10526315789473684,0.47092453394493095,0.18396674468570143
8,3,0.15789473684210525,0.5125177579576122,0.1429408711366791
8,4,0.21052631578947367,0.543157206463201,0.21234472259970094
8,5,0.2631578947368421,0.5282499667960313,0.13743401369757538
8,6,0.3157894736842105,0.5530831690725045,0.3558150392324976
8,7,0.3684210526315789,0.4694590490953918,0.39710445378807524
8,8,0.42105263157894735,0.4846417512710406,0.1463228031134738
8,9,0.47368421052631576,0.44862219991303687,-0.006223989578703182
8,10,0.5263157894736842,0.3878621290603496,0.3163143323455553
8,11,0.5789473684210527,0.4302005271939404,0.14257156995757328
8,12,0.631578947368421,0.49809932378017474,0.1794933849784001
8,13,0.6842105263157894,0.4404718931111251,0.26351029960539163
8,14,0.7368421052631579,0.5412617406415678,0.08694707918779866
8,15,0.7894736842105263,0.5099502981064863,0.07057380159521781
8,16,0.8421052631578947,0.4412759429947067,0.23386460426868344
8,17,0.894736842105263,0.5005714811440063,0.3397373071529988
8,18,0.9473684210526315,0.5012399531668218,0.5044755255228613
8,19,1.0,0.5365399780945523,0.08610358485449625
9,0,0.0,0.48779743792124874,0.2247155059351456
9,1,0.05263157894736842,0.48175320859065296,0.15971510433438257
9,2,0.10526315789473684,0.4208300186967137,0.18396674468570143
9,3,0.15789473684210525,0.5088449828065692,0.1429408711366791
9,4,0.21052631578947367,0.5028002664781541,0.21234472259970094
9,5,0.2631578947368421,0.5792017865776904,0.13743401369757538
9,6,0.3157894736842105,0.458329205350793,0.3558150392324976
9,7,0.3684210526315789,0.4061343795845864,0.39710445378807524
9,8,0.42105263157894735,0.5054796111192491,0.1463228031134738
9,9,0.47368421052631576,0.5978982770067264,-0.006223989578703182
9,10,0.5263157894736842,0.5534338495368522,0.3163143323455553
9,11,0.5789473684210527,0.6273592978310585,0.14257156995757328
9,12,0.631578947368421,0.5567207535596355,0.1794933849784001
9,13,0.6842105263157894,0.6476403665465581,0.26351029960539163
9,14,0.7368421052631579,0.5847731346553284,0.08694707918779866
9,15,0.7894736842105263,0.5409908348786212,0.07057380159521781
9,16,0.8421052631578947,0.5178925722296965,0.23386460426868344
9,17,0.894736842105263,0.5897065392200702,0.3397373071529988
9,18,0.9473684210526315,0.5135222443593588,0.5044755255228613
9,19,1.0,0.5476058492339558,0.08610358485449625
10,0,0.0,0.5948195650862804,0.2247155059351456
10,1,0.05263157894736842,0.5899219692256003,0.15971510433438257
10,2,0.10526315789473684,0.514759275337899,0.18396674468570143
10,3,0.15789473684210525,0.48541920538109296,0.1429408711366791
10,4,0.21052631578947367,0.5151565635124544,0.21234472259970094
10,5,0.2631578947368421,0.5045481123813492,0.13743401369757538
10,6,0.3157894736842105,0.4354875103536402,0.3558150392324976
10,7,0.3684210526315789,0.49431407454491144,0.39710445378807524
10,8,0.42105263157894735,0.4926984894883049,0.1463228031134738
10,9,0.47368421052631576,0.4897903861745901,-0.006223989578703182
10,10,0.5263157894736842,0.4398137546110734,0.3163143323455553
10,11,0.5789473684210527,0.46357561616739584,0.14257156995757328
10,12,0.631578947368421,0.42462120977594653,0.1794933849784001
10,13,0.6842105263157894,0.4328112340689206,0.26351029960539163
10,14,0.7368421052631579,0.4745015384942991,0.08694707918779866
10,15,0.7894736842105263,0.38523950097924264,0.07057380159521781
10,16,0.8421052631578947,0.44377874464464806,0.23386460426868344
10,17,0.894736842105263,0.43770236400213286,0.3397373071529988
10,18,0.9473684210526315,0.4570705067742679,0.5044755255228613
10,19,1.0,0.37371726146484185,0.08610358485449625
11,0,0.0,0.4877964994576397,0.2247155059351456
11,1,0.05263157894736842,0.5027383100988214,0.15971510433438257
11,2,0.10526315789473684,0.4574165947196126,0.18396674468570143
11,3,0.15789473684210525,0.4797420075307192,0.1429408711366791
11,4,0.21052631578947367,0.4766437820936599,0.21234472259970094
11,5,0.2631578947368421,0.42117952079437243,0.13743401369757538
11,6,0.3157894736842105,0.45203335021925006,0.3558150392324976
11,7,0.3684210526315789,0.4729984886369014,0.39710445378807524
11,8,0.42105263157894735,0.345726056092591,0.1463228031134738
11,9,0.47368421052631576,0.49867045756960376,-0.006223989578703182
11,10,0.5263157894736842,0.49836018999102777,0.3163143323455553
11,11,0.5789473684210527,0.44415329471740167,0.14257156995757328
11,12,0.631578947368421,0.47248416900272416,0.1794933849784001
11,13,0.6842105263157894,0.5094863630626786,0.26351029960539163
11,14,0.7368421052631579,0.5075549143437269,0.08694707918779866
11,15,0.7894736842105263,0.5438647307109613,0.07057380159521781
11,16,0.8421052631578947,0.500426233423763,0.23386460426868344
11,17,0.894736842105263,0.5887038703824413,0.3397373071529988
11,18,0.9473684210526315,0.5199903174243221,0.5044755255228613
11,19,1.0,0.4916771734669728,0.08610358485449625
12,0,0.0,0.36211916363201846,0.2247155059351456
12,1,0.05263157894736842,0.5198985123842872,0.15971510433438257
12,2,0.10526315789473684,0.43170357147839966,0.18396674468570143
12,3,0.15789473684210525,0.502374518526395,0.1429408711366791
12,4,0.21052631578947367,0.3825297346789289,0.21234472259970094
12,5,0.2631578947368421,0.42682978872836247,0.13743401369757538
12,6,0.3157894736842105,0.46131226855902263,0.3558150392324976
12,7,0.3684210526315789,0.5104809458896046,0.39710445378807524
12,8,0.42105263157894735,0.45906039068030585,0.1463228031134738
12,9,0.47368421052631576,0.5276496582436997,-0.006223989578703182
12,10,0.5263157894736842,0.5310309184703333,0.3163143323455553
12,11,0.5789473684210527,0.5229188565273793,0.14257156995757328
12,12,0.631578947368421,0.4787763694300347,0.1794933849784001
12,13,0.6842105263157894,0.5346124949904856,0.26351029960539163
12,14,0.7368421052631579,0.6265821849984254,0.08694707918779866
12,15,0.7894736842105263,0.5251787445487484,0.07057380159521781
12,16,0.8421052631578947,0.5396287354102217,0.23386460426868344
12,17,0.894736842105263,0.5840203664209922,0.3397373071529988
12,18,0.9473684210526315,0.4582128854671088,0.5044755255228613
12,19,1.0,0.4880587626402795,0.08610358485449625
13,0,0.0,0.4416787488682955,0.2247155059351456
13,1,0.05263157894736842,0.49631807669854416,0.15971510433438257
13,2,0.10526315789473684,0.5450113279183969,0.18396674468570143
13,3,0.15789473684210525,0.4996546051664623,0.1429408711366791
13,4,0.21052631578947367,0.5127877274878431,0.21234472259970094
13,5,0.2631578947368421,0.47058746540162605,0.13743401369757538
13,6,0.3157894736842105,0.5183983070329958,0.3558150392324976
13,7,0.3684210526315789,0.5413617450666872,0.39710445378807524
13,8,0.42105263157894735,0.4211396597899706,0.1463228031134738
13,9,0.47368421052631576,0.474310025999715,-0.006223989578703182
13,10,0.5263157894736842,0.556888073102269,0.3163143323455553
13,11,0.5789473684210527,0.5887867279577719,0.14257156995757328
13,12,0.631578947368421,0.521918516617438,0.1794933849784001
13,13,0.6842105263157894,0.6005294212348586,0.26351029960539163
13,14,0.7368421052631579,0.4817900876073788,0.08694707918779866
13,15,0.7894736842105263,0.6225376498181298,0.07057380159521781
13,16,0.8421052631578947,0.5584294845698271,0.23386460426868344
13,17,0.894736842105263,0.5969634598650927,0.3397373071529988
13,18,0.9473684210526315,0.5328141044783614,0.5044755255228613
13,19,1.0,0.48227340571236577,0.08610358485449625
14,0,0.0,0.4446016163620593,0.2247155059351456
14,1,0.05263157894736842,0.40625525388504397,0.15971510433438257
14,2,0.10526315789473684,0.35807510168162743,0.18396674468570143
14,3,0.15789473684210525,0.49677302830080655,0.1429408711366791
14,4,0.21052631578947367,0.4870743347251253,0.21234472259970094
14,5,0.2631578947368421,0.4016520675670756,0.13743401369757538
14,6,0.3157894736842105,0.43737798379391013,0.3558150392324976
14,7,0.3684210526315789,0.4317777598264381,0.39710445378807524
14,8,0.42105263157894735,0.44242173148538694,0.1463228031134738
14,9,0.47368421052631576,0.45310774012020527,-0.006223989578703182
14,10,0.5263157894736842,0.3789327001051423,0.3163143323455553
14,11,0.5789473684210527,0.5055949569963423,0.14257156995757328
14,12,0.631578947368421,0.49960110708584665,0.1794933849784001
14,13,0.6842105263157894,0.5004910241383987,0.26351029960539163
14,14,0.7368421052631579,0.5394146515097517,0.08694707918779866
14,15,0.7894736842105263,0.5464922114450493,0.07057380159521781
14,16,0.8421052631578947,0.6032707729312253,0.23386460426868344
14,17,0.894736842105263,0.527547327381974,0.3397373071529988
14,18,0.9473684210526315,0.5570656959764757,0.5044755255228613
14,19,1.0,0.5502424724561775,0.08610358485449625
15,0,0.0,0.3964432385246281,0.2247155059351456
15,1,0.05263157894736842,0.5381836572570405,0.15971510433438257
15,2,0.10526315789473684,0.45379986235019787,0.18396674468570143
15,3,0.15789473684210525,0.5235263173434604,0.1429408711366791
15,4,0.21052631578947367,0.5618033604500563,0.21234472259970094
15,5,0.2631578947368421,0.5749560858398013,0.13743401369757538
15,6,0.3157894736842105,0.5247255037648014,0.3558150392324976
15,7,0.3684210526315789,0.42839159218556355,0.39710445378807524
15,8,0.42105263157894735,0.48636418066869797,0.1463228031134738
15,9,0.47368421052631576,0.47725974690818046,-0.006223989578703182
15,10,0.5263157894736842,0.5142647178637673,0.3163143323455553
15,11,0.5789473684210527,0.5358848771552485,0.14257156995757328
15,12,0.631578947368421,0.535656311057798,0.1794933849784001
15,13,0.6842105263157894,0.5473600529582342,0.26351029960539163
15,14,0.7368421052631579,0.4863365295520186,0.08694707918779866
15,15,0.7894736842105263,0.5494571665174133,0.07057380159521781
15,16,0.8421052631578947,0.5718806974825638,0.23386460426868344
15,17,0.894736842105263,0.41845866331044007,0.3397373071529988
15,18,0.9473684210526315,0.5903860206703233,0.5044755255228613
15,19,1.0,0.4954348316353765,0.08610358485449625
16,0,0.0,0.4017090150849554,0.2247155059351456
16,1,0.05263157894736842,0.4089840172406653,0.15971510433438257
16,2,0.10526315789473684,0.43563668189484356,0.18396674468570143
16,3,0.15789473684210525,0.47169157163580316,0.1429408711366791
16,4,0.21052631578947367,0.47066874038314327,0.21234472259970094
16,5,0.2631578947368421,0.5664721489704896,0.13743401369757538
16,6,0.3157894736842105,0.5445751352046998,0.3558150392324976
16,7,0.3684210526315789,0.48546466132490335,0.39710445378807524
16,8,0.42105263157894735,0.48032387768902407,0.1463228031134738
16,9,0.47368421052631576,0.49646043756287384,-0.006223989578703182
16,10,0.5263157894736842,0.4908326785383945,0.3163143323455553
16,11,0.5789473684210527,0.5090765068510658,0.14257156995757328
16,12,0.631578947368421,0.5416367311097747,0.1794933849784001
16,13,0.6842105263157894,0.4623051895598871,0.26351029960539163
16,14,0.7368421052631579,0.5657240571883052,0.08694707918779866
16,15,0.7894736842105263,0.5816330688306202,0.07057380159521781
16,16,0.8421052631578947,0.5805377367956228,0.23386460426868344
16,17,0.894736842105263,0.5490717697766873,0.3397373071529988
16,18,0.9473684210526315,0.5898909541365255,0.5044755255228613
16,19,1.0,0.6085261066709613,0.08610358485449625
17,0,0.0,0.4206029267801688,0.2247155059351456
17,1,0.05263157894736842,0.4601098904248013,0.15971510433438257
17,2,0.10526315789473684,0.40024461932430205,0.18396674468570143
17,3,0.15789473684210525,0.4107696112183039,0.1429408711366791
17,4,0.21052631578947367,0.44843588996188277,0.21234472259970094
17,5,0.2631578947368421,0.5712319305466751,0.13743401369757538
17,6,0.3157894736842105,0.459062935771845,0.3558150392324976
17,7,0.3684210526315789,0.3991432074910454,0.39710445378807524
17,8,0.42105263157894735,0.4937822250627935,0.1463228031134738
17,9,0.47368421052631576,0.4845192664982531,-0.006223989578703182
17,10,0.5263157894736842,0.45328836892224367,0.3163143323455553
17,11,0.5789473684210527,0.5054141160830998,0.14257156995757328
17,12,0.631578947368421,0.46242139895723894,0.1794933849784001
17,13,0.6842105263157894,0.51174443472931,0.26351029960539163
17,14,0.7368421052631579,0.5481675729178745,0.08694707918779866
17,15,0.7894736842105263,0.5818341420674014,0.07057380159521781
17,16,0.8421052631578947,0.5710825223481334,0.23386460426868344
17,17,0.894736842105263,0.43947891364504926,0.3397373071529988
17,18,0.9473684210526315,0.5501938992640492,0.5044755255228613
17,19,1.0,0.5126126900717574,0.08610358485449625
18,0,0.0,0.4997531453360117,0.2247155059351456
18,1,0.05263157894736842,0.4815576718788649,0.15971510433438257
18,2,0.10526315789473684,0.4855621605649829,0.18396674468570143
18,3,0.15789473684210525,0.5319372919160883,0.1429408711366791
18,4,0.21052631578947367,0.5118693367463389,0.21234472259970094
18,5,0.2631578947368421,0.48550797962669545,0.13743401369757538
18,6,0.3157894736842105,0.4700061931823051,0.3558150392324976
18,7,0.3684210526315789,0.502082128896869,0.39710445378807524
18,8,0.42105263157894735,0.552636864190461,0.1463228031134738
18,9,0.47368421052631576,0.5703626069305884,-0.006223989578703182
18,10,0.5263157894736842,0.5837383400608096,0.3163143323455553
18,11,0.5789473684210527,0.5406940740583849,0.14257156995757328
18,12,0.631578947368421,0.5885252761903778,0.1794933849784001
18,13,0.6842105263157894,0.6891522938409238,0.26351029960539163
18,14,0.7368421052631579,0.59866014204277,0.08694707918779866
18,15,0.7894736842105263,0.5243196857355399,0.07057380159521781
18,16,0.8421052631578947,0.46496066144627457,0.23386460426868344
18,17,0.894736842105263,0.567604383360414,0.3397373071529988
18,18,0.9473684210526315,0.5556487333164442,0.5044755255228613
18,19,1.0,0.49701108932965865,0.08610358485449625
19,0,0.0,0.41820617695886125,0.22471550593514444
19,1,0.05263157894736842,0.3780147372688015,0.15971510433438194
19,2,0.10526315789473684,0.40061437652265836,0.18396674468570073
19,3,0.15789473684210525,0.5407142972036235,0.14294087113668003
19,4,0.21052631578947367,0.45955958600792585,0.21234472259970033
19,5,0.2631578947368421,0.3965597282850163,0.13743401369757668
19,6,0.3157894736842105,0.40912495387936476,0.3558150392324958
19,7,0.3684210526315789,0.4241226690957667,0.39710445378807474
19,8,0.42105263157894735,0.47446088115093277,0.1463228031134739
19,9,0.47368421052631576,0.5630388860575373,-0.006223989578703709
19,10,0.5263157894736842,0.4817718579312701,0.3163143323455544
19,11,0.5789473684210527,0.4352351586482137,0.1425715699575704
19,12,0.631578947368421,0.5949732266628952,0.17949338497840164
19,13,0.6842105263157894,0.5343985709787655,0.2635102996053911
19,14,0.7368421052631579,0.4850119260812545,0.08694707918779902
19,15,0.7894736842105263,0.512411546761062,0.07057380159521776
19,16,0.8421052631578947,0.5153078768798657,0.23386460426868355
19,17,0.894736842105263,0.6036762674068944,0.33973730715299755
19,18,0.9473684210526315,0.5863270456587515,0.5044755255228607
19,19,1.0,0.5718124169866279,0.08610358485449633
20,0,0.0,0.5745923465352327,0.2247155059351456
20,1,0.05263157894736842,0.5702214494867859,0.15971510433438257
20,2,0.10526315789473684,0.468406517683218,0.18396674468570143
20,3,0.15789473684210525,0.44023188211644854,0.1429408711366791
20,4,0.21052631578947367,0.427189697981062,0.21234472259970094
20,5,0.2631578947368421,0.4256571868745943,0.13743401369757538
20,6,0.3157894736842105,0.4484939688750534,0.3558150392324976
20,7,0.3684210526315789,0.43503582824355436,0.39710445378807524
20,8,0.42105263157894735,0.5420447920001747,0.1463228031134738
20,9,0.47368421052631576,0.4449081931622877,-0.006223989578703182
20,10,0.5263157894736842,0.49178179666749033,0.3163143323455553
20,11,0.5789473684210527,0.5016043978844985,0.14257156995757328
20,12,0.631578947368421,0.518672696670082,0.1794933849784001
20,13,0.6842105263157894,0.4634988409340696,0.26351029960539163
20,14,0.7368421052631579,0.49519887424507875,0.08694707918779866
20,15,0.7894736842105263,0.47651852843629994,0.07057380159521781
20,16,0.8421052631578947,0.4511641865687571,0.23386460426868344
20,17,0.894736842105263,0.44518520440226905,0.3397373071529988
20,18,0.9473684210526315,0.4611163735847721,0.5044755255228613
20,19,1.0,0.44757509286491104,0.08610358485449625
21,0,0.0,0.5047834618677566,0.2247155059351456
21,1,0.05263157894736842,0.40290916816347755,0.15971510433438257
21,2,0.10526315789473684,0.46326900985772784,0.18396674468570143
21,3,0.15789473684210525,0.474861071199394,0.1429408711366791
21,4,0.21052631578947367,0.49076882438366903,0.21234472259970094
21,5,0.2631578947368421,0.5413405303085704,0.13743401369757538
21,6,0.3157894736842105,0.4880755654628397,0.3558150392324976
21,7,0.3684210526315789,0.45928654545044006,0.39710445378807524
21,8,0.42105263157894735,0.3841224116323146,0.1463228031134738
21,9,0.47368421052631576,0.4040450654424726,-0.006223989578703182
21,10,0.5263157894736842,0.5161442562972487,0.3163143323455553
21,11,0.5789473684210527,0.5249367129929237,0.14257156995757328
21,12,0.631578947368421,0.4917240731899103,0.1794933849784001
21,13,0.6842105263157894,0.4886546306112343,0.26351029960539163
21,14,0.7368421052631579,0.5519975736634273,0.08694707918779866
21,15,0.7894736842105263,0.5114246711191206,0.07057380159521781
21,16,0.8421052631578947,0.5279992043611712,0.23386460426868344
21,17,0.894736842105263,0.490263131264993,0.3397373071529988
21,18,0.9473684210526315,0.4802377155697784,0.5044755255228613
21,19,1.0,0.4823397459059433,0.08610358485449625
22,0,0.0,0.44326711439187694,0.2247155059351456
22,1,0.05263157894736842,0.4964389202347108,0.15971510433438257
22,2,0.10526315789473684,0.44851681245646446,0.18396674468570143
22,3,0.15789473684210525,0.47561641390750947,0.1429408711366791
22,4,0.21052631578947367,0.4583388755589312,0.21234472259970094
22,5,0.2631578947368421,0.4322325061070269,0.13743401369757538
22,6,0.3157894736842105,0.40758414499761436,0.3558150392324976
22,7,0.3684210526315789,0.522347262952481,0.39710445378807524
22,8,0.42105263157894735,0.5473473166200271,0.1463228031134738
22,9,0.47368421052631576,0.5038903433761297,-0.006223989578703182
22,10,0.5263157894736842,0.5089263368066617,0.3163143323455553
22,11,0.5789473684210527,0.5211055224968603,0.14257156995757328
22,12,0.631578947368421,0.4448913873275163,0.1794933849784001
22,13,0.6842105263157894,0.4938700864824931,0.26351029960539163
22,14,0.7368421052631579,0.5337972260088711,0.08694707918779866
22,15,0.7894736842105263,0.6074950903014846,0.07057380159521781
22,16,0.8421052631578947,0.567925376963436,0.23386460426868344
22,17,0.894736842105263,0.44756921476183753,0.3397373071529988
22,18,0.9473684210526315,0.48960282535147837,0.5044755255228613
22,19,1.0,0.6140768572230424,0.08610358485449625
23,0,0.0,0.4581938521671673,0.2247155059351456
23,1,0.05263157894736842,0.47183316967567396,0.15971510433438257
23,2,0.10526315789473684,0.4916966335530698,0.18396674468570143
23,3,0.15789473684210525,0.45794609479905835,0.1429408711366791
23,4,0.21052631578947367,0.42251461150146513,0.21234472259970094
23,5,0.2631578947368421,0.4091892991286705,0.13743401369757538
23,6,0.3157894736842105,0.4256836049301308,0.3558150392324976
23,7,0.3684210526315789,0.5000569525492775,0.39710445378807524
23,8,0.42105263157894735,0.4664834387754232,0.1463228031134738
23,9,0.47368421052631576,0.578849162196244,-0.006223989578703182
23,10,0.5263157894736842,0.5807021312806896,0.3163143323455553
23,11,0.5789473684210527,0.48709140630776476,0.14257156995757328
23,12,0.631578947368421,0.5832662724501286,0.1794933849784001
23,13,0.6842105263157894,0.5955911494980233,0.26351029960539163
23,14,0.7368421052631579,0.5891137473223133,0.08694707918779866
23,15,0.7894736842105263,0.5741305407247218,0.07057380159521781
23,16,0.8421052631578947,0.506030918878671,0.23386460426868344
23,17,0.894736842105263,0.5376643521832274,0.3397373071529988
23,18,0.9473684210526315,0.5201465231821946,0.5044755255228613
23,19,1.0,0.6015642198741825,0.08610358485449625
24,0,0.0,0.45278220540255953,0.2247155059351456
24,1,0.05263157894736842,0.42128613300796786,0.15971510433438257
24,2,0.10526315789473684,0.5663514747106028,0.18396674468570143
24,3,0.15789473684210525,0.5245222476992045,0.1429408711366791
24,4,0.21052631578947367,0.5872801222506385,0.21234472259970094
24,5,0.2631578947368421,0.5591773901582962,0.13743401369757538
24,6,0.3157894736842105,0.5206975353590744,0.3558150392324976
24,7,0.3684210526315789,0.5627378415913504,0.39710445378807524
24,8,0.42105263157894735,0.5899269027662646,0.1463228031134738
24,9,0.47368421052631576,0.5919302272862457,-0.006223989578703182
24,10,0.5263157894736842,0.44554078329756974,0.3163143323455553
24,11,0.5789473684210527,0.5747112219014024,0.14257156995757328
24,12,0.631578947368421,0.547168696505778,0.1794933849784001
24,13,0.6842105263157894,0.6643780525775066,0.26351029960539163
24,14,0.7368421052631579,0.570828016886326,0.08694707918779866
24,15,0.7894736842105263,0.4733512714663122,0.07057380159521781
24,16,0.8421052631578947,0.47724050859845524,0.23386460426868344
24,17,0.894736842105263,0.5301456194978671,0.3397373071529988
24,18,0.9473684210526315,0.46273618011328554,0.5044755255228613
24,19,1.0,0.48419512550007904,0.08610358485449625
25,0,0.0,0.5182403187680665,0.2247155059351456
25,1,0.05263157894736842,0.520200693798111,0.15971510433438257
25,2,0.10526315789473684,0.5490059413385894,0.18396674468570143
25,3,0.15789473684210525,0.47468556524863137,0.1429408711366791
25,4,0.21052631578947367,0.5466649638270473,0.21234472259970094
25,5,0.2631578947368421,0.514301094887254,0.13743401369757538
25,6,0.3157894736842105,0.44380306290425586,0.3558150392324976
25,7,0.3684210526315789,0.5323369781823822,0.39710445378807524
25,8,0.42105263157894735,0.45177472228608917,0.1463228031134738
25,9,0.47368421052631576,0.43023459367127764,-0.006223989578703182
25,10,0.5263157894736842,0.4127772232711981,0.3163143323455553
25,11,0.5789473684210527,0.5033748419490912,0.14257156995757328
25,12,0.631578947368421,0.40609735038080463,0.1794933849784001
25,13,0.6842105263157894,0.45041228562347596,0.26351029960539163
25,14,0.7368421052631579,0.450749822684617,0.08694707918779866
25,15,0.7894736842105263,0.4482128156853842,0.07057380159521781
25,16,0.8421052631578947,0.4831742575297078,0.23386460426868344
25,17,0.894736842105263,0.45011464516597727,0.3397373071529988
25,18,0.9473684210526315,0.39513968441891606,0.5044755255228613
25,19,1.0,0.47018672603636646,0.08610358485449625
26,0,0.0,0.5478967460764892,0.2247155059351456
26,1,0.05263157894736842,0.4805667125783518,0.15971510433438257
26,2,0.10526315789473684,0.6267526348779936,0.18396674468570143
26,3,0.15789473684210525,0.46945892583419496,0.1429408711366791
26,4,0.21052631578947367,0.6027463480664206,0.21234472259970094
26,5,0.2631578947368421,0.6081545090067214,0.13743401369757538
26,6,0.3157894736842105,0.5726513205641098,0.3558150392324976
26,7,0.3684210526315789,0.5998695441885701,0.39710445378807524
26,8,0.42105263157894735,0.556175825494384,0.1463228031134738
26,9,0.47368421052631576,0.5767206128202657,-0.006223989578703182
26,10,0.5263157894736842,0.5222045953733973,0.3163143323455553
26,11,0.5789473684210527,0.5700729247952244,0.14257156995757328
26,12,0.631578947368421,0.5297633777221269,0.1794933849784001
26,13,0.6842105263157894,0.604111813481075,0.26351029960539163
26,14,0.7368421052631579,0.5213253196133311,0.08694707918779866
26,15,0.7894736842105263,0.43821004085292214,0.07057380159521781
26,16,0.8421052631578947,0.3999076840153869,0.23386460426868344
26,17,0.894736842105263,0.3993425428399582,0.3397373071529988
26,18,0.9473684210526315,0.4719104679462488,0.5044755255228613
26,19,1.0,0.4165718051340898,0.08610358485449625
27,0,0.0,0.49350297710417124,0.2247155059351456
27,1,0.05263157894736842,0.355081237193718,0.15971510433438257
27,2,0.10526315789473684,0.5122753903580543,0.18396674468570143
27,3,0.15789473684210525,0.4683936872296657,0.1429408711366791
27,4,0.21052631578947367,0.5103713267793162,0.21234472259970094
27,5,0.2631578947368421,0.4425719514505503,0.13743401369757538
27,6,0.3157894736842105,0.4710128913021253,0.3558150392324976
27,7,0.3684210526315789,0.45870637070830517,0.39710445378807524
27,8,0.42105263157894735,0.43493729957545935,0.1463228031134738
27,9,0.47368421052631576,0.4365158563662628,-0.006223989578703182
27,10,0.5263157894736842,0.48146733737396596,0.3163143323455553
27,11,0.5789473684210527,0.5182633392521747,0.14257156995757328
27,12,0.631578947368421,0.3932034716421947,0.1794933849784001
27,13,0.6842105263157894,0.42481153026459656,0.26351029960539163
27,14,0.7368421052631579,0.516537381043303,0.08694707918779866
27,15,0.7894736842105263,0.4643724343636122,0.07057380159521781
27,16,0.8421052631578947,0.418407275512519,0.23386460426868344
27,17,0.894736842105263,0.4574580424280416,0.3397373071529988
27,18,0.9473684210526315,0.505780391018289,0.5044755255228613
27,19,1.0,0.4442623915503356,0.08610358485449625
28,0,0.0,0.47807734067518437,0.2247155059351456
28,1,0.05263157894736842,0.48791639170743223,0.15971510433438257
28,2,0.10526315789473684,0.44627601867987543,0.18396674468570143
28,3,0.15789473684210525,0.4704257901509793,0.1429408711366791
28,4,0.21052631578947367,0.45074739722211216,0.21234472259970094
28,5,0.2631578947368421,0.5602933471275854,0.13743401369757538
28,6,0.3157894736842105,0.5624496035638223,0.3558150392324976
28,7,0.3684210526315789,0.5573577595332337,0.39710445378807524
28,8,0.42105263157894735,0.4863589357943613,0.1463228031134738
28,9,0.47368421052631576,0.6108390434547714,-0.006223989578703182
28,10,0.5263157894736842,0.5294089354542265,0.3163143323455553
28,11,0.5789473684210527,0.5504244678409289,0.14257156995757328
28,12,0.631578947368421,0.5194690289947277,0.1794933849784001
28,13,0.6842105263157894,0.6360947156316497,0.26351029960539163
28,14,0.7368421052631579,0.5244859692863459,0.08694707918779866
28,15,0.7894736842105263,0.5974923217633568,0.07057380159521781
28,16,0.8421052631578947,0.49715195459539974,0.23386460426868344
28,17,0.894736842105263,0.5754607044690391,0.3397373071529988
28,18,0.9473684210526315,0.5339121405650841,0.5044755255228613
28,19,1.0,0.5182416798367917,0.08610358485449625
29,0,0.0,0.48751387614975195,0.2247155059351456
29,1,0.05263157894736842,0.5264490149572876,0.15971510433438257
29,2,0.10526315789473684,0.5224865302409142,0.18396674468570143
29,3,0.15789473684210525,0.6183697704049484,0.1429408711366791
29,4,0.21052631578947367,0.5036942818569261,0.21234472259970094
29,5,0.2631578947368421,0.5365419723387762,0.13743401369757538
29,6,0.3157894736842105,0.5421161155125782,0.3558150392324976
29,7,0.3684210526315789,0.556448856428491,0.39710445378807524
29,8,0.42105263157894735,0.49698635474523156,0.1463228031134738
29,9,0.47368421052631576,0.5385390982444975,-0.006223989578703182
29,10,0.5263157894736842,0.536748586925743,0.3163143323455553
29,11,0.5789473684210527,0.5834040299550411,0.14257156995757328
29,12,0.631578947368421,0.5314481567218585,0.1794933849784001
29,13,0.6842105263157894,0.4855586364732954,0.26351029960539163
29,14,0.7368421052631579,0.4324012646975728,0.08694707918779866
29,15,0.7894736842105263,0.5194037990216525,0.07057380159521781
29,16,0.8421052631578947,0.5815689150692009,0.23386460426868344
29,17,0.894736842105263,0.4660156385740715,0.3397373071529988
29,18,0.9473684210526315,0.5528260002591368,0.5044755255228613
29,19,1.0,0.5289492603517063,0.08610358485449625
30,0,0.0,0.49875725229974577,0.2247155059351456
30,1,0.05263157894736842,0.5864967491068807,0.15971510433438257
30,2,0.10526315789473684,0.5546229391295165,0.18396674468570143
30,3,0.15789473684210525,0.6135239587033454,0.1429408711366791
30,4,0.21052631578947367,0.48870410863735253,0.21234472259970094
30,5,0.2631578947368421,0.5761247740711869,0.13743401369757538
30,6,0.3157894736842105,0.394180851199315,0.3558150392324976
30,7,0.3684210526315789,0.4381629854993744,0.39710445378807524
30,8,0.42105263157894735,0.47202833954427015,0.1463228031134738
30,9,0.47368421052631576,0.3510057145042729,-0.006223989578703182
30,10,0.5263157894736842,0.40594043285776193,0.3163143323455553
30,11,0.5789473684210527,0.4429173748730536,0.14257156995757328
30,12,0.631578947368421,0.3580843896826586,0.1794933849784001
30,13,0.6842105263157894,0.44469878047037154,0.26351029960539163
30,14,0.7368421052631579,0.45572904403060827,0.08694707918779866
30,15,0.7894736842105263,0.405438290125541,0.07057380159521781
30,16,0.8421052631578947,0.45706112267414667,0.23386460426868344
30,17,0.894736842105263,0.49769978862906655,0.3397373071529988
30,18,0.9473684210526315,0.3948574428494682,0.5044755255228613
30,19,1.0,0.5080780695849629,0.08610358485449625
31,0,0.0,0.5035748444934235,0.2247155059351456
31,1,0.05263157894736842,0.5044773802831575,0.15971510433438257
31,2,0.10526315789473684,0.4862647383549121,0.18396674468570143
31,3,0.15789473684210525,0.42054094978886397,0.1429408711366791
31,4,0.21052631578947367,0.4274204154047115,0.21234472259970094
31,5,0.2631578947368421,0.49657871632333955,0.13743401369757538
31,6,0.3157894736842105,0.4745023029015784,0.3558150392324976
31,7,0.3684210526315789,0.5683556696485346,0.39710445378807524
31,8,0.42105263157894735,0.4366690854739461,0.1463228031134738
31,9,0.47368421052631576,0.5655205642263876,-0.006223989578703182
31,10,0.5263157894736842,0.5082544204849601,0.3163143323455553
31,11,0.5789473684210527,0.4840598557570208,0.14257156995757328
31,12,0.631578947368421,0.5332528744284444,0.1794933849784001
31,13,0.6842105263157894,0.5977961738467608,0.26351029960539163
31,14,0.7368421052631579,0.5424557547826443,0.08694707918779866
31,15,0.7894736842105263,0.4646942130745605,0.07057380159521781
31,16,0.8421052631578947,0.5826226575463398,0.23386460426868344
31,17,0.894736842105263,0.5035742852670312,0.3397373071529988
31,18,0.9473684210526315,0.5329189280442872,0.5044755255228613
31,19,1.0,0.519250015800626,0.08610358485449625
32,0,0.0,0.5193420186681806,0.22471550593514444
32,1,0.05263157894736842,0.5696864801214325,0.15971510433438194
32,2,0.10526315789473684,0.5143788130484078,0.18396674468570073
32,3,0.15789473684210525,0.5033453103934163,0.14294087113668003
32,4,0.21052631578947367,0.4685141388960312,0.21234472259970033
32,5,0.2631578947368421,0.4046728714502717,0.13743401369757668
32,6,0.3157894736842105,0.4621890424456802,0.3558150392324958
32,7,0.3684210526315789,0.46677255685565233,0.39710445378807474
32,8,0.42105263157894735,0.3790933507409354,0.1463228031134739
32,9,0.47368421052631576,0.4066229167903074,-0.006223989578703709
32,10,0.5263157894736842,0.42318379319647714,0.3163143323455544
32,11,0.5789473684210527,0.4876205547695781,0.1425715699575704
32,12,0.631578947368421,0.509997209495944,0.17949338497840164
32,13,0.6842105263157894,0.48400924115235394,0.2635102996053911
32,14,0.7368421052631579,0.4716658175711482,0.08694707918779902
32,15,0.7894736842105263,0.42759206680698797,0.07057380159521776
32,16,0.8421052631578947,0.4972894423805314,0.23386460426868355
32,17,0.894736842105263,0.5435200373714183,0.33973730715299755
32,18,0.9473684210526315,0.5906641376847471,0.5044755255228607
32,19,1.0,0.5817566591424658,0.08610358485449633
33,0,0.0,0.4340236766838629,0.2247155059351456
33,1,0.05263157894736842,0.4612951719973814,0.15971510433438257
33,2,0.10526315789473684,0.49211051066287054,0.18396674468570143
33,3,0.15789473684210525,0.42410871673658224,0.1429408711366791
33,4,0.21052631578947367,0.4850215332885626,0.21234472259970094
33,5,0.2631578947368421,0.5940944317765089,0.13743401369757538
33,6,0.3157894736842105,0.48442196116595027,0.3558150392324976
33,7,0.3684210526315789,0.5278717933197471,0.39710445378807524
33,8,0.42105263157894735,0.5281552254421713,0.1463228031134738
33,9,0.47368421052631576,0.5940340606398179,-0.006223989578703182
33,10,0.5263157894736842,0.5512035608698425,0.3163143323455553
33,11,0.5789473684210527,0.5364345514263115,0.14257156995757328
33,12,0.631578947368421,0.5459918347454354,0.1794933849784001
33,13,0.6842105263157894,0.5742495886275716,0.26351029960539163
33,14,0.7368421052631579,0.5128371654478822,0.08694707918779866
33,15,0.7894736842105263,0.5138881078014946,0.07057380159521781
33,16,0.8421052631578947,0.49183046787208756,0.23386460426868344
33,17,0.894736842105263,0.5961197509432562,0.3397373071529988
33,18,0.9473684210526315,0.5054549821083987,0.5044755255228613
33,19,1.0,0.47074499027586,0.08610358485449625
34,0,0.0,0.45279115671913617,0.2247155059351456
34,1,0.05263157894736842,0.4125953032495137,0.15971510433438257
34,2,0.10526315789473684,0.41072848221852,0.18396674468570143
34,3,0.15789473684210525,0.4274396868959999,0.1429408711366791
34,4,0.21052631578947367,0.49346098060675136,0.21234472259970094
34,5,0.2631578947368421,0.43298511239537907,0.13743401369757538
34,6,0.3157894736842105,0.5396144939227249,0.3558150392324976
34,7,0.3684210526315789,0.440120673274104,0.39710445378807524
34,8,0.42105263157894735,0.6301973868787624,0.1463228031134738
34,9,0.47368421052631576,0.5736564464166362,-0.006223989578703182
34,10,0.5263157894736842,0.6013472994477774,0.3163143323455553
34,11,0.5789473684210527,0.5839726247558887,0.14257156995757328
34,12,0.631578947368421,0.6042707977421342,0.1794933849784001
34,13,0.6842105263157894,0.5238843222573886,0.26351029960539163
34,14,0.7368421052631579,0.5599433915990331,0.08694707918779866
34,15,0.7894736842105263,0.561266813272841,0.07057380159521781
34,16,0.8421052631578947,0.47733648868127126,0.23386460426868344
34,17,0.894736842105263,0.4759173487060725,0.3397373071529988
34,18,0.9473684210526315,0.4640948765446641,0.5044755255228613
34,19,1.0,0.4587079224814165,0.08610358485449625
35,0,0.0,0.5877264379996389,0.2247155059351456
35,1,0.05263157894736842,0.5661930825947865,0.15971510433438257
35,2,0.10526315789473684,0.5209037167042923,0.18396674468570143
35,3,0.15789473684210525,0.6316302948503213,0.1429408711366791
35,4,0.21052631578947367,0.581991901784538,0.21234472259970094
35,5,0.2631578947368421,0.5727965278757299,0.13743401369757538
35,6,0.3157894736842105,0.6503958007600099,0.3558150392324976
35,7,0.3684210526315789,0.4576954197007685,0.39710445378807524
35,8,0.42105263157894735,0.5069855818715882,0.1463228031134738
35,9,0.47368421052631576,0.5600681789423572,-0.006223989578703182
35,10,0.5263157894736842,0.45867320236604375,0.3163143323455553
35,11,0.5789473684210527,0.4373944316680416,0.14257156995757328
35,12,0.631578947368421,0.5902007064217916,0.1794933849784001
35,13,0.6842105263157894,0.5256783470907416,0.26351029960539163
35,14,0.7368421052631579,0.4746978857675962,0.08694707918779866
35,15,0.7894736842105263,0.4625113184568415,0.07057380159521781
35,16,0.8421052631578947,0.5286824860051454,0.23386460426868344
35,17,0.894736842105263,0.4597835860220038,0.3397373071529988
35,18,0.9473684210526315,0.44164465810743236,0.5044755255228613
35,19,1.0,0.43696237012484596,0.08610358485449625
36,0,0.0,0.5892163608277882,0.2247155059351456
36,1,0.05263157894736842,0.601646137658427,0.15971510433438257
36,2,0.10526315789473684,0.6583520263020439,0.18396674468570143
36,3,0.15789473684210525,0.5502048790616028,0.1429408711366791
36,4,0.21052631578947367,0.5416712358852097,0.21234472259970094
36,5,0.2631578947368421,0.5802802306047918,0.13743401369757538
36,6,0.3157894736842105,0.533561645095932,0.3558150392324976
36,7,0.3684210526315789,0.6107701324827388,0.39710445378807524
36,8,0.42105263157894735,0.486404746870976,0.1463228031134738
36,9,0.47368421052631576,0.43992235056941786,-0.006223989578703182
36,10,0.5263157894736842,0.5662743560124381,0.3163143323455553
36,11,0.5789473684210527,0.5844043212275981,0.14257156995757328
36,12,0.631578947368421,0.46231365539938307,0.1794933849784001
36,13,0.6842105263157894,0.5308896484026089,0.26351029960539163
36,14,0.7368421052631579,0.506931920041481,0.08694707918779866
36,15,0.7894736842105263,0.520506470176692,0.07057380159521781
36,16,0.8421052631578947,0.4842434909148566,0.23386460426868344
36,17,0.894736842105263,0.5124044616004669,0.3397373071529988
36,18,0.9473684210526315,0.45556586155795725,0.5044755255228613
36,19,1.0,0.49268421753270464,0.08610358485449625
37,0,0.0,0.4984831892346377,0.2247155059351456
37,1,0.05263157894736842,0.6253622004226717,0.15971510433438257
37,2,0.10526315789473684,0.5589951868355333,0.18396674468570143
37,3,0.15789473684210525,0.5786576702172647,0.1429408711366791
37,4,0.21052631578947367,0.6335555658352241,0.21234472259970094
37,5,0.2631578947368421,0.606032872139951,0.13743401369757538
37,6,0.3157894736842105,0.6236928103512767,0.3558150392324976
37,7,0.3684210526315789,0.541972273005713,0.39710445378807524
37,8,0.42105263157894735,0.4421503707087844,0.1463228031134738
37,9,0.47368421052631576,0.5544011493133363,-0.006223989578703182
37,10,0.5263157894736842,0.5265386880225614,0.3163143323455553
37,11,0.5789473684210527,0.3867216617379782,0.14257156995757328
37,12,0.631578947368421,0.42694377526557814,0.1794933849784001
37,13,0.6842105263157894,0.4895163583167541,0.26351029960539163
37,14,0.7368421052631579,0.4656580591420999,0.08694707918779866
37,15,0.7894736842105263,0.39086367372356057,0.07057380159521781
37,16,0.8421052631578947,0.4004674258243714,0.23386460426868344
37,17,0.894736842105263,0.45104355323853906,0.3397373071529988
37,18,0.9473684210526315,0.4353796636831976,0.5044755255228613
37,19,1.0,0.4795695232180573,0.08610358485449625
38,0,0.0,0.3420643847839156,0.2247155059351456
38,1,0.05263157894736842,0.5526071937118185,0.15971510433438257
38,2,0.10526315789473684,0.44413166989706,0.18396674468570143
38,3,0.15789473684210525,0.35185938138417344,0.1429408711366791
38,4,0.21052631578947367,0.44430928455235785,0.21234472259970094
38,5,0.2631578947368421,0.4527170009410053,0.13743401369757538
38,6,0.3157894736842105,0.5547765881995621,0.3558150392324976
38,7,0.3684210526315789,0.5092095511670713,0.39710445378807524
38,8,0.42105263157894735,0.44559940352887617,0.1463228031134738
38,9,0.47368421052631576,0.5119223677320809,-0.006223989578703182
38,10,0.5263157894736842,0.5277249650274947,0.3163143323455553
38,11,0.5789473684210527,0.5428054586017942,0.14257156995757328
38,12,0.631578947368421,0.5455270447277955,0.1794933849784001
38,13,0.6842105263157894,0.46243272593178086,0.26351029960539163
38,14,0.7368421052631579,0.483671132351444,0.08694707918779866
38,15,0.7894736842105263,0.5472555749776963,0.07057380159521781
38,16,0.8421052631578947,0.5869975634498946,0.23386460426868344
38,17,0.894736842105263,0.5085653315081067,0.3397373071529988
38,18,0.9473684210526315,0.5460735676246742,0.5044755255228613
38,19,1.0,0.4550627412758398,0.08610358485449625
39,0,0.0,0.43638717816709804,0.2247155059351456
39,1,0.05263157894736842,0.4102988719769255,0.15971510433438257
39,2,0.10526315789473684,0.5067854936172704,0.18396674468570143
39,3,0.15789473684210525,0.5299032110687992,0.1429408711366791
39,4,0.21052631578947367,0.5540210855012001,0.21234472259970094
39,5,0.2631578947368421,0.5259508907276503,0.13743401369757538
39,6,0.3157894736842105,0.5329568409639828,0.3558150392324976
39,7,0.3684210526315789,0.5145813504907528,0.39710445378807524
39,8,0.42105263157894735,0.5015886892306733,0.1463228031134738
39,9,0.47368421052631576,0.6257197123716418,-0.006223989578703182
39,10,0.5263157894736842,0.5841991325117272,0.3163143323455553
39,11,0.5789473684210527,0.6456075100246094,0.14257156995757328
39,12,0.631578947368421,0.6115365184398758,0.1794933849784001
39,13,0.6842105263157894,0.4774167675455923,0.26351029960539163
39,14,0.7368421052631579,0.5020598760226845,0.08694707918779866
39,15,0.7894736842105263,0.505893873259267,0.07057380159521781
39,16,0.8421052631578947,0.46473852549982086,0.23386460426868344
39,17,0.894736842105263,0.5095041859307078,0.3397373071529988
39,18,0.9473684210526315,0.4919984100784542,0.5044755255228613
39,19,1.0,0.48115730533451434,0.08610358485449625
40,0,0.0,0.6095837072989237,0.2247155059351456
40,1,0.05263157894736842,0.46803956858453616,0.15971510433438257
40,2,0.10526315789473684,0.5825819320139889,0.18396674468570143
40,3,0.15789473684210525,0.5705009593166803,0.1429408711366791
40,4,0.21052631578947367,0.49353582524366635,0.21234472259970094
40,5,0.2631578947368421,0.5594985622807785,0.13743401369757538
40,6,0.3157894736842105,0.4594428464443512,0.3558150392324976
40,7,0.3684210526315789,0.46245162808299506,0.39710445378807524
40,8,0.42105263157894735,0.4907957458497624,0.1463228031134738
40,9,0.47368421052631576,0.4689681081404747,-0.006223989578703182
40,10,0.5263157894736842,0.38552635660489953,0.3163143323455553
40,11,0.5789473684210527,0.4740900235971931,0.14257156995757328
40,12,0.631578947368421,0.3379976960721788,0.1794933849784001
40,13,0.6842105263157894,0.5068572432607239,0.26351029960539163
40,14,0.7368421052631579,0.5302265931377127,0.08694707918779866
40,15,0.7894736842105263,0.47204878676162704,0.07057380159521781
40,16,0.8421052631578947,0.49843982769793765,0.23386460426868344
40,17,0.894736842105263,0.5122413092733291,0.3397373071529988
40,18,0.9473684210526315,0.5527669291887302,0.5044755255228613
40,19,1.0,0.43867264764084246,0.08610358485449625
41,0,0.0,0.4094830158840782,0.2247155059351456
41,1,0.05263157894736842,0.5156921222262544,0.15971510433438257
41,2,0.10526315789473684,0.5301871563382682,0.18396674468570143
41,3,0.15789473684210525,0.44842499776031625,0.1429408711366791
41,4,0.21052631578947367,0.39815252183464817,0.21234472259970094
41,5,0.2631578947368421,0.5165329071753505,0.13743401369757538
41,6,0.3157894736842105,0.42724021144193,0.3558150392324976
41,7,0.3684210526315789,0.5532567055669413,0.39710445378807524
41,8,0.42105263157894735,0.49400070891675324,0.1463228031134738
41,9,0.47368421052631576,0.5102451267830583,-0.006223989578703182
41,10,0.5263157894736842,0.4429459123067017,0.3163143323455553
41,11,0.5789473684210527,0.502475368169476,0.14257156995757328
41,12,0.631578947368421,0.4604926403528567,0.1794933849784001
41,13,0.6842105263157894,0.44923888607000073,0.26351029960539163
41,14,0.7368421052631579,0.47903829483055393,0.08694707918779866
41,15,0.7894736842105263,0.5232011711524399,0.07057380159521781
41,16,0.8421052631578947,0.5433517695812385,0.23386460426868344
41,17,0.894736842105263,0.5612998076701057,0.3397373071529988
41,18,0.9473684210526315,0.5922657987057123,0.5044755255228613
41,19,1.0,0.46448693918686124,0.08610358485449625
42,0,0.0,0.5477817232984301,0.2247155059351456
42,1,0.05263157894736842,0.5557300557416904,0.15971510433438257
42,2,0.10526315789473684,0.5551653006135576,0.18396674468570143
42,3,0.15789473684210525,0.5634012951145532,0.1429408711366791
42,4,0.21052631578947367,0.5438512127030116,0.21234472259970094
42,5,0.2631578947368421,0.5267694809227289,0.13743401369757538
42,6,0.3157894736842105,0.5607362896437791,0.3558150392324976
42,7,0.3684210526315789,0.5220653051045397,0.39710445378807524
42,8,0.42105263157894735,0.47936098038350566,0.1463228031134738
42,9,0.47368421052631576,0.5081316051581382,-0.006223989578703182
42,10,0.5263157894736842,0.5127447389103418,0.3163143323455553
42,11,0.5789473684210527,0.4586958077829454,0.14257156995757328
42,12,0.631578947368421,0.49562041147643265,0.1794933849784001
42,13,0.6842105263157894,0.5216402204579784,0.26351029960539163
42,14,0.7368421052631579,0.4704301898846027,0.08694707918779866
42,15,0.7894736842105263,0.3933778267429922,0.07057380159521781
42,16,0.8421052631578947,0.4552059868546029,0.23386460426868344
42,17,0.894736842105263,0.4733963981422142,0.3397373071529988
42,18,0.9473684210526315,0.4877973849536494,0.5044755255228613
42,19,1.0,0.4727406351206507,0.08610358485449625
43,0,0.0,0.4999919966442888,0.2247155059351456
43,1,0.05263157894736842,0.4432770597262414,0.15971510433438257
43,2,0.10526315789473684,0.4467863332673823,0.18396674468570143
43,3,0.15789473684210525,0.4877611909885838,0.1429408711366791
43,4,0.21052631578947367,0.48433358474364485,0.21234472259970094
43,5,0.2631578947368421,0.5207612533126479,0.13743401369757538
43,6,0.3157894736842105,0.5850386515602279,0.3558150392324976
43,7,0.3684210526315789,0.5346141440861537,0.39710445378807524
43,8,0.42105263157894735,0.518313029711015,0.1463228031134738
43,9,0.47368421052631576,0.4648634622919753,-0.006223989578703182
43,10,0.5263157894736842,0.544836809631527,0.3163143323455553
43,11,0.5789473684210527,0.5053025712978783,0.14257156995757328
43,12,0.631578947368421,0.6136259669682701,0.1794933849784001
43,13,0.6842105263157894,0.5407630301177432,0.26351029960539163
43,14,0.7368421052631579,0.5859776913569125,0.08694707918779866
43,15,0.7894736842105263,0.46313339357668515,0.07057380159521781
43,16,0.8421052631578947,0.5189943710487214,0.23386460426868344
43,17,0.894736842105263,0.5059727937502994,0.3397373071529988
43,18,0.9473684210526315,0.6004545457594717,0.5044755255228613
43,19,1.0,0.5578719296887252,0.08610358485449625
44,0,0.0,0.45590867640781785,0.2247155059351456
44,1,0.05263157894736842,0.4399231071042615,0.15971510433438257
44,2,0.10526315789473684,0.48969753155663864,0.18396674468570143
44,3,0.15789473684210525,0.4966901818057637,0.1429408711366791
44,4,0.21052631578947367,0.4918727519219861,0.21234472259970094
44,5,0.2631578947368421,0.4728753955197973,0.13743401369757538
44,6,0.3157894736842105,0.5077248278164732,0.3558150392324976
44,7,0.3684210526315789,0.46731506474439966,0.39710445378807524
44,8,0.42105263157894735,0.5028367991501387,0.1463228031134738
44,9,0.47368421052631576,0.5670345390122123,-0.006223989578703182
44,10,0.5263157894736842,0.6013284191395034,0.3163143323455553
44,11,0.5789473684210527,0.5843999694445193,0.14257156995757328
44,12,0.631578947368421,0.5632515099763624,0.1794933849784001
44,13,0.6842105263157894,0.5293564814730977,0.26351029960539163
44,14,0.7368421052631579,0.5472190340504545,0.08694707918779866
44,15,0.7894736842105263,0.48335980101972936,0.07057380159521781
44,16,0.8421052631578947,0.5337687037114043,0.23386460426868344
44,17,0.894736842105263,0.5424375601251873,0.3397373071529988
44,18,0.9473684210526315,0.43809865986154306,0.5044755255228613
44,19,1.0,0.4196066316739511,0.08610358485449625
45,0,0.0,0.5227639015780909,0.22471550593514444
45,1,0.05263157894736842,0.47378118690020815,0.15971510433438194
45,2,0.10526315789473684,0.4992372594401377,0.18396674468570073
45,3,0.15789473684210525,0.4820761480461316,0.14294087113668003
45,4,0.21052631578947367,0.4424835305593352,0.21234472259970033
45,5,0.2631578947368421,0.5468978954094256,0.13743401369757668
45,6,0.3157894736842105,0.4649676126262051,0.3558150392324958
45,7,0.3684210526315789,0.40262403218879217,0.39710445378807474
45,8,0.42105263157894735,0.4513830582898342,0.1463228031134739
45,9,0.47368421052631576,0.4803891147174538,-0.006223989578703709
45,10,0.5263157894736842,0.5473147996023041,0.3163143323455544
45,11,0.5789473684210527,0.4735384469194867,0.1425715699575704
45,12,0.631578947368421,0.4753447900032543,0.17949338497840164
45,13,0.6842105263157894,0.44605938142634205,0.2635102996053911
45,14,0.7368421052631579,0.4771796754168545,0.08694707918779902
45,15,0.7894736842105263,0.5460736206623573,0.07057380159521776
45,16,0.8421052631578947,0.5545978380863263,0.23386460426868355
45,17,0.894736842105263,0.4823933822410646,0.33973730715299755
45,18,0.9473684210526315,0.5653544882906186,0.5044755255228607
45,19,1.0,0.5634100760814149,0.08610358485449633
46,0,0.0,0.5212202318792927,0.2247155059351456
46,1,0.05263157894736842,0.47154369833592574,0.15971510433438257
46,2,0.10526315789473684,0.47227305418802906,0.18396674468570143
46,3,0.15789473684210525,0.5225243131865166,0.1429408711366791
46,4,0.21052631578947367,0.43740572449223153,0.21234472259970094
46,5,0.2631578947368421,0.4507699085577327,0.13743401369757538
46,6,0.3157894736842105,0.42219430912665523,0.3558150392324976
46,7,0.3684210526315789,0.4304783443916149,0.39710445378807524
46,8,0.42105263157894735,0.4155391120011314,0.1463228031134738
46,9,0.47368421052631576,0.41581972804468254,-0.006223989578703182
46,10,0.5263157894736842,0.503092716925136,0.3163143323455553
46,11,0.5789473684210527,0.48175993083262453,0.14257156995757328
46,12,0.631578947368421,0.4266696822443341,0.1794933849784001
46,13,0.6842105263157894,0.4144117800602114,0.26351029960539163
46,14,0.7368421052631579,0.3808751838571707,0.08694707918779866
46,15,0.7894736842105263,0.5019088000021791,0.07057380159521781
46,16,0.8421052631578947,0.29169601429053527,0.23386460426868344
46,17,0.894736842105263,0.5489236131735887,0.3397373071529988
46,18,0.9473684210526315,0.3997427174605102,0.5044755255228613
46,19,1.0,0.4949340826821942,0.08610358485449625
47,0,0.0,0.4696903826319917,0.2247155059351456
47,1,0.05263157894736842,0.4099329838230018,0.15971510433438257
47,2,0.10526315789473684,0.5017617338747355,0.18396674468570143
47,3,0.15789473684210525,0.4274455660902914,0.1429408711366791
47,4,0.21052631578947367,0.445637615557244,0.21234472259970094
47,5,0.2631578947368421,0.4840086054534065,0.13743401369757538
47,6,0.3157894736842105,0.3606941834866638,0.3558150392324976
47,7,0.3684210526315789,0.4405167853485903,0.39710445378807524
47,8,0.42105263157894735,0.5133843489429403,0.1463228031134738
47,9,0.47368421052631576,0.412071067715328,-0.006223989578703182
47,10,0.5263157894736842,0.44057087237725384,0.3163143323455553
47,11,0.5789473684210527,0.5087342550408906,0.14257156995757328
47,12,0.631578947368421,0.49145812626158414,0.1794933849784001
47,13,0.6842105263157894,0.5062583070383446,0.26351029960539163
47,14,0.7368421052631579,0.4875171296570822,0.08694707918779866
47,15,0.7894736842105263,0.4880876255726966,0.07057380159521781
47,16,0.8421052631578947,0.4634949955302125,0.23386460426868344
47,17,0.894736842105263,0.46056146366331413,0.3397373071529988
47,18,0.9473684210526315,0.4506858925164152,0.5044755255228613
47,19,1.0,0.4081091309068183,0.08610358485449625
48,0,0.0,0.4700614107818089,0.2247155059351456
48,1,0.05263157894736842,0.4676967832779704,0.15971510433438257
48,2,0.10526315789473684,0.4531838598907699,0.18396674468570143
48,3,0.15789473684210525,0.5190853761996,0.1429408711366791
48,4,0.21052631578947367,0.5027633084952114,0.21234472259970094
48,5,0.2631578947368421,0.5323017412280716,0.13743401369757538
48,6,0.3157894736842105,0.6149742650655025,0.3558150392324976
48,7,0.3684210526315789,0.5136341010163851,0.39710445378807524
48,8,0.42105263157894735,0.4857776346874739,0.1463228031134738
48,9,0.47368421052631576,0.5879488046544648,-0.006223989578703182
48,10,0.5263157894736842,0.6015414100931553,0.3163143323455553
48,11,0.5789473684210527,0.6472087708465086,0.14257156995757328
48,12,0.631578947368421,0.6076737980175063,0.1794933849784001
48,13,0.6842105263157894,0.5834828249386846,0.26351029960539163
48,14,0.7368421052631579,0.5278478685613927,0.08694707918779866
48,15,0.7894736842105263,0.5282540084076756,0.07057380159521781
48,16,0.8421052631578947,0.5787489527771693,0.23386460426868344
48,17,0.894736842105263,0.5282421817848549,0.3397373071529988
48,18,0.9473684210526315,0.5694871793283808,0.5044755255228613
48,19,1.0,0.5111912001132828,0.08610358485449625
49,0,0.0,0.5244882593048046,0.2247155059351456
49,1,0.05263157894736842,0.5852775158289137,0.15971510433438257
49,2,0.10526315789473684,0.5471668945671235,0.18396674468570143
49,3,0.15789473684210525,0.5027897812834268,0.1429408711366791
49,4,0.21052631578947367,0.5256751484728386,0.21234472259970094
49,5,0.2631578947368421,0.4070702314366502,0.13743401369757538
49,6,0.3157894736842105,0.5134991124659496,0.3558150392324976
49,7,0.3684210526315789,0.44400363999273923,0.39710445378807524
49,8,0.42105263157894735,0.47541756946681796,0.1463228031134738
49,9,0.47368421052631576,0.4921711011438502,-0.006223989578703182
49,10,0.5263157894736842,0.4181246406253766,0.3163143323455553
49,11,0.5789473684210527,0.49985992100879223,0.14257156995757328
49,12,0.631578947368421,0.5469362171310541,0.1794933849784001
49,13,0.6842105263157894,0.45940389192417364,0.26351029960539163
49,14,0.7368421052631579,0.39358072713530584,0.08694707918779866
49,15,0.7894736842105263,0.48739605460653074,0.07057380159521781
49,16,0.8421052631578947,0.4275397474280221,0.23386460426868344
49,17,0.894736842105263,0.511073140454594,0.3397373071529988
49,18,0.9473684210526315,0.525857994319867,0.5044755255228613
49,19,1.0,0.4737961624421988,0.08610358485449625
50,0,0.0,0.49592255981898486,0.2247155059351456
50,1,0.05263157894736842,0.5611155823566774,0.15971510433438257
50,2,0.10526315789473684,0.45426190147095064,0.18396674468570143
50,3,0.15789473684210525,0.5674673390673619,0.1429408711366791
50,4,0.21052631578947367,0.5259223243461258,0.21234472259970094
50,5,0.2631578947368421,0.507739555625786,0.13743401369757538
50,6,0.3157894736842105,0.5151228945788998,0.3558150392324976
50,7,0.3684210526315789,0.565214958833014,0.39710445378807524
50,8,0.42105263157894735,0.5729522142206093,0.1463228031134738
50,9,0.47368421052631576,0.5497744221191253,-0.006223989578703182
50,10,0.5263157894736842,0.6166439117599265,0.3163143323455553
50,11,0.5789473684210527,0.6811207982942811,0.14257156995757328
50,12,0.631578947368421,0.5978598035921581,0.1794933849784001
50,13,0.6842105263157894,0.529203194285246,0.26351029960539163
50,14,0.7368421052631579,0.5249598936178268,0.08694707918779866
50,15,0.7894736842105263,0.5362853119716046,0.07057380159521781
50,16,0.8421052631578947,0.6101210697963034,0.23386460426868344
50,17,0.894736842105263,0.5188612476463584,0.3397373071529988
50,18,0.9473684210526315,0.5019934839171232,0.5044755255228613
50,19,1.0,0.46335210270914795,0.08610358485449625
51,0,0.0,0.5132991504729646,0.2247155059351456
51,1,0.05263157894736842,0.5469005846358826,0.15971510433438257
51,2,0.10526315789473684,0.5835391871602061,0.18396674468570143
51,3,0.15789473684210525,0.5042127799153739,0.1429408711366791
51,4,0.21052631578947367,0.4802225159461133,0.21234472259970094
51,5,0.2631578947368421,0.49740987563085726,0.13743401369757538
51,6,0.3157894736842105,0.544417176708376,0.3558150392324976
51,7,0.3684210526315789,0.6391356493955387,0.39710445378807524
51,8,0.42105263157894735,0.5876713777983338,0.1463228031134738
51,9,0.47368421052631576,0.5787736340116089,-0.006223989578703182
51,10,0.5263157894736842,0.5040863410703605,0.3163143323455553
51,11,0.5789473684210527,0.5480371605616556,0.14257156995757328
51,12,0.631578947368421,0.5145377921257078,0.1794933849784001
51,13,0.6842105263157894,0.6359324992842005,0.26351029960539163
51,14,0.7368421052631579,0.5827224895442833,0.08694707918779866
51,15,0.7894736842105263,0.5555879714379333,0.07057380159521781
51,16,0.8421052631578947,0.6105835079101386,0.23386460426868344
51,17,0.894736842105263,0.5010618751580042,0.3397373071529988
51,18,0.9473684210526315,0.45656968276059273,0.5044755255228613
51,19,1.0,0.45495338396484175,0.08610358485449625
52,0,0.0,0.5190666379638798,0.2247155059351456
52,1,0.05263157894736842,0.5862715654696619,0.15971510433438257
52,2,0.10526315789473684,0.506903156607535,0.18396674468570143
52,3,0.15789473684210525,0.4982034033097331,0.1429408711366791
52,4,0.21052631578947367,0.5156321498540709,0.21234472259970094
52,5,0.2631578947368421,0.5222553584066076,0.13743401369757538
52,6,0.3157894736842105,0.4864674489123361,0.3558150392324976
52,7,0.3684210526315789,0.541723612008123,0.39710445378807524
52,8,0.42105263157894735,0.4339965218063887,0.1463228031134738
52,9,0.47368421052631576,0.5364884288510763,-0.006223989578703182
52,10,0.5263157894736842,0.4181861018612337,0.3163143323455553
52,11,0.5789473684210527,0.4927203365489497,0.14257156995757328
52,12,0.631578947368421,0.5100087077660138,0.1794933849784001
52,13,0.6842105263157894,0.46389476975333077,0.26351029960539163
52,14,0.7368421052631579,0.46714632472140416,0.08694707918779866
52,15,0.7894736842105263,0.439006113734835,0.07057380159521781
52,16,0.8421052631578947,0.45556743130880367,0.23386460426868344
52,17,0.894736842105263,0.42300863980877645,0.3397373071529988
52,18,0.9473684210526315,0.4649958696711369,0.5044755255228613
52,19,1.0,0.48638372766365545,0.08610358485449625
53,0,0.0,0.39144368121756334,0.2247155059351456
53,1,0.05263157894736842,0.38710680522904906,0.15971510433438257
53,2,0.10526315789473684,0.4443987079644506,0.18396674468570143
53,3,0.15789473684210525,0.40687224412912065,0.1429408711366791
53,4,0.21052631578947367,0.3927469763257083,0.21234472259970094
53,5,0.2631578947368421,0.3735083480160659,0.13743401369757538
53,6,0.3157894736842105,0.394384105276132,0.3558150392324976
53,7,0.3684210526315789,0.3734610953142551,0.39710445378807524
53,8,0.42105263157894735,0.4611469701027337,0.1463228031134738
53,9,0.47368421052631576,0.3385191518304341,-0.006223989578703182
53,10,0.5263157894736842,0.45758231196024446,0.3163143323455553
53,11,0.5789473684210527,0.4831378666865156,0.14257156995757328
53,12,0.631578947368421,0.3641804440108842,0.1794933849784001
53,13,0.6842105263157894,0.3973272877240228,0.26351029960539163
53,14,0.7368421052631579,0.4127813027294068,0.08694707918779866
53,15,0.7894736842105263,0.43584279481247795,0.07057380159521781
53,16,0.8421052631578947,0.47489476926390084,0.23386460426868344
53,17,0.894736842105263,0.5079120758216981,0.3397373071529988
53,18,0.9473684210526315,0.42623788222672226,0.5044755255228613
53,19,1.0,0.4549599057256452,0.08610358485449625
54,0,0.0,0.45629916403575665,0.2247155059351456
54,1,0.05263157894736842,0.5039661770850036,0.15971510433438257
54,2,0.10526315789473684,0.5443840184642839,0.18396674468570143
54,3,0.15789473684210525,0.5017820374211203,0.1429408711366791
54,4,0.21052631578947367,0.5016200154616469,0.21234472259970094
54,5,0.2631578947368421,0.36718110083585936,0.13743401369757538
54,6,0.3157894736842105,0.42673969346966495,0.3558150392324976
54,7,0.3684210526315789,0.44427016115078716,0.39710445378807524
54,8,0.42105263157894735,0.48113155981044636,0.1463228031134738
54,9,0.47368421052631576,0.48120886013385206,-0.006223989578703182
54,10,0.5263157894736842,0.4345680936084934,0.3163143323455553
54,11,0.5789473684210527,0.5624380231242254,0.14257156995757328
54,12,0.631578947368421,0.4271603793366388,0.1794933849784001
54,13,0.6842105263157894,0.4888485861826153,0.26351029960539163
54,14,0.7368421052631579,0.48693123146800626,0.08694707918779866
54,15,0.7894736842105263,0.35413110633478984,0.07057380159521781
54,16,0.8421052631578947,0.44562415217485113,0.23386460426868344
54,17,0.894736842105263,0.5053953996124678,0.3397373071529988
54,18,0.9473684210526315,0.41190409813169226,0.5044755255228613
54,19,1.0,0.47554066656099936,0.08610358485449625
55,0,0.0,0.514460284131139,0.2247155059351456
55,1,0.05263157894736842,0.47213647624220184,0.15971510433438257
55,2,0.10526315789473684,0.491173138236583,0.18396674468570143
55,3,0.15789473684210525,0.4086790116077532,0.1429408711366791
55,4,0.21052631578947367,0.39029946690971706,0.21234472259970094
55,5,0.2631578947368421,0.4925245088964823,0.13743401369757538
55,6,0.3157894736842105,0.38454611782534764,0.3558150392324976
55,7,0.3684210526315789,0.3912841829929342,0.39710445378807524
55,8,0.42105263157894735,0.4206846039390723,0.1463228031134738
55,9,0.47368421052631576,0.4711228182977174,-0.006223989578703182
55,10,0.5263157894736842,0.4774774360334673,0.3163143323455553
55,11,0.5789473684210527,0.43792127138687675,0.14257156995757328
55,12,0.631578947368421,0.5469167697104719,0.1794933849784001
55,13,0.6842105263157894,0.5009771710942711,0.26351029960539163
55,14,0.7368421052631579,0.3693356604773861,0.08694707918779866
55,15,0.7894736842105263,0.5318265703019295,0.07057380159521781
55,16,0.8421052631578947,0.5568557977575701,0.23386460426868344
55,17,0.894736842105263,0.5019940707768095,0.3397373071529988
55,18,0.9473684210526315,0.5793154847097475,0.5044755255228613
55,19,1.0,0.5510959242057908,0.08610358485449625
56,0,0.0,0.43817805633804363,0.2247155059351456
56,1,0.05263157894736842,0.496517008910686,0.15971510433438257
56,2,0.10526315789473684,0.5222277882635585,0.18396674468570143
56,3,0.15789473684210525,0.5013314949718229,0.1429408711366791
56,4,0.21052631578947367,0.4619562794990933,0.21234472259970094
56,5,0.2631578947368421,0.5495670479045285,0.13743401369757538
56,6,0.3157894736842105,0.548040391225675,0.3558150392324976
56,7,0.3684210526315789,0.6058033460583717,0.39710445378807524
56,8,0.42105263157894735,0.5404987960453408,0.1463228031134738
56,9,0.47368421052631576,0.5641762948682102,-0.006223989578703182
56,10,0.5263157894736842,0.5657984632787824,0.3163143323455553
56,11,0.5789473684210527,0.5923276127737188,0.14257156995757328
56,12,0.631578947368421,0.531688203166698,0.1794933849784001
56,13,0.6842105263157894,0.464446350184333,0.26351029960539163
56,14,0.7368421052631579,0.38548465693715,0.08694707918779866
56,15,0.7894736842105263,0.40249111781558355,0.07057380159521781
56,16,0.8421052631578947,0.5205417960046438,0.23386460426868344
56,17,0.894736842105263,0.4187004173876917,0.3397373071529988
56,18,0.9473684210526315,0.387545162376937,0.5044755255228613
56,19,1.0,0.48672565255782674,0.08610358485449625
57,0,0.0,0.4844895758685792,0.2247155059351456
57,1,0.05263157894736842,0.4065176720671822,0.15971510433438257
57,2,0.10526315789473684,0.4846839515102403,0.18396674468570143
57,3,0.15789473684210525,0.41292308067891537,0.1429408711366791
57,4,0.21052631578947367,0.38754336143750007,0.21234472259970094
57,5,0.2631578947368421,0.47819958830398807,0.13743401369757538
57,6,0.3157894736842105,0.5537638318925036,0.3558150392324976
57,7,0.3684210526315789,0.5017103569664524,0.39710445378807524
57,8,0.42105263157894735,0.5849420158746097,0.1463228031134738
57,9,0.47368421052631576,0.3948523051054388,-0.006223989578703182
57,10,0.5263157894736842,0.41043954962510903,0.3163143323455553
57,11,0.5789473684210527,0.49613969769311744,0.14257156995757328
57,12,0.631578947368421,0.5701944715262103,0.1794933849784001
57,13,0.6842105263157894,0.5054195357542308,0.26351029960539163
57,14,0.7368421052631579,0.5539339550687464,0.08694707918779866
57,15,0.7894736842105263,0.6010466435699149,0.07057380159521781
57,16,0.8421052631578947,0.5787414106881409,0.23386460426868344
57,17,0.894736842105263,0.45086457940806407,0.3397373071529988
57,18,0.9473684210526315,0.5704533239850789,0.5044755255228613
57,19,1.0,0.5695401785730828,0.08610358485449625
58,0,0.0,0.6245780116472825,0.2247155059351456
58,1,0.05263157894736842,0.5924596218352024,0.15971510433438257
58,2,0.10526315789473684,0.5359932862751146,0.18396674468570143
58,3,0.15789473684210525,0.5253076618630753,0.1429408711366791
58,4,0.21052631578947367,0.6301934489672717,0.21234472259970094
58,5,0.2631578947368421,0.4990056019683822,0.13743401369757538
58,6,0.3157894736842105,0.4332808897956423,0.3558150392324976
58,7,0.3684210526315789,0.5546370870868187,0.39710445378807524
58,8,0.42105263157894735,0.4908048609990167,0.1463228031134738
58,9,0.47368421052631576,0.5120022321465441,-0.006223989578703182
58,10,0.5263157894736842,0.5566913175050967,0.3163143323455553
58,11,0.5789473684210527,0.41635501082358345,0.14257156995757328
58,12,0.631578947368421,0.4374343249063531,0.1794933849784001
58,13,0.6842105263157894,0.4227149692527336,0.26351029960539163
58,14,0.7368421052631579,0.38247016380896487,0.08694707918779866
58,15,0.7894736842105263,0.47921194356030067,0.07057380159521781
58,16,0.8421052631578947,0.4670431348446936,0.23386460426868344
58,17,0.894736842105263,0.4731113070245995,0.3397373071529988
58,18,0.9473684210526315,0.49254861938543126,0.5044755255228613
58,19,1.0,0.44180128867179086,0.08610358485449625
59,0,0.0,0.47745326395417403,0.2247155059351456
59,1,0.05263157894736842,0.5933214613229598,0.15971510433438257
59,2,0.10526315789473684,0.5228945130203181,0.18396674468570143
59,3,0.15789473684210525,0.421267771402389,0.1429408711366791
59,4,0.21052631578947367,0.4541867361717468,0.21234472259970094
59,5,0.2631578947368421,0.4310725956605762,0.13743401369757538
59,6,0.3157894736842105,0.39153209167456965,0.3558150392324976
59,7,0.3684210526315789,0.4319824526651862,0.39710445378807524
59,8,0.42105263157894735,0.423685078691976,0.1463228031134738
59,9,0.47368421052631576,0.397817149241735,-0.006223989578703182
59,10,0.5263157894736842,0.43251506924792005,0.3163143323455553
59,11,0.5789473684210527,0.3425561132500759,0.14257156995757328
59,12,0.631578947368421,0.43608362831847525,0.1794933849784001
59,13,0.6842105263157894,0.4671782893007074,0.26351029960539163
59,14,0.7368421052631579,0.5006422618426823,0.08694707918779866
59,15,0.7894736842105263,0.5418176536776722,0.07057380159521781
59,16,0.8421052631578947,0.5133354391917805,0.23386460426868344
59,17,0.894736842105263,0.5654153154251416,0.3397373071529988
59,18,0.9473684210526315,0.6043129021875517,0.5044755255228613
59,19,1.0,0.5819100756687796,0.08610358485449625
60,0,0.0,0.4363087283871645,0.2247155059351456
60,1,0.05263157894736842,0.42873867268906984,0.15971510433438257
60,2,0.10526315789473684,0.43019456040418663,0.18396674468570143
60,3,0.15789473684210525,0.4704955414793232,0.1429408711366791
60,4,0.21052631578947367,0.5499915432885264,0.21234472259970094
60,5,0.2631578947368421,0.4624936202301939,0.13743401369757538
60,6,0.3157894736842105,0.556172457796151,0.3558150392324976
60,7,0.3684210526315789,0.536856375562609,0.39710445378807524
60,8,0.42105263157894735,0.5810270767843686,0.1463228031134738
60,9,0.47368421052631576,0.4733977222956175,-0.006223989578703182
60,10,0.5263157894736842,0.6132185370133512,0.3163143323455553
60,11,0.5789473684210527,0.5099946507496858,0.14257156995757328
60,12,0.631578947368421,0.5396111051783803,0.1794933849784001
60,13,0.6842105263157894,0.517199036250278,0.26351029960539163
60,14,0.7368421052631579,0.5677416423609954,0.08694707918779866
60,15,0.7894736842105263,0.5865288509646704,0.07057380159521781
60,16,0.8421052631578947,0.5153638660320381,0.23386460426868344
60,17,0.894736842105263,0.5314200967659539,0.3397373071529988
60,18,0.9473684210526315,0.5957593888211767,0.5044755255228613
60,19,1.0,0.5327758305972023,0.08610358485449625
61,0,0.0,0.6163023752934108,0.2247155059351456
61,1,0.05263157894736842,0.5499701861949151,0.15971510433438257
61,2,0.10526315789473684,0.6452411804518766,0.18396674468570143
61,3,0.15789473684210525,0.5693083615718418,0.1429408711366791
61,4,0.21052631578947367,0.5986044055484787,0.21234472259970094
61,5,0.2631578947368421,0.6408197656917054,0.13743401369757538
61,6,0.3157894736842105,0.5687759061215453,0.3558150392324976
61,7,0.3684210526315789,0.5018020770073057,0.39710445378807524
61,8,0.42105263157894735,0.4916077402881873,0.1463228031134738
61,9,0.47368421052631576,0.5002559055242793,-0.006223989578703182
61,10,0.5263157894736842,0.47441447202320636,0.3163143323455553
61,11,0.5789473684210527,0.4323833808345786,0.14257156995757328
61,12,0.631578947368421,0.4090361396610394,0.1794933849784001
61,13,0.6842105263157894,0.4680956122476052,0.26351029960539163
61,14,0.7368421052631579,0.3972448376502975,0.08694707918779866
61,15,0.7894736842105263,0.4525419138395158,0.07057380159521781
61,16,0.8421052631578947,0.42640213575831787,0.23386460426868344
61,17,0.894736842105263,0.4448975073596389,0.3397373071529988
61,18,0.9473684210526315,0.4712143592467863,0.5044755255228613
61,19,1.0,0.45067308981708615,0.08610358485449625
62,0,0.0,0.5954450091399246,0.2247155059351456
62,1,0.05263157894736842,0.47197789527021994,0.15971510433438257
62,2,0.10526315789473684,0.4521404835892907,0.18396674468570143
62,3,0.15789473684210525,0.416663187995351,0.1429408711366791
62,4,0.21052631578947367,0.4379669481217647,0.21234472259970094
62,5,0.2631578947368421,0.46192691671791036,0.13743401369757538
62,6,0.3157894736842105,0.3669308176126406,0.3558150392324976
62,7,0.3684210526315789,0.503077157975003,0.39710445378807524
62,8,0.42105263157894735,0.4682745427136323,0.1463228031134738
62,9,0.47368421052631576,0.42341173485392836,-0.006223989578703182
62,10,0.5263157894736842,0.4866051431086996,0.3163143323455553
62,11,0.5789473684210527,0.521182419892136,0.14257156995757328
62,12,0.631578947368421,0.5664622352172453,0.1794933849784001
62,13,0.6842105263157894,0.4628963874515018,0.26351029960539163
62,14,0.7368421052631579,0.4118323780132856,0.08694707918779866
62,15,0.7894736842105263,0.33724257597494767,0.07057380159521781
62,16,0.8421052631578947,0.42806124498926756,0.23386460426868344
62,17,0.894736842105263,0.4627121808171923,0.3397373071529988
62,18,0.9473684210526315,0.3863914504832584,0.5044755255228613
62,19,1.0,0.46525894719963073,0.08610358485449625
63,0,0.0,0.5797847234093161,0.2247155059351456
63,1,0.05263157894736842,0.44451005918322184,0.15971510433438257
63,2,0.10526315789473684,0.3646375860116015,0.18396674468570143
63,3,0.15789473684210525,0.5627712039259556,0.1429408711366791
63,4,0.21052631578947367,0.4430415607199871,0.21234472259970094
63,5,0.2631578947368421,0.48697945247736724,0.13743401369757538
63,6,0.3157894736842105,0.4548155268816527,0.3558150392324976
63,7,0.3684210526315789,0.4838862609102928,0.39710445378807524
63,8,0.42105263157894735,0.4953157103256642,0.1463228031134738
63,9,0.47368421052631576,0.4191597609849542,-0.006223989578703182
63,10,0.5263157894736842,0.46859570341253415,0.3163143323455553
63,11,0.5789473684210527,0.46292590344841844,0.14257156995757328
63,12,0.631578947368421,0.38136479082632774,0.1794933849784001
63,13,0.6842105263157894,0.4017656933009542,0.26351029960539163
63,14,0.7368421052631579,0.4930537359929863,0.08694707918779866
63,15,0.7894736842105263,0.42216605349917696,0.07057380159521781
63,16,0.8421052631578947,0.5793186674462041,0.23386460426868344
63,17,0.894736842105263,0.4780928404872666,0.3397373071529988
63,18,0.9473684210526315,0.48256790814487677,0.5044755255228613
63,19,1.0,0.5262551397108771,0.08610358485449625
64,0,0.0,0.4718779527935712,0.2247155059351456
64,1,0.05263157894736842,0.5219970178056755,0.15971510433438257
64,2,0.10526315789473684,0.4624328377697771,0.18396674468570143
64,3,0.15789473684210525,0.49819109010925344,0.1429408711366791
64,4,0.21052631578947367,0.4559497538274302,0.21234472259970094
64,5,0.2631578947368421,0.4289155615122281,0.13743401369757538
64,6,0.3157894736842105,0.33118086425587095,0.3558150392324976
64,7,0.3684210526315789,0.4147986681616942,0.39710445378807524
64,8,0.42105263157894735,0.5232531637061513,0.1463228031134738
64,9,0.47368421052631576,0.46723115443869956,-0.006223989578703182
64,10,0.5263157894736842,0.42263331491195316,0.3163143323455553
64,11,0.5789473684210527,0.4074793530321534,0.14257156995757328
64,12,0.631578947368421,0.45690413906727195,0.1794933849784001
64,13,0.6842105263157894,0.5005308085600089,0.26351029960539163
64,14,0.7368421052631579,0.49239331364498756,0.08694707918779866
64,15,0.7894736842105263,0.36689213731687265,0.07057380159521781
64,16,0.8421052631578947,0.5051356108684655,0.23386460426868344
64,17,0.894736842105263,0.5454662268980427,0.3397373071529988
64,18,0.9473684210526315,0.4748511015034907,0.5044755255228613
64,19,1.0,0.5064325210090457,0.08610358485449625
65,0,0.0,0.5137991934709748,0.2247155059351456
65,1,0.05263157894736842,0.44904733718502443,0.15971510433438257
65,2,0.10526315789473684,0.4145861306452068,0.18396674468570143
65,3,0.15789473684210525,0.5446621323997562,0.1429408711366791
65,4,0.21052631578947367,0.5493754775306007,0.21234472259970094
65,5,0.2631578947368421,0.441834333782131,0.13743401369757538
65,6,0.3157894736842105,0.6155981262112792,0.3558150392324976
65,7,0.3684210526315789,0.5906048258742537,0.39710445378807524
65,8,0.42105263157894735,0.6423781773433183,0.1463228031134738
65,9,0.47368421052631576,0.5566122611886269,-0.006223989578703182
65,10,0.5263157894736842,0.580709775264506,0.3163143323455553
65,11,0.5789473684210527,0.5136327491487361,0.14257156995757328
65,12,0.631578947368421,0.6053509120689403,0.1794933849784001
65,13,0.6842105263157894,0.6480966937737404,0.26351029960539163
65,14,0.7368421052631579,0.5796694737597019,0.08694707918779866
65,15,0.7894736842105263,0.5328022543978393,0.07057380159521781
65,16,0.8421052631578947,0.4931073656209336,0.23386460426868344
65,17,0.894736842105263,0.5194678534572286,0.3397373071529988
65,18,0.9473684210526315,0.5501638522066348,0.5044755255228613
65,19,1.0,0.47130229390511774,0.08610358485449625
66,0,0.0,0.4221500676625026,0.2247155059351456
66,1,0.05263157894736842,0.5504884163210214,0.15971510433438257
66,2,0.10526315789473684,0.5348914206548657,0.18396674468570143
66,3,0.15789473684210525,0.5506992922615396,0.1429408711366791
66,4,0.21052631578947367,0.4895530764330479,0.21234472259970094
66,5,0.2631578947368421,0.636623375125702,0.13743401369757538
66,6,0.3157894736842105,0.6416511885043978,0.3558150392324976
66,7,0.3684210526315789,0.5496370518897202,0.39710445378807524
66,8,0.42105263157894735,0.5546299133146652,0.1463228031134738
66,9,0.47368421052631576,0.5520169772368637,-0.006223989578703182
66,10,0.5263157894736842,0.5265597054808365,0.3163143323455553
66,11,0.5789473684210527,0.5031870643573895,0.14257156995757328
66,12,0.631578947368421,0.5141541699172298,0.1794933849784001
66,13,0.6842105263157894,0.5739676651814732,0.26351029960539163
66,14,0.7368421052631579,0.46472580046404105,0.08694707918779866
66,15,0.7894736842105263,0.4384983897344953,0.07057380159521781
66,16,0.8421052631578947,0.4988981813641416,0.23386460426868344
66,17,0.894736842105263,0.39041755315517784,0.3397373071529988
66,18,0.9473684210526315,0.44757615682213103,0.5044755255228613
66,19,1.0,0.46620156042345634,0.08610358485449625
67,0,0.0,0.559189084757645,0.2247155059351456
67,1,0.05263157894736842,0.6040341659213766,0.15971510433438257
67,2,0.10526315789473684,0.6743275067822131,0.18396674468570143
67,3,0.15789473684210525,0.48863179204835777,0.1429408711366791
67,4,0.21052631578947367,0.5284813733421575,0.21234472259970094
67,5,0.2631578947368421,0.5155862071622535,0.13743401369757538
67,6,0.3157894736842105,0.5127879858042288,0.3558150392324976
67,7,0.3684210526315789,0.5928827808756083,0.39710445378807524
67,8,0.42105263157894735,0.4930181902509755,0.1463228031134738
67,9,0.47368421052631576,0.5650329887081444,-0.006223989578703182
67,10,0.5263157894736842,0.5131387381359861,0.3163143323455553
67,11,0.5789473684210527,0.5386323461960574,0.14257156995757328
67,12,0.631578947368421,0.5289029810523784,0.1794933849784001
67,13,0.6842105263157894,0.5738067393273859,0.26351029960539163
67,14,0.7368421052631579,0.5176390542426904,0.08694707918779866
67,15,0.7894736842105263,0.5491481500147412,0.07057380159521781
67,16,0.8421052631578947,0.5109524623329692,0.23386460426868344
67,17,0.894736842105263,0.46149644607520374,0.3397373071529988
67,18,0.9473684210526315,0.5268106535212248,0.5044755255228613
67,19,1.0,0.43236563058710475,0.08610358485449625
68,0,0.0,0.2802813712734212,0.2247155059351456
68,1,0.05263157894736842,0.4274999939146956,0.15971510433438257
68,2,0.10526315789473684,0.5173931743998931,0.18396674468570143
68,3,0.15789473684210525,0.4771033673064839,0.1429408711366791
68,4,0.21052631578947367,0.4573405420566179,0.21234472259970094
68,5,0.2631578947368421,0.5029769309629684,0.13743401369757538
68,6,0.3157894736842105,0.4521561090036839,0.3558150392324976
68,7,0.3684210526315789,0.4823676888362886,0.39710445378807524
68,8,0.42105263157894735,0.5569372493640397,0.1463228031134738
68,9,0.47368421052631576,0.46764092396390694,-0.006223989578703182
68,10,0.5263157894736842,0.5059818977504051,0.3163143323455553
68,11,0.5789473684210527,0.5369480325578175,0.14257156995757328
68,12,0.631578947368421,0.5179118515567952,0.1794933849784001
68,13,0.6842105263157894,0.5761050664516042,0.26351029960539163
68,14,0.7368421052631579,0.49643375753571994,0.08694707918779866
68,15,0.7894736842105263,0.5455850411085815,0.07057380159521781
68,16,0.8421052631578947,0.5202850777493984,0.23386460426868344
68,17,0.894736842105263,0.5308631331895404,0.3397373071529988
68,18,0.9473684210526315,0.5758566987729287,0.5044755255228613
68,19,1.0,0.6395559903794227,0.08610358485449625
69,0,0.0,0.4576356386152158,0.2247155059351456
69,1,0.05263157894736842,0.5284998697114999,0.15971510433438257
69,2,0.10526315789473684,0.5067095198326175,0.18396674468570143
69,3,0.15789473684210525,0.5320651929533969,0.1429408711366791
69,4,0.21052631578947367,0.5102611256233431,0.21234472259970094
69,5,0.2631578947368421,0.5583099260409934,0.13743401369757538
69,6,0.3157894736842105,0.5506103504702332,0.3558150392324976
69,7,0.3684210526315789,0.5201046298347957,0.39710445378807524
69,8,0.42105263157894735,0.5179447752550005,0.1463228031134738
69,9,0.47368421052631576,0.5984784277648821,-0.006223989578703182
69,10,0.5263157894736842,0.5967279356119869,0.3163143323455553
69,11,0.5789473684210527,0.4604121090540896,0.14257156995757328
69,12,0.631578947368421,0.583785561068749,0.1794933849784001
69,13,0.6842105263157894,0.5318780376592623,0.26351029960539163
69,14,0.7368421052631579,0.6064459796603162,0.08694707918779866
69,15,0.7894736842105263,0.5468153938803008,0.07057380159521781
69,16,0.8421052631578947,0.5572399334068648,0.23386460426868344
69,17,0.894736842105263,0.5831432656834025,0.3397373071529988
69,18,0.9473684210526315,0.5348191452832135,0.5044755255228613
69,19,1.0,0.5779302165495915,0.08610358485449625
70,0,0.0,0.5029201665834429,0.2247155059351456
70,1,0.05263157894736842,0.49575983077578234,0.15971510433438257
70,2,0.10526315789473684,0.43328646008936916,0.18396674468570143
70,3,0.15789473684210525,0.40628301958325924,0.1429408711366791
70,4,0.21052631578947367,0.3470952077467387,0.21234472259970094
70,5,0.2631578947368421,0.4997966723351163,0.13743401369757538
70,6,0.3157894736842105,0.5062708930202802,0.3558150392324976
70,7,0.3684210526315789,0.41755878236713784,0.39710445378807524
70,8,0.42105263157894735,0.4820536834280304,0.1463228031134738
70,9,0.47368421052631576,0.5562878913044031,-0.006223989578703182
70,10,0.5263157894736842,0.46492472967197107,0.3163143323455553
70,11,0.5789473684210527,0.4653953890234767,0.14257156995757328
70,12,0.631578947368421,0.5037658062937573,0.1794933849784001
70,13,0.6842105263157894,0.47166242358208665,0.26351029960539163
70,14,0.7368421052631579,0.6065331566738708,0.08694707918779866
70,15,0.7894736842105263,0.4935488509633742,0.07057380159521781
70,16,0.8421052631578947,0.5317435306088176,0.23386460426868344
70,17,0.894736842105263,0.6151343068664393,0.3397373071529988
70,18,0.9473684210526315,0.6366760777363598,0.5044755255228613
70,19,1.0,0.5210500681411088,0.08610358485449625
71,0,0.0,0.5832315171937503,0.2247155059351456
71,1,0.05263157894736842,0.4859864048932297,0.15971510433438257
71,2,0.10526315789473684,0.4659554300888933,0.18396674468570143
71,3,0.15789473684210525,0.5813738838328284,0.1429408711366791
71,4,0.21052631578947367,0.6010968567015191,0.21234472259970094
71,5,0.2631578947368421,0.48172633128796516,0.13743401369757538
71,6,0.3157894736842105,0.5864816733680174,0.3558150392324976
71,7,0.3684210526315789,0.5787599376366565,0.39710445378807524
71,8,0.42105263157894735,0.5178624754530438,0.1463228031134738
71,9,0.47368421052631576,0.6062668105753911,-0.006223989578703182
71,10,0.5263157894736842,0.47723792710888535,0.3163143323455553
71,11,0.5789473684210527,0.471138519008052,0.14257156995757328
71,12,0.631578947368421,0.5554289435857238,0.1794933849784001
71,13,0.6842105263157894,0.4856456100607335,0.26351029960539163
71,14,0.7368421052631579,0.4408491269606398,0.08694707918779866
71,15,0.7894736842105263,0.4606298496863239,0.07057380159521781
71,16,0.8421052631578947,0.33752455523485153,0.23386460426868344
71,17,0.894736842105263,0.4032286031072523,0.3397373071529988
71,18,0.9473684210526315,0.5210430952075047,0.5044755255228613
71,19,1.0,0.4015870689136519,0.08610358485449625
72,0,0.0,0.5354193383048924,0.2247155059351456
72,1,0.05263157894736842,0.5911779106360295,0.15971510433438257
72,2,0.10526315789473684,0.5733470436848976,0.18396674468570143
72,3,0.15789473684210525,0.542989753889408,0.1429408711366791
72,4,0.21052631578947367,0.5443772624384385,0.21234472259970094
72,5,0.2631578947368421,0.43765955892255193,0.13743401369757538
72,6,0.3157894736842105,0.5964509683492366,0.3558150392324976
72,7,0.3684210526315789,0.4787316539745307,0.39710445378807524
72,8,0.42105263157894735,0.5165209888550429,0.1463228031134738
72,9,0.47368421052631576,0.49431078352712965,-0.006223989578703182
72,10,0.5263157894736842,0.5615461652527421,0.3163143323455553
72,11,0.5789473684210527,0.4685744758785216,0.14257156995757328
72,12,0.631578947368421,0.43841993086655195,0.1794933849784001
72,13,0.6842105263157894,0.4837271984991317,0.26351029960539163
72,14,0.7368421052631579,0.4299788258988642,0.08694707918779866
72,15,0.7894736842105263,0.48619298644066067,0.07057380159521781
72,16,0.8421052631578947,0.45633277680963963,0.23386460426868344
72,17,0.894736842105263,0.4097345332757128,0.3397373071529988
72,18,0.9473684210526315,0.3527299741009028,0.5044755255228613
72,19,1.0,0.48085076127226334,0.08610358485449625
73,0,0.0,0.489228380885938,0.2247155059351456
73,1,0.05263157894736842,0.513217194790066,0.15971510433438257
73,2,0.10526315789473684,0.3648572401163785,0.18396674468570143
73,3,0.15789473684210525,0.43893527763893936,0.1429408711366791
73,4,0.21052631578947367,0.45988441287132314,0.21234472259970094
73,5,0.2631578947368421,0.449463629604482,0.13743401369757538
73,6,0.3157894736842105,0.40013944215699365,0.3558150392324976
73,7,0.3684210526315789,0.39595677839029697,0.39710445378807524
73,8,0.42105263157894735,0.49519434440447035,0.1463228031134738
73,9,0.47368421052631576,0.4554274408221427,-0.006223989578703182
73,10,0.5263157894736842,0.4550843209576467,0.3163143323455553
73,11,0.5789473684210527,0.46955714745085586,0.14257156995757328
73,12,0.631578947368421,0.5666778744165857,0.1794933849784001
73,13,0.6842105263157894,0.561822814568588,0.26351029960539163
73,14,0.7368421052631579,0.6004976100659623,0.08694707918779866
73,15,0.7894736842105263,0.6540341962203148,0.07057380159521781
73,16,0.8421052631578947,0.45772054022913977,0.23386460426868344
73,17,0.894736842105263,0.599782448482076,0.3397373071529988
73,18,0.9473684210526315,0.6771920625920679,0.5044755255228613
73,19,1.0,0.554062425242999,0.08610358485449625
74,0,0.0,0.4356935195710575,0.2247155059351456
74,1,0.05263157894736842,0.42644944758692227,0.15971510433438257
74,2,0.10526315789473684,0.46542749539886163,0.18396674468570143
74,3,0.15789473684210525,0.44505726495566916,0.1429408711366791
74,4,0.21052631578947367,0.4689046647357993,0.21234472259970094
74,5,0.2631578947368421,0.46259451340156027,0.13743401369757538
74,6,0.3157894736842105,0.34874029433253373,0.3558150392324976
74,7,0.3684210526315789,0.44897375393826233,0.39710445378807524
74,8,0.42105263157894735,0.4684875664427328,0.1463228031134738
74,9,0.47368421052631576,0.5336711238002132,-0.006223989578703182
74,10,0.5263157894736842,0.47067206275522383,0.3163143323455553
74,11,0.5789473684210527,0.48776511819611545,0.14257156995757328
74,12,0.631578947368421,0.49768803556116376,0.1794933849784001
74,13,0.6842105263157894,0.4593535227860997,0.26351029960539163
74,14,0.7368421052631579,0.48431423700116233,0.08694707918779866
74,15,0.7894736842105263,0.3951128545138281,0.07057380159521781
74,16,0.8421052631578947,0.5638058675992649,0.23386460426868344
74,17,0.894736842105263,0.4607184682149277,0.3397373071529988
74,18,0.9473684210526315,0.4525653875829962,0.5044755255228613
74,19,1.0,0.542413240669317,0.08610358485449625
75,0,0.0,0.3620201606314311,0.2247155059351456
75,1,0.05263157894736842,0.487649995484708,0.15971510433438257
75,2,0.10526315789473684,0.44982297369937385,0.18396674468570143
75,3,0.15789473684210525,0.3996558647411285,0.1429408711366791
75,4,0.21052631578947367,0.5417623705643977,0.21234472259970094
75,5,0.2631578947368421,0.44052673264840553,0.13743401369757538
75,6,0.3157894736842105,0.44982092007323515,0.3558150392324976
75,7,0.3684210526315789,0.5196669398713989,0.39710445378807524
75,8,0.42105263157894735,0.5051000468285377,0.1463228031134738
75,9,0.47368421052631576,0.4874050202993874,-0.006223989578703182
75,10,0.5263157894736842,0.4538106709492377,0.3163143323455553
75,11,0.5789473684210527,0.4320553597000604,0.14257156995757328
75,12,0.631578947368421,0.4877977057314031,0.1794933849784001
75,13,0.6842105263157894,0.42367747462453464,0.26351029960539163
75,14,0.7368421052631579,0.5009087908099086,0.08694707918779866
75,15,0.7894736842105263,0.5400933539350489,0.07057380159521781
75,16,0.8421052631578947,0.4849076385610874,0.23386460426868344
75,17,0.894736842105263,0.4752502264896116,0.3397373071529988
75,18,0.9473684210526315,0.4824883818967124,0.5044755255228613
75,19,1.0,0.46055295063578894,0.08610358485449625
76,0,0.0,0.4090699314533654,0.2247155059351456
76,1,0.05263157894736842,0.5012279705448269,0.15971510433438257
76,2,0.10526315789473684,0.5577180207492686,0.18396674468570143
76,3,0.15789473684210525,0.5618712637728149,0.1429408711366791
76,4,0.21052631578947367,0.5807376226962865,0.21234472259970094
76,5,0.2631578947368421,0.5308273541906872,0.13743401369757538
76,6,0.3157894736842105,0.6814903561455949,0.3558150392324976
76,7,0.3684210526315789,0.5264239532027105,0.39710445378807524
76,8,0.42105263157894735,0.639839552483813,0.1463228031134738
76,9,0.47368421052631576,0.5780997050751525,-0.006223989578703182
76,10,0.5263157894736842,0.5494161298082635,0.3163143323455553
76,11,0.5789473684210527,0.530379490096459,0.14257156995757328
76,12,0.631578947368421,0.5218685970828845,0.1794933849784001
76,13,0.6842105263157894,0.5444470708795817,0.26351029960539163
76,14,0.7368421052631579,0.5084944996656311,0.08694707918779866
76,15,0.7894736842105263,0.4453636209295649,0.07057380159521781
76,16,0.8421052631578947,0.36667710852728075,0.23386460426868344
76,17,0.894736842105263,0.48283175136117035,0.3397373071529988
76,18,0.9473684210526315,0.46756728183525753,0.5044755255228613
76,19,1.0,0.4596868594423289,0.08610358485449625
77,0,0.0,0.5187030367139306,0.2247155059351456
77,1,0.05263157894736842,0.562872948569579,0.15971510433438257
77,2,0.10526315789473684,0.4619168659101003,0.18396674468570143
77,3,0.15789473684210525,0.6058964089009509,0.1429408711366791
77,4,0.21052631578947367,0.4848648038837439,0.21234472259970094
77,5,0.2631578947368421,0.5442003688150471,0.13743401369757538
77,6,0.3157894736842105,0.5850124040016524,0.3558150392324976
77,7,0.3684210526315789,0.5457544154429713,0.39710445378807524
77,8,0.42105263157894735,0.6155207737664382,0.1463228031134738
77,9,0.47368421052631576,0.6035126337204255,-0.006223989578703182
77,10,0.5263157894736842,0.48442004387353116,0.3163143323455553
77,11,0.5789473684210527,0.4352990236917816,0.14257156995757328
77,12,0.631578947368421,0.5175775603059907,0.1794933849784001
77,13,0.6842105263157894,0.5532245041523515,0.26351029960539163
77,14,0.7368421052631579,0.41577440091852147,0.08694707918779866
77,15,0.7894736842105263,0.42618604976067404,0.07057380159521781
77,16,0.8421052631578947,0.4368331992964903,0.23386460426868344
77,17,0.894736842105263,0.6370504051011605,0.3397373071529988
77,18,0.9473684210526315,0.39428710902177244,0.5044755255228613
77,19,1.0,0.46169488136164,0.08610358485449625
78,0,0.0,0.5468560891341943,0.2247155059351456
78,1,0.05263157894736842,0.4907402266032575,0.15971510433438257
78,2,0.10526315789473684,0.48593814256466683,0.18396674468570143
78,3,0.15789473684210525,0.5799922447656602,0.1429408711366791
78,4,0.21052631578947367,0.5165029922137895,0.21234472259970094
78,5,0.2631578947368421,0.5351975048971371,0.13743401369757538
78,6,0.3157894736842105,0.48951124959795067,0.3558150392324976
78,7,0.3684210526315789,0.5310985806673311,0.39710445378807524
78,8,0.42105263157894735,0.5758666769264231,0.1463228031134738
78,9,0.47368421052631576,0.558049492104662,-0.006223989578703182
78,10,0.5263157894736842,0.5389166169707588,0.3163143323455553
78,11,0.5789473684210527,0.6127903066408859,0.14257156995757328
78,12,0.631578947368421,0.5138840250541163,0.1794933849784001
78,13,0.6842105263157894,0.5098633834724227,0.26351029960539163
78,14,0.7368421052631579,0.5721968345254927,0.08694707918779866
78,15,0.7894736842105263,0.4918041282163545,0.07057380159521781
78,16,0.8421052631578947,0.41007573354046584,0.23386460426868344
78,17,0.894736842105263,0.4729917083246349,0.3397373071529988
78,18,0.9473684210526315,0.465997568861365,0.5044755255228613
78,19,1.0,0.5194961415911385,0.08610358485449625
79,0,0.0,0.4582090868068267,0.2247155059351456
79,1,0.05263157894736842,0.46759891723439395,0.15971510433438257
79,2,0.10526315789473684,0.4312112675008457,0.18396674468570143
79,3,0.15789473684210525,0.5553695008178401,0.1429408711366791
79,4,0.21052631578947367,0.5095272276439015,0.21234472259970094
79,5,0.2631578947368421,0.5401522960642986,0.13743401369757538
79,6,0.3157894736842105,0.5335837229067915,0.3558150392324976
79,7,0.3684210526315789,0.5279710617629453,0.39710445378807524
79,8,0.42105263157894735,0.5528547754526278,0.1463228031134738
79,9,0.47368421052631576,0.6403160614192075,-0.006223989578703182
79,10,0.5263157894736842,0.5851881420313698,0.3163143323455553
79,11,0.5789473684210527,0.6190672706017298,0.14257156995757328
79,12,0.631578947368421,0.5993621212379971,0.1794933849784001
79,13,0.6842105263157894,0.5347013603473495,0.26351029960539163
79,14,0.7368421052631579,0.5400151019678412,0.08694707918779866
79,15,0.7894736842105263,0.6328449470016109,0.07057380159521781
79,16,0.8421052631578947,0.49679626226541157,0.23386460426868344
79,17,0.894736842105263,0.511780310362912,0.3397373071529988
79,18,0.9473684210526315,0.5948325024824141,0.5044755255228613
79,19,1.0,0.4984361278439604,0.08610358485449625
80,0,0.0,0.6168162425064168,0.2247155059351456
80,1,0.05263157894736842,0.5212344996008754,0.15971510433438257
80,2,0.10526315789473684,0.569566029646664,0.18396674468570143
80,3,0.15789473684210525,0.5432684751354687,0.1429408711366791
80,4,0.21052631578947367,0.6021804770610129,0.21234472259970094
80,5,0.2631578947368421,0.5322126040114418,0.13743401369757538
80,6,0.3157894736842105,0.5399412786925996,0.3558150392324976
80,7,0.3684210526315789,0.43937927573159874,0.39710445378807524
80,8,0.42105263157894735,0.44780009387797026,0.1463228031134738
80,9,0.47368421052631576,0.3837023837418267,-0.006223989578703182
80,10,0.5263157894736842,0.44198067775726035,0.3163143323455553
80,11,0.5789473684210527,0.43167504668341206,0.14257156995757328
80,12,0.631578947368421,0.4261514516843782,0.1794933849784001
80,13,0.6842105263157894,0.5231303003212133,0.26351029960539163
80,14,0.7368421052631579,0.468443077343347,0.08694707918779866
80,15,0.7894736842105263,0.40904416966372587,0.07057380159521781
80,16,0.8421052631578947,0.4421699725442897,0.23386460426868344
80,17,0.894736842105263,0.40088347393639684,0.3397373071529988
80,18,0.9473684210526315,0.5560637750419501,0.5044755255228613
80,19,1.0,0.5640228264289289,0.08610358485449625
81,0,0.0,0.3627332992805146,0.2247155059351456
81,1,0.05263157894736842,0.43318487199728734,0.15971510433438257
81,2,0.10526315789473684,0.4167729325727064,0.18396674468570143
81,3,0.15789473684210525,0.5052657375534639,0.1429408711366791
81,4,0.21052631578947367,0.4029616171209076,0.21234472259970094
81,5,0.2631578947368421,0.47530461999739815,0.13743401369757538
81,6,0.3157894736842105,0.4029519553756701,0.3558150392324976
81,7,0.3684210526315789,0.45789611265143676,0.39710445378807524
81,8,0.42105263157894735,0.4938033555877572,0.1463228031134738
81,9,0.47368421052631576,0.49132148569647893,-0.006223989578703182
81,10,0.5263157894736842,0.6230309001198538,0.3163143323455553
81,11,0.5789473684210527,0.5286549864175677,0.14257156995757328
81,12,0.631578947368421,0.6012772702681641,0.1794933849784001
81,13,0.6842105263157894,0.5917237704479497,0.26351029960539163
81,14,0.7368421052631579,0.651804224048566,0.08694707918779866
81,15,0.7894736842105263,0.49551509416130923,0.07057380159521781
81,16,0.8421052631578947,0.673790165861325,0.23386460426868344
81,17,0.894736842105263,0.5977483544778459,0.3397373071529988
81,18,0.9473684210526315,0.553750216751082,0.5044755255228613
81,19,1.0,0.5454966344284502,0.08610358485449625
82,0,0.0,0.5037055143008173,0.2247155059351456
82,1,0.05263157894736842,0.46563785621195064,0.15971510433438257
82,2,0.10526315789473684,0.5282796878067291,0.18396674468570143
82,3,0.15789473684210525,0.390096891989193,0.1429408711366791
82,4,0.21052631578947367,0.45665630633948245,0.21234472259970094
82,5,0.2631578947368421,0.45092479474850855,0.13743401369757538
82,6,0.3157894736842105,0.3987208517930454,0.3558150392324976
82,7,0.3684210526315789,0.4802692691566586,0.39710445378807524
82,8,0.42105263157894735,0.5307404566153306,0.1463228031134738
82,9,0.47368421052631576,0.449870482794081,-0.006223989578703182
82,10,0.5263157894736842,0.5017664624135018,0.3163143323455553
82,11,0.5789473684210527,0.6376410200847097,0.14257156995757328
82,12,0.631578947368421,0.4945687922430709,0.1794933849784001
82,13,0.6842105263157894,0.5540461384827138,0.26351029960539163
82,14,0.7368421052631579,0.4550084946749223,0.08694707918779866
82,15,0.7894736842105263,0.5472535608397493,0.07057380159521781
82,16,0.8421052631578947,0.4867968146999815,0.23386460426868344
82,17,0.894736842105263,0.4150508488126138,0.3397373071529988
82,18,0.9473684210526315,0.4957536576667232,0.5044755255228613
82,19,1.0,0.5374778599585569,0.08610358485449625
83,0,0.0,0.4560333574139529,0.2247155059351456
83,1,0.05263157894736842,0.5310017376934405,0.15971510433438257
83,2,0.10526315789473684,0.5459563552702192,0.18396674468570143
83,3,0.15789473684210525,0.5313204615768758,0.1429408711366791
83,4,0.21052631578947367,0.43588106692054507,0.21234472259970094
83,5,0.2631578947368421,0.4852660716100401,0.13743401369757538
83,6,0.3157894736842105,0.5156582668594295,0.3558150392324976
83,7,0.3684210526315789,0.5641820539490532,0.39710445378807524
83,8,0.42105263157894735,0.5853783317405078,0.1463228031134738
83,9,0.47368421052631576,0.5694948103249555,-0.006223989578703182
83,10,0.5263157894736842,0.5258967650617127,0.3163143323455553
83,11,0.5789473684210527,0.5956160689737243,0.14257156995757328
83,12,0.631578947368421,0.5572982761291495,0.1794933849784001
83,13,0.6842105263157894,0.5921790100338595,0.26351029960539163
83,14,0.7368421052631579,0.6336303591471124,0.08694707918779866
83,15,0.7894736842105263,0.6053571640330481,0.07057380159521781
83,16,0.8421052631578947,0.5244247259677829,0.23386460426868344
83,17,0.894736842105263,0.521734762897567,0.3397373071529988
83,18,0.9473684210526315,0.5890621988914179,0.5044755255228613
83,19,1.0,0.5111252902926853,0.08610358485449625
84,0,0.0,0.4017973072986635,0.2247155059351456
84,1,0.05263157894736842,0.4522391041701047,0.15971510433438257
84,2,0.10526315789473684,0.6063110497653733,0.18396674468570143
84,3,0.15789473684210525,0.5802925450252682,0.1429408711366791
84,4,0.21052631578947367,0.5205873574788725,0.21234472259970094
84,5,0.2631578947368421,0.4931884105150821,0.13743401369757538
84,6,0.3157894736842105,0.5051819959736975,0.3558150392324976
84,7,0.3684210526315789,0.466791957209143,0.39710445378807524
84,8,0.42105263157894735,0.5598311465771023,0.1463228031134738
84,9,0.47368421052631576,0.5865101822881384,-0.006223989578703182
84,10,0.5263157894736842,0.606163882991591,0.3163143323455553
84,11,0.5789473684210527,0.5309038419157753,0.14257156995757328
84,12,0.631578947368421,0.5729244075634295,0.1794933849784001
84,13,0.6842105263157894,0.5629278099171886,0.26351029960539163
84,14,0.7368421052631579,0.4441309547472704,0.08694707918779866
84,15,0.7894736842105263,0.5927831646123444,0.07057380159521781
84,16,0.8421052631578947,0.5132266858044429,0.23386460426868344
84,17,0.894736842105263,0.58269278325087,0.3397373071529988
84,18,0.9473684210526315,0.4870193098693111,0.5044755255228613
84,19,1.0,0.5149693954967604,0.08610358485449625
85,0,0.0,0.5746940524133249,0.2247155059351456
85,1,0.05263157894736842,0.6389684507407485,0.15971510433438257
85,2,0.10526315789473684,0.5000217180227458,0.18396674468570143
85,3,0.15789473684210525,0.5984186133675711,0.1429408711366791
85,4,0.21052631578947367,0.5721902371689525,0.21234472259970094
85,5,0.2631578947368421,0.6243674410659016,0.13743401369757538
85,6,0.3157894736842105,0.5942896286495892,0.3558150392324976
85,7,0.3684210526315789,0.6252077053493894,0.39710445378807524
85,8,0.42105263157894735,0.6403501272772396,0.1463228031134738
85,9,0.47368421052631576,0.5768014591322023,-0.006223989578703182
85,10,0.5263157894736842,0.5319566112265989,0.3163143323455553
85,11,0.5789473684210527,0.5248778527520587,0.14257156995757328
85,12,0.631578947368421,0.49260559420242384,0.1794933849784001
85,13,0.6842105263157894,0.5242826753720257,0.26351029960539163
85,14,0.7368421052631579,0.4599059052274951,0.08694707918779866
85,15,0.7894736842105263,0.48350811673640387,0.07057380159521781
85,16,0.8421052631578947,0.508912747668584,0.23386460426868344
85,17,0.894736842105263,0.5309940463331027,0.3397373071529988
85,18,0.9473684210526315,0.4792477184716342,0.5044755255228613
85,19,1.0,0.39903040019635333,0.08610358485449625
86,0,0.0,0.4618575794216021,0.2247155059351456
86,1,0.05263157894736842,0.36024752138104943,0.15971510433438257
86,2,0.10526315789473684,0.4218940630439026,0.18396674468570143
86,3,0.15789473684210525,0.48282861458671833,0.1429408711366791
86,4,0.21052631578947367,0.3401996269615741,0.21234472259970094
86,5,0.2631578947368421,0.4188987976112227,0.13743401369757538
86,6,0.3157894736842105,0.48944690033684524,0.3558150392324976
86,7,0.3684210526315789,0.4689419294345416,0.39710445378807524
86,8,0.42105263157894735,0.51423596410928,0.1463228031134738
86,9,0.47368421052631576,0.5175071998369642,-0.006223989578703182
86,10,0.5263157894736842,0.5530839166099569,0.3163143323455553
86,11,0.5789473684210527,0.5773973967622315,0.14257156995757328
86,12,0.631578947368421,0.3774754172112825,0.1794933849784001
86,13,0.6842105263157894,0.6164672621816067,0.26351029960539163
86,14,0.7368421052631579,0.6389004965545685,0.08694707918779866
86,15,0.7894736842105263,0.4722630962324398,0.07057380159521781
86,16,0.8421052631578947,0.46825122069039804,0.23386460426868344
86,17,0.894736842105263,0.6073759970017283,0.3397373071529988
86,18,0.9473684210526315,0.532111967313487,0.5044755255228613
86,19,1.0,0.6014455595298754,0.08610358485449625
87,0,0.0,0.3893538146575106,0.2247155059351456
87,1,0.05263157894736842,0.41603863373290806,0.15971510433438257
87,2,0.10526315789473684,0.3908068437962718,0.18396674468570143
87,3,0.15789473684210525,0.3558042738963517,0.1429408711366791
87,4,0.21052631578947367,0.41331009234223914,0.21234472259970094
87,5,0.2631578947368421,0.47087420311118977,0.13743401369757538
87,6,0.3157894736842105,0.5122437609693863,0.3558150392324976
87,7,0.3684210526315789,0.568795291325304,0.39710445378807524
87,8,0.42105263157894735,0.49804024155771165,0.1463228031134738
87,9,0.47368421052631576,0.4798042517952734,-0.006223989578703182
87,10,0.5263157894736842,0.44342387726645227,0.3163143323455553
87,11,0.5789473684210527,0.47239895444943114,0.14257156995757328
87,12,0.631578947368421,0.49129657383968844,0.1794933849784001
87,13,0.6842105263157894,0.5810107627711568,0.26351029960539163
87,14,0.7368421052631579,0.5276666185904991,0.08694707918779866
87,15,0.7894736842105263,0.525123970064463,0.07057380159521781
87,16,0.8421052631578947,0.5558046878843029,0.23386460426868344
87,17,0.894736842105263,0.5397130527502608,0.3397373071529988
87,18,0.9473684210526315,0.5838300891845665,0.5044755255228613
87,19,1.0,0.5210876768590011,0.08610358485449625
88,0,0.0,0.4476071329616839,0.2247155059351456
88,1,0.05263157894736842,0.437095095881079,0.15971510433438257
88,2,0.10526315789473684,0.4761585444721385,0.18396674468570143
88,3,0.15789473684210525,0.43287286469918773,0.1429408711366791
88,4,0.21052631578947367,0.45426076000999577,0.21234472259970094
88,5,0.2631578947368421,0.42442324108154894,0.13743401369757538
88,6,0.3157894736842105,0.4169856846030477,0.3558150392324976
88,7,0.3684210526315789,0.3589778091478927,0.39710445378807524
88,8,0.42105263157894735,0.4196863062436221,0.1463228031134738
88,9,0.47368421052631576,0.5594403048308881,-0.006223989578703182
88,10,0.5263157894736842,0.4110529837070535,0.3163143323455553
88,11,0.5789473684210527,0.48825993546981267,0.14257156995757328
88,12,0.631578947368421,0.38685405306287907,0.1794933849784001
88,13,0.6842105263157894,0.5603718745218917,0.26351029960539163
88,14,0.7368421052631579,0.5734382191830015,0.08694707918779866
88,15,0.7894736842105263,0.558554743156497,0.07057380159521781
88,16,0.8421052631578947,0.5918790812884988,0.23386460426868344
88,17,0.894736842105263,0.5166987035921652,0.3397373071529988
88,18,0.9473684210526315,0.6258607379320176,0.5044755255228613
88,19,1.0,0.4400433804976071,0.08610358485449625
89,0,0.0,0.5109770458049622,0.2247155059351456
89,1,0.05263157894736842,0.5055270444331259,0.15971510433438257
89,2,0.10526315789473684,0.47745005129542606,0.18396674468570143
89,3,0.15789473684210525,0.4463002102058693,0.1429408711366791
89,4,0.21052631578947367,0.4031368893841121,0.21234472259970094
89,5,0.2631578947368421,0.4487271728211481,0.13743401369757538
89,6,0.3157894736842105,0.4413480454336868,0.3558150392324976
89,7,0.3684210526315789,0.48172540187093726,0.39710445378807524
89,8,0.42105263157894735,0.5254213566836221,0.1463228031134738
89,9,0.47368421052631576,0.42381555827099165,-0.006223989578703182
89,10,0.5263157894736842,0.5315838471174295,0.3163143323455553
89,11,0.5789473684210527,0.4565438218091387,0.14257156995757328
89,12,0.631578947368421,0.541301690665807,0.1794933849784001
89,13,0.6842105263157894,0.5038868619953955,0.26351029960539163
89,14,0.7368421052631579,0.48167084063396126,0.08694707918779866
89,15,0.7894736842105263,0.4348874514694264,0.07057380159521781
89,16,0.8421052631578947,0.5290985243808779,0.23386460426868344
89,17,0.894736842105263,0.44885898745276287,0.3397373071529988
89,18,0.9473684210526315,0.43594588491436026,0.5044755255228613
89,19,1.0,0.5229874718466686,0.08610358485449625
90,0,0.0,0.6455873152930455,0.2247155059351456
90,1,0.05263157894736842,0.5759070402591289,0.15971510433438257
90,2,0.10526315789473684,0.5391611248872002,0.18396674468570143
90,3,0.15789473684210525,0.5876010501039177,0.1429408711366791
90,4,0.21052631578947367,0.5814048732313684,0.21234472259970094
90,5,0.2631578947368421,0.5922224115569638,0.13743401369757538
90,6,0.3157894736842105,0.6354046930803741,0.3558150392324976
90,7,0.3684210526315789,0.5486063337609054,0.39710445378807524
90,8,0.42105263157894735,0.5987450191483654,0.1463228031134738
90,9,0.47368421052631576,0.4992517124414867,-0.006223989578703182
90,10,0.5263157894736842,0.533256643696497,0.3163143323455553
90,11,0.5789473684210527,0.5293719102606637,0.14257156995757328
90,12,0.631578947368421,0.5949632384210607,0.1794933849784001
90,13,0.6842105263157894,0.5643374634396698,0.26351029960539163
90,14,0.7368421052631579,0.49729949892924397,0.08694707918779866
90,15,0.7894736842105263,0.464420447284586,0.07057380159521781
90,16,0.8421052631578947,0.4923394937177708,0.23386460426868344
90,17,0.894736842105263,0.5174334529471641,0.3397373071529988
90,18,0.9473684210526315,0.4492219269924212,0.5044755255228613
90,19,1.0,0.5748046857309648,0.08610358485449625
91,0,0.0,0.5244343076136049,0.2247155059351456
91,1,0.05263157894736842,0.48036472378338724,0.15971510433438257
91,2,0.10526315789473684,0.5991767116804401,0.18396674468570143
91,3,0.15789473684210525,0.5806369880946446,0.1429408711366791
91,4,0.21052631578947367,0.5811127190071453,0.21234472259970094
91,5,0.2631578947368421,0.5269749566647258,0.13743401369757538
91,6,0.3157894736842105,0.45364425106449574,0.3558150392324976
91,7,0.3684210526315789,0.4127984610967087,0.39710445378807524
91,8,0.42105263157894735,0.5282249903849137,0.1463228031134738
91,9,0.47368421052631576,0.5487346881451406,-0.006223989578703182
91,10,0.5263157894736842,0.46808239557311965,0.3163143323455553
91,11,0.5789473684210527,0.5030136953465788,0.14257156995757328
91,12,0.631578947368421,0.4844075348656895,0.1794933849784001
91,13,0.6842105263157894,0.4585058895100521,0.26351029960539163
91,14,0.7368421052631579,0.5083852277788965,0.08694707918779866
91,15,0.7894736842105263,0.4946026229731909,0.07057380159521781
91,16,0.8421052631578947,0.4562787719047474,0.23386460426868344
91,17,0.894736842105263,0.4541535820776022,0.3397373071529988
91,18,0.9473684210526315,0.4187066502573229,0.5044755255228613
91,19,1.0,0.48473599796323763,0.08610358485449625
92,0,0.0,0.48886639971199897,0.2247155059351456
92,1,0.05263157894736842,0.4421134919824198,0.15971510433438257
92,2,0.10526315789473684,0.48169489896512024,0.18396674468570143
92,3,0.15789473684210525,0.45740792270710184,0.1429408711366791
92,4,0.21052631578947367,0.5480936544082542,0.21234472259970094
92,5,0.2631578947368421,0.6229013568418958,0.13743401369757538
92,6,0.3157894736842105,0.5682199827826265,0.3558150392324976
92,7,0.3684210526315789,0.6449286204884119,0.39710445378807524
92,8,0.42105263157894735,0.5764461748183222,0.1463228031134738
92,9,0.47368421052631576,0.5511816489397264,-0.006223989578703182
92,10,0.5263157894736842,0.5127794161237125,0.3163143323455553
92,11,0.5789473684210527,0.5716778649672014,0.14257156995757328
92,12,0.631578947368421,0.5409055055668275,0.1794933849784001
92,13,0.6842105263157894,0.48624643958672964,0.26351029960539163
92,14,0.7368421052631579,0.39923121870646305,0.08694707918779866
92,15,0.7894736842105263,0.42989650839904425,0.07057380159521781
92,16,0.8421052631578947,0.5279633296261603,0.23386460426868344
92,17,0.894736842105263,0.4891366271975737,0.3397373071529988
92,18,0.9473684210526315,0.4204296928844783,0.5044755255228613
92,19,1.0,0.38467818863991554,0.08610358485449625
93,0,0.0,0.46817191060175145,0.2247155059351456
93,1,0.05263157894736842,0.4329897642874737,0.15971510433438257
93,2,0.10526315789473684,0.5304613646688451,0.18396674468570143
93,3,0.15789473684210525,0.5510380655369524,0.1429408711366791
93,4,0.21052631578947367,0.5942340236482437,0.21234472259970094
93,5,0.2631578947368421,0.4848549972466615,0.13743401369757538
93,6,0.3157894736842105,0.5359709642603724,0.3558150392324976
93,7,0.3684210526315789,0.5272806436996155,0.39710445378807524
93,8,0.42105263157894735,0.587206626154175,0.1463228031134738
93,9,0.47368421052631576,0.5120355772465425,-0.006223989578703182
93,10,0.5263157894736842,0.5819646493812866,0.3163143323455553
93,11,0.5789473684210527,0.6044720173622344,0.14257156995757328
93,12,0.631578947368421,0.46717809634455193,0.1794933849784001
93,13,0.6842105263157894,0.5009883538721653,0.26351029960539163
93,14,0.7368421052631579,0.523222473520437,0.08694707918779866
93,15,0.7894736842105263,0.5250716414222364,0.07057380159521781
93,16,0.8421052631578947,0.36942622989607415,0.23386460426868344
93,17,0.894736842105263,0.4357549722905767,0.3397373071529988
93,18,0.9473684210526315,0.46132445216439083,0.5044755255228613
93,19,1.0,0.5337693351414747,0.08610358485449625
94,0,0.0,0.4803738831031625,0.2247155059351456
94,1,0.05263157894736842,0.4897039020006776,0.15971510433438257
94,2,0.10526315789473684,0.4645796185719005,0.18396674468570143
94,3,0.15789473684210525,0.41928945344879187,0.1429408711366791
94,4,0.21052631578947367,0.47742751277869816,0.21234472259970094
94,5,0.2631578947368421,0.5030266797154553,0.13743401369757538
94,6,0.3157894736842105,0.5033402076071214,0.3558150392324976
94,7,0.3684210526315789,0.547039514891228,0.39710445378807524
94,8,0.42105263157894735,0.4835641412189401,0.1463228031134738
94,9,0.47368421052631576,0.5298362526256062,-0.006223989578703182
94,10,0.5263157894736842,0.4403432361436744,0.3163143323455553
94,11,0.5789473684210527,0.5202638894141576,0.14257156995757328
94,12,0.631578947368421,0.5283823979633939,0.1794933849784001
94,13,0.6842105263157894,0.5249955907117749,0.26351029960539163
94,14,0.7368421052631579,0.5160731279952817,0.08694707918779866
94,15,0.7894736842105263,0.5344506588837814,0.07057380159521781
94,16,0.8421052631578947,0.5420076740104146,0.23386460426868344
94,17,0.894736842105263,0.5105198588839668,0.3397373071529988
94,18,0.9473684210526315,0.42599124256387766,0.5044755255228613
94,19,1.0,0.530541363488418,0.08610358485449625
95,0,0.0,0.5452480078955773,0.2247155059351456
95,1,0.05263157894736842,0.46261958227224326,0.15971510433438257
95,2,0.10526315789473684,0.5093355866851905,0.18396674468570143
95,3,0.15789473684210525,0.49360638173623045,0.1429408711366791
95,4,0.21052631578947367,0.4629452341532302,0.21234472259970094
95,5,0.2631578947368421,0.4661924849387986,0.13743401369757538
95,6,0.3157894736842105,0.4168416572191181,0.3558150392324976
95,7,0.3684210526315789,0.3527526061845475,0.39710445378807524
95,8,0.42105263157894735,0.4185188589653537,0.1463228031134738
95,9,0.47368421052631576,0.4314491687582018,-0.006223989578703182
95,10,0.5263157894736842,0.42011097262691355,0.3163143323455553
95,11,0.5789473684210527,0.4299477646451904,0.14257156995757328
95,12,0.631578947368421,0.4153147103182058,0.1794933849784001
95,13,0.6842105263157894,0.47437864477154446,0.26351029960539163
95,14,0.7368421052631579,0.4711316853174119,0.08694707918779866
95,15,0.7894736842105263,0.4283504783329466,0.07057380159521781
95,16,0.8421052631578947,0.5024789752235863,0.23386460426868344
95,17,0.894736842105263,0.45965775907481565,0.3397373071529988
95,18,0.9473684210526315,0.5994729242521724,0.5044755255228613
95,19,1.0,0.5462533431967772,0.08610358485449625
96,0,0.0,0.4244319820693142,0.2247155059351456
96,1,0.05263157894736842,0.4575097158323266,0.15971510433438257
96,2,0.10526315789473684,0.4504503545414753,0.18396674468570143
96,3,0.15789473684210525,0.42893368018661626,0.1429408711366791
96,4,0.21052631578947367,0.48637975379288906,0.21234472259970094
96,5,0.2631578947368421,0.48091101294806426,0.13743401369757538
96,6,0.3157894736842105,0.5553238583583251,0.3558150392324976
96,7,0.3684210526315789,0.5454598747563575,0.39710445378807524
96,8,0.42105263157894735,0.5669353874719075,0.1463228031134738
96,9,0.47368421052631576,0.539216776004711,-0.006223989578703182
96,10,0.5263157894736842,0.579308792779476,0.3163143323455553
96,11,0.5789473684210527,0.5108240443900208,0.14257156995757328
96,12,0.631578947368421,0.5199476227696869,0.1794933849784001
96,13,0.6842105263157894,0.5979910531964995,0.26351029960539163
96,14,0.7368421052631579,0.5797398852310122,0.08694707918779866
96,15,0.7894736842105263,0.4503752466564783,0.07057380159521781
96,16,0.8421052631578947,0.5314297974877341,0.23386460426868344
96,17,0.894736842105263,0.5757135937423181,0.3397373071529988
96,18,0.9473684210526315,0.5243054661820733,0.5044755255228613
96,19,1.0,0.5739683579680013,0.08610358485449625
97,0,0.0,0.4386910206718134,0.2247155059351456
97,1,0.05263157894736842,0.4312142321669435,0.15971510433438257
97,2,0.10526315789473684,0.48568078276565707,0.18396674468570143
97,3,0.15789473684210525,0.4394917082476738,0.1429408711366791
97,4,0.21052631578947367,0.4950782650709591,0.21234472259970094
97,5,0.2631578947368421,0.45381282352404945,0.13743401369757538
97,6,0.3157894736842105,0.46445191907186284,0.3558150392324976
97,7,0.3684210526315789,0.46178146690368305,0.39710445378807524
97,8,0.42105263157894735,0.39661140462641326,0.1463228031134738
97,9,0.47368421052631576,0.38264766939288963,-0.006223989578703182
97,10,0.5263157894736842,0.4212886683320445,0.3163143323455553
97,11,0.5789473684210527,0.4944112843736178,0.14257156995757328
97,12,0.631578947368421,0.4016065670181895,0.1794933849784001
97,13,0.6842105263157894,0.42425918794213663,0.26351029960539163
97,14,0.7368421052631579,0.4173559584476817,0.08694707918779866
97,15,0.7894736842105263,0.4128442239805611,0.07057380159521781
97,16,0.8421052631578947,0.4069015638001302,0.23386460426868344
97,17,0.894736842105263,0.3968876884959261,0.3397373071529988
97,18,0.9473684210526315,0.5741171722427251,0.5044755255228613
97,19,1.0,0.43851709448931997,0.08610358485449625
98,0,0.0,0.4772413374753307,0.2247155059351456
98,1,0.05263157894736842,0.49561506578494896,0.15971510433438257
98,2,0.10526315789473684,0.5070761913029609,0.18396674468570143
98,3,0.15789473684210525,0.40689760963500693,0.1429408711366791
98,4,0.21052631578947367,0.46586999808549534,0.21234472259970094
98,5,0.2631578947368421,0.49648092387133674,0.13743401369757538
98,6,0.3157894736842105,0.533553544810111,0.3558150392324976
98,7,0.3684210526315789,0.4399010519791666,0.39710445378807524
98,8,0.42105263157894735,0.5005152921458582,0.1463228031134738
98,9,0.47368421052631576,0.41082184892134577,-0.006223989578703182
98,10,0.5263157894736842,0.5727396810065286,0.3163143323455553
98,11,0.5789473684210527,0.5282705978132808,0.14257156995757328
98,12,0.631578947368421,0.5111681547037163,0.1794933849784001
98,13,0.6842105263157894,0.5130816019826112,0.26351029960539163
98,14,0.7368421052631579,0.6193222005462772,0.08694707918779866
98,15,0.7894736842105263,0.5346140873860039,0.07057380159521781
98,16,0.8421052631578947,0.5382638793789938,0.23386460426868344
98,17,0.894736842105263,0.47743367442876317,0.3397373071529988
98,18,0.9473684210526315,0.5709834327395947,0.5044755255228613
98,19,1.0,0.5645514491642577,0.08610358485449625
99,0,0.0,0.5335306826085512,0.2247155059351456
99,1,0.05263157894736842,0.515424538523241,0.15971510433438257
99,2,0.10526315789473684,0.6109565580366029,0.18396674468570143
99,3,0.15789473684210525,0.5345285769665205,0.1429408711366791
99,4,0.21052631578947367,0.5125952125929045,0.21234472259970094
99,5,0.2631578947368421,0.4864836311261338,0.13743401369757538
99,6,0.3157894736842105,0.6303700067930588,0.3558150392324976
99,7,0.3684210526315789,0.5325904333347321,0.39710445378807524
99,8,0.42105263157894735,0.5159735241105131,0.1463228031134738
99,9,0.47368421052631576,0.5052391475937814,-0.006223989578703182
99,10,0.5263157894736842,0.5536276892766423,0.3163143323455553
99,11,0.5789473684210527,0.49337132396090616,0.14257156995757328
99,12,0.631578947368421,0.5780900069882818,0.1794933849784001
99,13,0.6842105263157894,0.5360290037230782,0.26351029960539163
99,14,0.7368421052631579,0.5518112494702052,0.08694707918779866
99,15,0.7894736842105263,0.5216189926080484,0.07057380159521781
99,16,0.8421052631578947,0.501452217977184,0.23386460426868344
99,17,0.894736842105263,0.43156792889841855,0.3397373071529988
99,18,0.9473684210526315,0.5081353602282719,0.5044755255228613
99,19,1.0,0.48867126580961295,0.08610358485449625
