sample_id,time_point,X_raw,y_raw
0,0,0.0,0.5212202318792927
0,1,0.05263157894736842,0.47154369833592574
0,2,0.10526315789473684,0.47227305418802906
0,3,0.15789473684210525,0.5225243131865166
0,4,0.21052631578947367,0.43740572449223153
0,5,0.2631578947368421,0.4507699085577327
0,6,0.3157894736842105,0.42219430912665523
0,7,0.3684210526315789,0.4304783443916149
0,8,0.42105263157894735,0.4155391120011314
0,9,0.47368421052631576,0.41581972804468254
0,10,0.5263157894736842,0.503092716925136
0,11,0.5789473684210527,0.48175993083262453
0,12,0.631578947368421,0.4266696822443341
0,13,0.6842105263157894,0.4144117800602114
0,14,0.7368421052631579,0.3808751838571707
0,15,0.7894736842105263,0.5019088000021791
0,16,0.8421052631578947,0.29169601429053527
0,17,0.894736842105263,0.5489236131735887
0,18,0.9473684210526315,0.3997427174605102
0,19,1.0,0.4949340826821942
1,0,0.0,0.5220895036325174
1,1,0.05263157894736842,0.5244372252789824
1,2,0.10526315789473684,0.5889737660965499
1,3,0.15789473684210525,0.5385178481391314
1,4,0.21052631578947367,0.48806179189808097
1,5,0.2631578947368421,0.499827205299996
1,6,0.3157894736842105,0.42651670552338106
1,7,0.3684210526315789,0.5259893227902437
1,8,0.42105263157894735,0.5314150671474076
1,9,0.47368421052631576,0.5589516478134666
1,10,0.5263157894736842,0.39644654843429394
1,11,0.5789473684210527,0.42022229453973536
1,12,0.631578947368421,0.5522901767439985
1,13,0.6842105263157894,0.3927878825827296
1,14,0.7368421052631579,0.48880306845955956
1,15,0.7894736842105263,0.44236205996060224
1,16,0.8421052631578947,0.499955015308861
1,17,0.894736842105263,0.40352224905496487
1,18,0.9473684210526315,0.4649314904798759
1,19,1.0,0.48226265848154903
2,0,0.0,0.45279115671913617
2,1,0.05263157894736842,0.4125953032495137
2,2,0.10526315789473684,0.41072848221852
2,3,0.15789473684210525,0.4274396868959999
2,4,0.21052631578947367,0.49346098060675136
2,5,0.2631578947368421,0.43298511239537907
2,6,0.3157894736842105,0.5396144939227249
2,7,0.3684210526315789,0.440120673274104
2,8,0.42105263157894735,0.6301973868787624
2,9,0.47368421052631576,0.5736564464166362
2,10,0.5263157894736842,0.6013472994477774
2,11,0.5789473684210527,0.5839726247558887
2,12,0.631578947368421,0.6042707977421342
2,13,0.6842105263157894,0.5238843222573886
2,14,0.7368421052631579,0.5599433915990331
2,15,0.7894736842105263,0.561266813272841
2,16,0.8421052631578947,0.47733648868127126
2,17,0.894736842105263,0.4759173487060725
2,18,0.9473684210526315,0.4640948765446641
2,19,1.0,0.4587079224814165
3,0,0.0,0.5140516194628033
3,1,0.05263157894736842,0.4990375281359534
3,2,0.10526315789473684,0.5363241592913746
3,3,0.15789473684210525,0.45741422139209564
3,4,0.21052631578947367,0.6221309052395416
3,5,0.2631578947368421,0.5860418955481175
3,6,0.3157894736842105,0.467799213301848
3,7,0.3684210526315789,0.4854256134128733
3,8,0.42105263157894735,0.45324014291366016
3,9,0.47368421052631576,0.5669513376670219
3,10,0.5263157894736842,0.5286233324887095
3,11,0.5789473684210527,0.5485678089229058
3,12,0.631578947368421,0.5341076154675701
3,13,0.6842105263157894,0.4312937691866097
3,14,0.7368421052631579,0.45045492245181595
3,15,0.7894736842105263,0.47228574568178233
3,16,0.8421052631578947,0.5101825071620936
3,17,0.894736842105263,0.4514626120857702
3,18,0.9473684210526315,0.38546710051156585
3,19,1.0,0.3977812882735376
4,0,0.0,0.5227147757768615
4,1,0.05263157894736842,0.5063944491672295
4,2,0.10526315789473684,0.4594468671217094
4,3,0.15789473684210525,0.40665605173815494
4,4,0.21052631578947367,0.44539190376419735
4,5,0.2631578947368421,0.3789887293943776
4,6,0.3157894736842105,0.3817018613100592
4,7,0.3684210526315789,0.4586883367483936
4,8,0.42105263157894735,0.37384796159482103
4,9,0.47368421052631576,0.4323207551993477
4,10,0.5263157894736842,0.41929544902643984
4,11,0.5789473684210527,0.530238887596701
4,12,0.631578947368421,0.47245559025865125
4,13,0.6842105263157894,0.5122530366794725
4,14,0.7368421052631579,0.5158117679352054
4,15,0.7894736842105263,0.5438548513804916
4,16,0.8421052631578947,0.5100290412375369
4,17,0.894736842105263,0.5780745895858377
4,18,0.9473684210526315,0.5948753687121806
4,19,1.0,0.606334137659697
5,0,0.0,0.5491255043536684
5,1,0.05263157894736842,0.4977088793233687
5,2,0.10526315789473684,0.557950216766609
5,3,0.15789473684210525,0.6199964330838358
5,4,0.21052631578947367,0.6759559312091599
5,5,0.2631578947368421,0.6122617431988865
5,6,0.3157894736842105,0.5790512010921175
5,7,0.3684210526315789,0.5491493115749349
5,8,0.42105263157894735,0.597466400648385
5,9,0.47368421052631576,0.5794449935786163
5,10,0.5263157894736842,0.5021712156838204
5,11,0.5789473684210527,0.45543651951031355
5,12,0.631578947368421,0.457066902554606
5,13,0.6842105263157894,0.45734258424029284
5,14,0.7368421052631579,0.4459393345801871
5,15,0.7894736842105263,0.3872274625413961
5,16,0.8421052631578947,0.44776819538008483
5,17,0.894736842105263,0.3951908255122911
5,18,0.9473684210526315,0.4149778604605499
5,19,1.0,0.4306585351912043
6,0,0.0,0.5354033882349634
6,1,0.05263157894736842,0.6219026904006265
6,2,0.10526315789473684,0.5371610229473336
6,3,0.15789473684210525,0.5451530538052095
6,4,0.21052631578947367,0.5252922240894672
6,5,0.2631578947368421,0.49792483297736595
6,6,0.3157894736842105,0.45383276372089776
6,7,0.3684210526315789,0.43660157856281084
6,8,0.42105263157894735,0.45946540913247397
6,9,0.47368421052631576,0.48564152586792597
6,10,0.5263157894736842,0.41635043994297793
6,11,0.5789473684210527,0.4540961377693955
6,12,0.631578947368421,0.45054178629108554
6,13,0.6842105263157894,0.4832237015008869
6,14,0.7368421052631579,0.37202855811661006
6,15,0.7894736842105263,0.39399322821054394
6,16,0.8421052631578947,0.34285747990392024
6,17,0.894736842105263,0.4228098870746257
6,18,0.9473684210526315,0.3761381415948575
6,19,1.0,0.5233127776066899
7,0,0.0,0.5614687195522039
7,1,0.05263157894736842,0.5178885352447797
7,2,0.10526315789473684,0.49805951611330673
7,3,0.15789473684210525,0.46743570821771785
7,4,0.21052631578947367,0.4704564218733994
7,5,0.2631578947368421,0.4275603715416917
7,6,0.3157894736842105,0.502940630928311
7,7,0.3684210526315789,0.45461108874608236
7,8,0.42105263157894735,0.5169231386693418
7,9,0.47368421052631576,0.44077000879288436
7,10,0.5263157894736842,0.42646067674947075
7,11,0.5789473684210527,0.5091897165656243
7,12,0.631578947368421,0.4203540871795945
7,13,0.6842105263157894,0.37185324805386066
7,14,0.7368421052631579,0.41835447125558567
7,15,0.7894736842105263,0.4056064266444874
7,16,0.8421052631578947,0.4885684661898107
7,17,0.894736842105263,0.42306243886509
7,18,0.9473684210526315,0.4292218702747541
7,19,1.0,0.4298390407612781
8,0,0.0,0.48147965540218673
8,1,0.05263157894736842,0.49444918946025673
8,2,0.10526315789473684,0.46682400690902104
8,3,0.15789473684210525,0.5064682691224641
8,4,0.21052631578947367,0.4722602387070453
8,5,0.2631578947368421,0.44258859026720504
8,6,0.3157894736842105,0.3462068972475336
8,7,0.3684210526315789,0.42348006986214076
8,8,0.42105263157894735,0.4238941063415434
8,9,0.47368421052631576,0.45746759253799596
8,10,0.5263157894736842,0.47514604486095474
8,11,0.5789473684210527,0.3926264038818847
8,12,0.631578947368421,0.40499124285109955
8,13,0.6842105263157894,0.3991907683175068
8,14,0.7368421052631579,0.4629591023571117
8,15,0.7894736842105263,0.4168768735321006
8,16,0.8421052631578947,0.4557181933770727
8,17,0.894736842105263,0.40301307433814293
8,18,0.9473684210526315,0.4205308368025667
8,19,1.0,0.4944222089813614
9,0,0.0,0.5948195650862804
9,1,0.05263157894736842,0.5899219692256003
9,2,0.10526315789473684,0.514759275337899
9,3,0.15789473684210525,0.48541920538109296
9,4,0.21052631578947367,0.5151565635124544
9,5,0.2631578947368421,0.5045481123813492
9,6,0.3157894736842105,0.4354875103536402
9,7,0.3684210526315789,0.49431407454491144
9,8,0.42105263157894735,0.4926984894883049
9,9,0.47368421052631576,0.4897903861745901
9,10,0.5263157894736842,0.4398137546110734
9,11,0.5789473684210527,0.46357561616739584
9,12,0.631578947368421,0.42462120977594653
9,13,0.6842105263157894,0.4328112340689206
9,14,0.7368421052631579,0.4745015384942991
9,15,0.7894736842105263,0.38523950097924264
9,16,0.8421052631578947,0.44377874464464806
9,17,0.894736842105263,0.43770236400213286
9,18,0.9473684210526315,0.4570705067742679
9,19,1.0,0.37371726146484185
10,0,0.0,0.4022417841983198
10,1,0.05263157894736842,0.6010592113251372
10,2,0.10526315789473684,0.4532694252091961
10,3,0.15789473684210525,0.4200025454412493
10,4,0.21052631578947367,0.4645177945942473
10,5,0.2631578947368421,0.5335743618993021
10,6,0.3157894736842105,0.5415416808075523
10,7,0.3684210526315789,0.5192166901512579
10,8,0.42105263157894735,0.44542203014743975
10,9,0.47368421052631576,0.609997843297773
10,10,0.5263157894736842,0.6498145811334346
10,11,0.5789473684210527,0.6186624253885249
10,12,0.631578947368421,0.5839161053028009
10,13,0.6842105263157894,0.5554023789837904
10,14,0.7368421052631579,0.556360979677573
10,15,0.7894736842105263,0.5253271157672855
10,16,0.8421052631578947,0.41971938259562147
10,17,0.894736842105263,0.494253445770067
10,18,0.9473684210526315,0.4580667836963725
10,19,1.0,0.5235286818507885
11,0,0.0,0.4696903826319917
11,1,0.05263157894736842,0.4099329838230018
11,2,0.10526315789473684,0.5017617338747355
11,3,0.15789473684210525,0.4274455660902914
11,4,0.21052631578947367,0.445637615557244
11,5,0.2631578947368421,0.4840086054534065
11,6,0.3157894736842105,0.3606941834866638
11,7,0.3684210526315789,0.4405167853485903
11,8,0.42105263157894735,0.5133843489429403
11,9,0.47368421052631576,0.412071067715328
11,10,0.5263157894736842,0.44057087237725384
11,11,0.5789473684210527,0.5087342550408906
11,12,0.631578947368421,0.49145812626158414
11,13,0.6842105263157894,0.5062583070383446
11,14,0.7368421052631579,0.4875171296570822
11,15,0.7894736842105263,0.4880876255726966
11,16,0.8421052631578947,0.4634949955302125
11,17,0.894736842105263,0.46056146366331413
11,18,0.9473684210526315,0.4506858925164152
11,19,1.0,0.4081091309068183
12,0,0.0,0.41626340530504713
12,1,0.05263157894736842,0.43037462650788594
12,2,0.10526315789473684,0.49980489357798047
12,3,0.15789473684210525,0.517367955904642
12,4,0.21052631578947367,0.4201238415243313
12,5,0.2631578947368421,0.47564768789274964
12,6,0.3157894736842105,0.4554435510964951
12,7,0.3684210526315789,0.41227172131105744
12,8,0.42105263157894735,0.38944166643809724
12,9,0.47368421052631576,0.41058777183971873
12,10,0.5263157894736842,0.40249121889444156
12,11,0.5789473684210527,0.34352437601627983
12,12,0.631578947368421,0.4895386536875262
12,13,0.6842105263157894,0.5106429663336737
12,14,0.7368421052631579,0.49613205561174545
12,15,0.7894736842105263,0.5920650896256909
12,16,0.8421052631578947,0.5576074792122095
12,17,0.894736842105263,0.6283389212737154
12,18,0.9473684210526315,0.4681982062963515
12,19,1.0,0.5733095946258715
13,0,0.0,0.47606869142275143
13,1,0.05263157894736842,0.6032891329833705
13,2,0.10526315789473684,0.5347200792192842
13,3,0.15789473684210525,0.48971951851557893
13,4,0.21052631578947367,0.4268715927938524
13,5,0.2631578947368421,0.43738188370802655
13,6,0.3157894736842105,0.5169717195497505
13,7,0.3684210526315789,0.47266806891192886
13,8,0.42105263157894735,0.43848198931689536
13,9,0.47368421052631576,0.4332999770413772
13,10,0.5263157894736842,0.3710137960185296
13,11,0.5789473684210527,0.3613525247272469
13,12,0.631578947368421,0.40585530647588897
13,13,0.6842105263157894,0.5376781946527169
13,14,0.7368421052631579,0.4645909650814783
13,15,0.7894736842105263,0.5102222346111696
13,16,0.8421052631578947,0.44795186531587317
13,17,0.894736842105263,0.43117001430563895
13,18,0.9473684210526315,0.5451460803905401
13,19,1.0,0.43313387075772447
14,0,0.0,0.517001561531502
14,1,0.05263157894736842,0.5394024769366804
14,2,0.10526315789473684,0.49783512880950687
14,3,0.15789473684210525,0.580080751480671
14,4,0.21052631578947367,0.6182155314438438
14,5,0.2631578947368421,0.6179792325172366
14,6,0.3157894736842105,0.5838861143899895
14,7,0.3684210526315789,0.5833236173718883
14,8,0.42105263157894735,0.5464805442495403
14,9,0.47368421052631576,0.49815534814552825
14,10,0.5263157894736842,0.5222673293191766
14,11,0.5789473684210527,0.5942594322558588
14,12,0.631578947368421,0.5773507623392485
14,13,0.6842105263157894,0.4877169536401658
14,14,0.7368421052631579,0.5314769168672214
14,15,0.7894736842105263,0.5185515143680431
14,16,0.8421052631578947,0.5527090642134713
14,17,0.894736842105263,0.4836988112696862
14,18,0.9473684210526315,0.4508078730056799
14,19,1.0,0.48208841265050306
15,0,0.0,0.5335306826085512
15,1,0.05263157894736842,0.515424538523241
15,2,0.10526315789473684,0.6109565580366029
15,3,0.15789473684210525,0.5345285769665205
15,4,0.21052631578947367,0.5125952125929045
15,5,0.2631578947368421,0.4864836311261338
15,6,0.3157894736842105,0.6303700067930588
15,7,0.3684210526315789,0.5325904333347321
15,8,0.42105263157894735,0.5159735241105131
15,9,0.47368421052631576,0.5052391475937814
15,10,0.5263157894736842,0.5536276892766423
15,11,0.5789473684210527,0.49337132396090616
15,12,0.631578947368421,0.5780900069882818
15,13,0.6842105263157894,0.5360290037230782
15,14,0.7368421052631579,0.5518112494702052
15,15,0.7894736842105263,0.5216189926080484
15,16,0.8421052631578947,0.501452217977184
15,17,0.894736842105263,0.43156792889841855
15,18,0.9473684210526315,0.5081353602282719
15,19,1.0,0.48867126580961295
16,0,0.0,0.5100644408313257
16,1,0.05263157894736842,0.43958461360646717
16,2,0.10526315789473684,0.42020327563234205
16,3,0.15789473684210525,0.5130732354095608
16,4,0.21052631578947367,0.5307832076382397
16,5,0.2631578947368421,0.49079721640819185
16,6,0.3157894736842105,0.3355757310829834
16,7,0.3684210526315789,0.46859633980793597
16,8,0.42105263157894735,0.3902133758935703
16,9,0.47368421052631576,0.5007005820297673
16,10,0.5263157894736842,0.4899139926738438
16,11,0.5789473684210527,0.4567788382915501
16,12,0.631578947368421,0.5440733034872196
16,13,0.6842105263157894,0.5446131127981505
16,14,0.7368421052631579,0.3744319288495225
16,15,0.7894736842105263,0.5547036826124871
16,16,0.8421052631578947,0.5917090524021282
16,17,0.894736842105263,0.4941793824032951
16,18,0.9473684210526315,0.5619662489899918
16,19,1.0,0.545629849841162
17,0,0.0,0.4920037723525146
17,1,0.05263157894736842,0.3814090874045449
17,2,0.10526315789473684,0.4402357183133599
17,3,0.15789473684210525,0.39942466881503663
17,4,0.21052631578947367,0.4610958511256729
17,5,0.2631578947368421,0.40873628054031375
17,6,0.3157894736842105,0.29057062503263914
17,7,0.3684210526315789,0.3914710000916804
17,8,0.42105263157894735,0.49518609715470363
17,9,0.47368421052631576,0.3424939356315952
17,10,0.5263157894736842,0.4459224185824673
17,11,0.5789473684210527,0.3999330804034406
17,12,0.631578947368421,0.44185790797563446
17,13,0.6842105263157894,0.442290236328699
17,14,0.7368421052631579,0.3976833443940326
17,15,0.7894736842105263,0.4241643715189337
17,16,0.8421052631578947,0.5463764874457742
17,17,0.894736842105263,0.46292222395608346
17,18,0.9473684210526315,0.5029520318382201
17,19,1.0,0.5147382805591226
18,0,0.0,0.4844895758685792
18,1,0.05263157894736842,0.4065176720671822
18,2,0.10526315789473684,0.4846839515102403
18,3,0.15789473684210525,0.41292308067891537
18,4,0.21052631578947367,0.38754336143750007
18,5,0.2631578947368421,0.47819958830398807
18,6,0.3157894736842105,0.5537638318925036
18,7,0.3684210526315789,0.5017103569664524
18,8,0.42105263157894735,0.5849420158746097
18,9,0.47368421052631576,0.3948523051054388
18,10,0.5263157894736842,0.41043954962510903
18,11,0.5789473684210527,0.49613969769311744
18,12,0.631578947368421,0.5701944715262103
18,13,0.6842105263157894,0.5054195357542308
18,14,0.7368421052631579,0.5539339550687464
18,15,0.7894736842105263,0.6010466435699149
18,16,0.8421052631578947,0.5787414106881409
18,17,0.894736842105263,0.45086457940806407
18,18,0.9473684210526315,0.5704533239850789
18,19,1.0,0.5695401785730828
19,0,0.0,0.48498726357696925
19,1,0.05263157894736842,0.5549072348766715
19,2,0.10526315789473684,0.5159938145316815
19,3,0.15789473684210525,0.550055282959586
19,4,0.21052631578947367,0.5172708187406414
19,5,0.2631578947368421,0.4861688425141683
19,6,0.3157894736842105,0.5677087450023334
19,7,0.3684210526315789,0.5632367997063964
19,8,0.42105263157894735,0.5132067321137154
19,9,0.47368421052631576,0.5703531916903593
19,10,0.5263157894736842,0.5080797848121509
19,11,0.5789473684210527,0.49986250740685945
19,12,0.631578947368421,0.5652651350249832
19,13,0.6842105263157894,0.587053617471618
19,14,0.7368421052631579,0.5213558305761713
19,15,0.7894736842105263,0.553171925337914
19,16,0.8421052631578947,0.532071181010427
19,17,0.894736842105263,0.5546847172481763
19,18,0.9473684210526315,0.6170155711181555
19,19,1.0,0.4509061004142536
20,0,0.0,0.5910814971953837
20,1,0.05263157894736842,0.5730493207076495
20,2,0.10526315789473684,0.46914346518610983
20,3,0.15789473684210525,0.4581330537893229
20,4,0.21052631578947367,0.5573921653526119
20,5,0.2631578947368421,0.5636371450152791
20,6,0.3157894736842105,0.5241890470556978
20,7,0.3684210526315789,0.5154863738498773
20,8,0.42105263157894735,0.515921569730501
20,9,0.47368421052631576,0.6299715688169187
20,10,0.5263157894736842,0.5332042714151198
20,11,0.5789473684210527,0.6026503909031978
20,12,0.631578947368421,0.5583109040237063
20,13,0.6842105263157894,0.47281820474508895
20,14,0.7368421052631579,0.5656087926592555
20,15,0.7894736842105263,0.5120311549243336
20,16,0.8421052631578947,0.6144368727699241
20,17,0.894736842105263,0.5633024774523752
20,18,0.9473684210526315,0.4654011268494669
20,19,1.0,0.5390989629099623
21,0,0.0,0.5024674962012432
21,1,0.05263157894736842,0.5068129856087434
21,2,0.10526315789473684,0.6017130782983644
21,3,0.15789473684210525,0.48123643972476166
21,4,0.21052631578947367,0.4927094092434968
21,5,0.2631578947368421,0.5354637545443509
21,6,0.3157894736842105,0.4908827775571676
21,7,0.3684210526315789,0.43426394265649854
21,8,0.42105263157894735,0.4928259573029984
21,9,0.47368421052631576,0.5021329091509702
21,10,0.5263157894736842,0.4897179304248667
21,11,0.5789473684210527,0.45726138527893734
21,12,0.631578947368421,0.48168461661448314
21,13,0.6842105263157894,0.38880456204373964
21,14,0.7368421052631579,0.6122216274373271
21,15,0.7894736842105263,0.4029420444472703
21,16,0.8421052631578947,0.5225449510541076
21,17,0.894736842105263,0.5763347093533567
21,18,0.9473684210526315,0.48802932520124154
21,19,1.0,0.5912835274046954
22,0,0.0,0.5244882593048046
22,1,0.05263157894736842,0.5852775158289137
22,2,0.10526315789473684,0.5471668945671235
22,3,0.15789473684210525,0.5027897812834268
22,4,0.21052631578947367,0.5256751484728386
22,5,0.2631578947368421,0.4070702314366502
22,6,0.3157894736842105,0.5134991124659496
22,7,0.3684210526315789,0.44400363999273923
22,8,0.42105263157894735,0.47541756946681796
22,9,0.47368421052631576,0.4921711011438502
22,10,0.5263157894736842,0.4181246406253766
22,11,0.5789473684210527,0.49985992100879223
22,12,0.631578947368421,0.5469362171310541
22,13,0.6842105263157894,0.45940389192417364
22,14,0.7368421052631579,0.39358072713530584
22,15,0.7894736842105263,0.48739605460653074
22,16,0.8421052631578947,0.4275397474280221
22,17,0.894736842105263,0.511073140454594
22,18,0.9473684210526315,0.525857994319867
22,19,1.0,0.4737961624421988
23,0,0.0,0.5441293294499178
23,1,0.05263157894736842,0.47335412549926287
23,2,0.10526315789473684,0.4860948497225449
23,3,0.15789473684210525,0.47820724710140206
23,4,0.21052631578947367,0.5186413477442762
23,5,0.2631578947368421,0.47586873850951106
23,6,0.3157894736842105,0.5392224025234977
23,7,0.3684210526315789,0.4939529185563467
23,8,0.42105263157894735,0.36583961717279856
23,9,0.47368421052631576,0.42065419217375605
23,10,0.5263157894736842,0.4060576470842789
23,11,0.5789473684210527,0.5221400247664947
23,12,0.631578947368421,0.45126143064582386
23,13,0.6842105263157894,0.4395965800197361
23,14,0.7368421052631579,0.5278224452232665
23,15,0.7894736842105263,0.4619167601738415
23,16,0.8421052631578947,0.484117153831809
23,17,0.894736842105263,0.47967217482874397
23,18,0.9473684210526315,0.42451956380134065
23,19,1.0,0.5051392484856797
24,0,0.0,0.4513090766128415
24,1,0.05263157894736842,0.4792199064401347
24,2,0.10526315789473684,0.5481403458417536
24,3,0.15789473684210525,0.36970564580107096
24,4,0.21052631578947367,0.43893379945758615
24,5,0.2631578947368421,0.4517966140409964
24,6,0.3157894736842105,0.41136862025782206
24,7,0.3684210526315789,0.47909438923124326
24,8,0.42105263157894735,0.38984102479719973
24,9,0.47368421052631576,0.5675056900764984
24,10,0.5263157894736842,0.5336076141251446
24,11,0.5789473684210527,0.5239140185640676
24,12,0.631578947368421,0.5059763907044094
24,13,0.6842105263157894,0.45429143183126314
24,14,0.7368421052631579,0.6443065570678006
24,15,0.7894736842105263,0.5745687804383078
24,16,0.8421052631578947,0.5249852911632499
24,17,0.894736842105263,0.46404739443400855
24,18,0.9473684210526315,0.5231853315428114
24,19,1.0,0.621981278661451
25,0,0.0,0.5882663899421631
25,1,0.05263157894736842,0.6197396111130598
25,2,0.10526315789473684,0.582495313784889
25,3,0.15789473684210525,0.5613287702610996
25,4,0.21052631578947367,0.534429989662261
25,5,0.2631578947368421,0.558610445980064
25,6,0.3157894736842105,0.5438541777564211
25,7,0.3684210526315789,0.6015461201791534
25,8,0.42105263157894735,0.6511909574841162
25,9,0.47368421052631576,0.47394087488895686
25,10,0.5263157894736842,0.5794765503852488
25,11,0.5789473684210527,0.4417113214734202
25,12,0.631578947368421,0.48285705212459
25,13,0.6842105263157894,0.541814994980814
25,14,0.7368421052631579,0.42224535152065557
25,15,0.7894736842105263,0.2749541883800639
25,16,0.8421052631578947,0.4832469035422626
25,17,0.894736842105263,0.4457924813702523
25,18,0.9473684210526315,0.32021831468824896
25,19,1.0,0.5187054410743667
26,0,0.0,0.4359668702421286
26,1,0.05263157894736842,0.5851275436610792
26,2,0.10526315789473684,0.4443833172329791
26,3,0.15789473684210525,0.4342828784671048
26,4,0.21052631578947367,0.42373308358827405
26,5,0.2631578947368421,0.44256583488603096
26,6,0.3157894736842105,0.515034300880404
26,7,0.3684210526315789,0.4893339004308826
26,8,0.42105263157894735,0.4982797912221369
26,9,0.47368421052631576,0.39696698293365473
26,10,0.5263157894736842,0.46719573475870735
26,11,0.5789473684210527,0.531553507548587
26,12,0.631578947368421,0.595278148609983
26,13,0.6842105263157894,0.5649478197074639
26,14,0.7368421052631579,0.578288231195349
26,15,0.7894736842105263,0.5690803037107229
26,16,0.8421052631578947,0.5241009126517222
26,17,0.894736842105263,0.5532142232764209
26,18,0.9473684210526315,0.6275987437794252
26,19,1.0,0.603084071876826
27,0,0.0,0.5662701515395394
27,1,0.05263157894736842,0.5994715986280617
27,2,0.10526315789473684,0.4319674523354081
27,3,0.15789473684210525,0.4642203781187753
27,4,0.21052631578947367,0.46986503117243233
27,5,0.2631578947368421,0.4918096015809061
27,6,0.3157894736842105,0.5360960483208914
27,7,0.3684210526315789,0.49354947333246735
27,8,0.42105263157894735,0.4955235114698254
27,9,0.47368421052631576,0.5875629691535856
27,10,0.5263157894736842,0.5115144697601365
27,11,0.5789473684210527,0.500880945402257
27,12,0.631578947368421,0.4852231490624264
27,13,0.6842105263157894,0.4630895401245175
27,14,0.7368421052631579,0.49505909183681623
27,15,0.7894736842105263,0.40021102796028435
27,16,0.8421052631578947,0.4548603467053183
27,17,0.894736842105263,0.4172196923676056
27,18,0.9473684210526315,0.37212568681171454
27,19,1.0,0.5208600021463072
28,0,0.0,0.5145648978258139
28,1,0.05263157894736842,0.4890550672869267
28,2,0.10526315789473684,0.4577739058633619
28,3,0.15789473684210525,0.4313470863970064
28,4,0.21052631578947367,0.401585599909235
28,5,0.2631578947368421,0.48721976355473334
28,6,0.3157894736842105,0.4812604943966647
28,7,0.3684210526315789,0.5323726012936475
28,8,0.42105263157894735,0.40937991888993897
28,9,0.47368421052631576,0.5330127803291448
28,10,0.5263157894736842,0.5524272829032013
28,11,0.5789473684210527,0.47863297910916497
28,12,0.631578947368421,0.45620770473334604
28,13,0.6842105263157894,0.5582064934953728
28,14,0.7368421052631579,0.5755285299589692
28,15,0.7894736842105263,0.5600337821149184
28,16,0.8421052631578947,0.48099646239064303
28,17,0.894736842105263,0.47723539991337055
28,18,0.9473684210526315,0.5356434083252775
28,19,1.0,0.5499342291216642
29,0,0.0,0.5626134296632901
29,1,0.05263157894736842,0.4211529877388799
29,2,0.10526315789473684,0.572932091500259
29,3,0.15789473684210525,0.4695211799347663
29,4,0.21052631578947367,0.5230062865020698
29,5,0.2631578947368421,0.5339211785177177
29,6,0.3157894736842105,0.4694681379662944
29,7,0.3684210526315789,0.5492489554119849
29,8,0.42105263157894735,0.543514309109633
29,9,0.47368421052631576,0.5510754121984333
29,10,0.5263157894736842,0.5516075459424653
29,11,0.5789473684210527,0.5741855421510657
29,12,0.631578947368421,0.6106291627106649
29,13,0.6842105263157894,0.5169956047389053
29,14,0.7368421052631579,0.5939838263777925
29,15,0.7894736842105263,0.4450813679120518
29,16,0.8421052631578947,0.4805899654020359
29,17,0.894736842105263,0.5658231204816386
29,18,0.9473684210526315,0.4827837003244849
29,19,1.0,0.581813232921916
30,0,0.0,0.4206029267801688
30,1,0.05263157894736842,0.4601098904248013
30,2,0.10526315789473684,0.40024461932430205
30,3,0.15789473684210525,0.4107696112183039
30,4,0.21052631578947367,0.44843588996188277
30,5,0.2631578947368421,0.5712319305466751
30,6,0.3157894736842105,0.459062935771845
30,7,0.3684210526315789,0.3991432074910454
30,8,0.42105263157894735,0.4937822250627935
30,9,0.47368421052631576,0.4845192664982531
30,10,0.5263157894736842,0.45328836892224367
30,11,0.5789473684210527,0.5054141160830998
30,12,0.631578947368421,0.46242139895723894
30,13,0.6842105263157894,0.51174443472931
30,14,0.7368421052631579,0.5481675729178745
30,15,0.7894736842105263,0.5818341420674014
30,16,0.8421052631578947,0.5710825223481334
30,17,0.894736842105263,0.43947891364504926
30,18,0.9473684210526315,0.5501938992640492
30,19,1.0,0.5126126900717574
31,0,0.0,0.5760505822116201
31,1,0.05263157894736842,0.5137078545625783
31,2,0.10526315789473684,0.664398309594842
31,3,0.15789473684210525,0.6723726596692304
31,4,0.21052631578947367,0.6743587266127273
31,5,0.2631578947368421,0.5012091087640286
31,6,0.3157894736842105,0.5194248285806481
31,7,0.3684210526315789,0.5609481817631212
31,8,0.42105263157894735,0.393149590226482
31,9,0.47368421052631576,0.5445019855038966
31,10,0.5263157894736842,0.3761905017273839
31,11,0.5789473684210527,0.42998694652791836
31,12,0.631578947368421,0.40819527298523434
31,13,0.6842105263157894,0.3513033147329309
31,14,0.7368421052631579,0.5306992598899536
31,15,0.7894736842105263,0.48764201522593636
31,16,0.8421052631578947,0.3512277069156593
31,17,0.894736842105263,0.45349846615967254
31,18,0.9473684210526315,0.5189608812683291
31,19,1.0,0.5432377828905999
32,0,0.0,0.570979944713947
32,1,0.05263157894736842,0.5092274649798083
32,2,0.10526315789473684,0.5305584626000003
32,3,0.15789473684210525,0.6493103555652743
32,4,0.21052631578947367,0.5671102558450105
32,5,0.2631578947368421,0.5530188497158751
32,6,0.3157894736842105,0.517945438656646
32,7,0.3684210526315789,0.5272373142029881
32,8,0.42105263157894735,0.5518603275204043
32,9,0.47368421052631576,0.4418057868119815
32,10,0.5263157894736842,0.5597247700418014
32,11,0.5789473684210527,0.4466653062241647
32,12,0.631578947368421,0.5361617604230384
32,13,0.6842105263157894,0.48121290315651744
32,14,0.7368421052631579,0.4730043246413281
32,15,0.7894736842105263,0.4161014755514984
32,16,0.8421052631578947,0.4988516602311407
32,17,0.894736842105263,0.4456134929571663
32,18,0.9473684210526315,0.40921988256380093
32,19,1.0,0.3885199008109743
33,0,0.0,0.45590867640781785
33,1,0.05263157894736842,0.4399231071042615
33,2,0.10526315789473684,0.48969753155663864
33,3,0.15789473684210525,0.4966901818057637
33,4,0.21052631578947367,0.4918727519219861
33,5,0.2631578947368421,0.4728753955197973
33,6,0.3157894736842105,0.5077248278164732
33,7,0.3684210526315789,0.46731506474439966
33,8,0.42105263157894735,0.5028367991501387
33,9,0.47368421052631576,0.5670345390122123
33,10,0.5263157894736842,0.6013284191395034
33,11,0.5789473684210527,0.5843999694445193
33,12,0.631578947368421,0.5632515099763624
33,13,0.6842105263157894,0.5293564814730977
33,14,0.7368421052631579,0.5472190340504545
33,15,0.7894736842105263,0.48335980101972936
33,16,0.8421052631578947,0.5337687037114043
33,17,0.894736842105263,0.5424375601251873
33,18,0.9473684210526315,0.43809865986154306
33,19,1.0,0.4196066316739511
34,0,0.0,0.47501815144456766
34,1,0.05263157894736842,0.5742613057433309
34,2,0.10526315789473684,0.5441960613615605
34,3,0.15789473684210525,0.5474780135445743
34,4,0.21052631578947367,0.5889855555533379
34,5,0.2631578947368421,0.5233267265085515
34,6,0.3157894736842105,0.5764025752992704
34,7,0.3684210526315789,0.5117665510575626
34,8,0.42105263157894735,0.5188507404470882
34,9,0.47368421052631576,0.43111127473595345
34,10,0.5263157894736842,0.4458043903893419
34,11,0.5789473684210527,0.5211990374695469
34,12,0.631578947368421,0.4488699657670177
34,13,0.6842105263157894,0.45177951567818536
34,14,0.7368421052631579,0.3645188094981325
34,15,0.7894736842105263,0.5540495913542726
34,16,0.8421052631578947,0.4079391778881385
34,17,0.894736842105263,0.4046690226024887
34,18,0.9473684210526315,0.41108251838474175
34,19,1.0,0.4109628924488756
35,0,0.0,0.38216419549026664
35,1,0.05263157894736842,0.39569472437838094
35,2,0.10526315789473684,0.5392113737761541
35,3,0.15789473684210525,0.4280510364365323
35,4,0.21052631578947367,0.45052742247165367
35,5,0.2631578947368421,0.42566093879550726
35,6,0.3157894736842105,0.48675815580995263
35,7,0.3684210526315789,0.5434139758503105
35,8,0.42105263157894735,0.4876617508933533
35,9,0.47368421052631576,0.5502415985219372
35,10,0.5263157894736842,0.5584428109948993
35,11,0.5789473684210527,0.5893318357124744
35,12,0.631578947368421,0.5104003978577232
35,13,0.6842105263157894,0.5902974860479792
35,14,0.7368421052631579,0.46080353522486944
35,15,0.7894736842105263,0.6032202864824339
35,16,0.8421052631578947,0.476529587571949
35,17,0.894736842105263,0.4934643378344109
35,18,0.9473684210526315,0.4809196243840242
35,19,1.0,0.6016054060017513
36,0,0.0,0.579661867489942
36,1,0.05263157894736842,0.5563375158277307
36,2,0.10526315789473684,0.5221976668130687
36,3,0.15789473684210525,0.6627972661036309
36,4,0.21052631578947367,0.4524863070899119
36,5,0.2631578947368421,0.5096591870041883
36,6,0.3157894736842105,0.5933841265745122
36,7,0.3684210526315789,0.5898565062896198
36,8,0.42105263157894735,0.5215690052552554
36,9,0.47368421052631576,0.5370215583608331
36,10,0.5263157894736842,0.5214659704422975
36,11,0.5789473684210527,0.4101527918604546
36,12,0.631578947368421,0.3961740846200469
36,13,0.6842105263157894,0.4484231038762141
36,14,0.7368421052631579,0.4460255491736878
36,15,0.7894736842105263,0.4609024380039879
36,16,0.8421052631578947,0.39756708319258016
36,17,0.894736842105263,0.5040352167582647
36,18,0.9473684210526315,0.4293781876197946
36,19,1.0,0.38419196891014207
37,0,0.0,0.5794541756146451
37,1,0.05263157894736842,0.5234170502530551
37,2,0.10526315789473684,0.5330539693789295
37,3,0.15789473684210525,0.5381138352442039
37,4,0.21052631578947367,0.5427490410516072
37,5,0.2631578947368421,0.5608878833415339
37,6,0.3157894736842105,0.5940358635241632
37,7,0.3684210526315789,0.520440909922563
37,8,0.42105263157894735,0.588956669377904
37,9,0.47368421052631576,0.4234334932780579
37,10,0.5263157894736842,0.42387334546496025
37,11,0.5789473684210527,0.43201480462320174
37,12,0.631578947368421,0.5307937652173997
37,13,0.6842105263157894,0.38788098795231674
37,14,0.7368421052631579,0.5139867886272914
37,15,0.7894736842105263,0.560735752058746
37,16,0.8421052631578947,0.5320184464030971
37,17,0.894736842105263,0.4083114655694698
37,18,0.9473684210526315,0.39036384459235046
37,19,1.0,0.35255499954274827
38,0,0.0,0.5564636739814792
38,1,0.05263157894736842,0.5128710257352411
38,2,0.10526315789473684,0.5547470938280405
38,3,0.15789473684210525,0.5463050814301802
38,4,0.21052631578947367,0.6117306835943013
38,5,0.2631578947368421,0.4112686828843247
38,6,0.3157894736842105,0.4501706017733059
38,7,0.3684210526315789,0.49828859324196095
38,8,0.42105263157894735,0.45073033487436204
38,9,0.47368421052631576,0.3531871487694855
38,10,0.5263157894736842,0.4019381947367826
38,11,0.5789473684210527,0.40180460954866143
38,12,0.631578947368421,0.3299276433882094
38,13,0.6842105263157894,0.5076379008573468
38,14,0.7368421052631579,0.5144482868349347
38,15,0.7894736842105263,0.4346231006764373
38,16,0.8421052631578947,0.4743505063761497
38,17,0.894736842105263,0.4294085832358645
38,18,0.9473684210526315,0.38184070791860447
38,19,1.0,0.5408433341416311
39,0,0.0,0.5137991934709748
39,1,0.05263157894736842,0.44904733718502443
39,2,0.10526315789473684,0.4145861306452068
39,3,0.15789473684210525,0.5446621323997562
39,4,0.21052631578947367,0.5493754775306007
39,5,0.2631578947368421,0.441834333782131
39,6,0.3157894736842105,0.6155981262112792
39,7,0.3684210526315789,0.5906048258742537
39,8,0.42105263157894735,0.6423781773433183
39,9,0.47368421052631576,0.5566122611886269
39,10,0.5263157894736842,0.580709775264506
39,11,0.5789473684210527,0.5136327491487361
39,12,0.631578947368421,0.6053509120689403
39,13,0.6842105263157894,0.6480966937737404
39,14,0.7368421052631579,0.5796694737597019
39,15,0.7894736842105263,0.5328022543978393
39,16,0.8421052631578947,0.4931073656209336
39,17,0.894736842105263,0.5194678534572286
39,18,0.9473684210526315,0.5501638522066348
39,19,1.0,0.47130229390511774
40,0,0.0,0.4436982873065391
40,1,0.05263157894736842,0.4330261001148941
40,2,0.10526315789473684,0.3770597993701693
40,3,0.15789473684210525,0.44069027209459377
40,4,0.21052631578947367,0.5845576617653465
40,5,0.2631578947368421,0.5479914878653668
40,6,0.3157894736842105,0.5074911006686875
40,7,0.3684210526315789,0.54740991103831
40,8,0.42105263157894735,0.5189574683092312
40,9,0.47368421052631576,0.5902608074489835
40,10,0.5263157894736842,0.5567206647157582
40,11,0.5789473684210527,0.6207832705110968
40,12,0.631578947368421,0.6388176746940573
40,13,0.6842105263157894,0.5689002712728891
40,14,0.7368421052631579,0.5302521805993321
40,15,0.7894736842105263,0.45291965922942257
40,16,0.8421052631578947,0.5444081254967934
40,17,0.894736842105263,0.5697177866036142
40,18,0.9473684210526315,0.40138482018212696
40,19,1.0,0.41556957963141206
41,0,0.0,0.5405094010597707
41,1,0.05263157894736842,0.5860883325772898
41,2,0.10526315789473684,0.5467625525772473
41,3,0.15789473684210525,0.544269398075509
41,4,0.21052631578947367,0.5279034476896864
41,5,0.2631578947368421,0.4129466183158116
41,6,0.3157894736842105,0.4872389071392213
41,7,0.3684210526315789,0.37837843260586185
41,8,0.42105263157894735,0.4261212207237277
41,9,0.47368421052631576,0.4010593200514324
41,10,0.5263157894736842,0.5417402565237908
41,11,0.5789473684210527,0.36494697620308836
41,12,0.631578947368421,0.3815259512576049
41,13,0.6842105263157894,0.4710313609975785
41,14,0.7368421052631579,0.4349805690564446
41,15,0.7894736842105263,0.45416319407150757
41,16,0.8421052631578947,0.43450896793080074
41,17,0.894736842105263,0.5065289115425504
41,18,0.9473684210526315,0.5736380497240692
41,19,1.0,0.49127107104690415
42,0,0.0,0.5075825854670193
42,1,0.05263157894736842,0.5133823977240657
42,2,0.10526315789473684,0.5306279865749903
42,3,0.15789473684210525,0.5249347786455597
42,4,0.21052631578947367,0.548647023791817
42,5,0.2631578947368421,0.40650862295063495
42,6,0.3157894736842105,0.47224624551655997
42,7,0.3684210526315789,0.5907998531950378
42,8,0.42105263157894735,0.5471903040549149
42,9,0.47368421052631576,0.5374457461332206
42,10,0.5263157894736842,0.5334862607142725
42,11,0.5789473684210527,0.5367270746908718
42,12,0.631578947368421,0.49240135229659554
42,13,0.6842105263157894,0.5671911670150119
42,14,0.7368421052631579,0.5188092573612467
42,15,0.7894736842105263,0.5472148512881321
42,16,0.8421052631578947,0.5869502475761297
42,17,0.894736842105263,0.5161454215344095
42,18,0.9473684210526315,0.6202312183659434
42,19,1.0,0.4879180210777052
43,0,0.0,0.49166581836376133
43,1,0.05263157894736842,0.5257923465818991
43,2,0.10526315789473684,0.552549665945394
43,3,0.15789473684210525,0.549665096974269
43,4,0.21052631578947367,0.6013124925450934
43,5,0.2631578947368421,0.5472918696655209
43,6,0.3157894736842105,0.546709550212836
43,7,0.3684210526315789,0.5629761844463482
43,8,0.42105263157894735,0.5185309733242012
43,9,0.47368421052631576,0.5556668050392168
43,10,0.5263157894736842,0.5684327548126394
43,11,0.5789473684210527,0.5150145456222958
43,12,0.631578947368421,0.4857494638843568
43,13,0.6842105263157894,0.536662364327137
43,14,0.7368421052631579,0.44644453950370105
43,15,0.7894736842105263,0.5081700876564809
43,16,0.8421052631578947,0.4093964678878507
43,17,0.894736842105263,0.46400838559378804
43,18,0.9473684210526315,0.5024441310082625
43,19,1.0,0.45211190425100717
44,0,0.0,0.49412233836804914
44,1,0.05263157894736842,0.5413949700408724
44,2,0.10526315789473684,0.4758451746485092
44,3,0.15789473684210525,0.5047991507019758
44,4,0.21052631578947367,0.33841598446233967
44,5,0.2631578947368421,0.47026803882161744
44,6,0.3157894736842105,0.5157425493343488
44,7,0.3684210526315789,0.3711090776308682
44,8,0.42105263157894735,0.3842118389259795
44,9,0.47368421052631576,0.4151702929653343
44,10,0.5263157894736842,0.393826090373078
44,11,0.5789473684210527,0.3996590591885031
44,12,0.631578947368421,0.41099187046478813
44,13,0.6842105263157894,0.4016918239149977
44,14,0.7368421052631579,0.5147157031084642
44,15,0.7894736842105263,0.5625793313239351
44,16,0.8421052631578947,0.5857654545437117
44,17,0.894736842105263,0.46485672501073794
44,18,0.9473684210526315,0.5797011096364207
44,19,1.0,0.5674002049983997
45,0,0.0,0.5048724369821246
45,1,0.05263157894736842,0.4597718661893309
45,2,0.10526315789473684,0.43591841036323437
45,3,0.15789473684210525,0.5283353339016426
45,4,0.21052631578947367,0.48598983009292157
45,5,0.2631578947368421,0.44126229427836705
45,6,0.3157894736842105,0.47143967911278944
45,7,0.3684210526315789,0.43683167145273694
45,8,0.42105263157894735,0.38841740031623895
45,9,0.47368421052631576,0.5186393816421542
45,10,0.5263157894736842,0.5122744990735191
45,11,0.5789473684210527,0.4585963438290693
45,12,0.631578947368421,0.5284912692980491
45,13,0.6842105263157894,0.5261190234853235
45,14,0.7368421052631579,0.4878042425234539
45,15,0.7894736842105263,0.5161694248474601
45,16,0.8421052631578947,0.5345224231650036
45,17,0.894736842105263,0.5872044141594447
45,18,0.9473684210526315,0.5826393633281786
45,19,1.0,0.5037135743013412
46,0,0.0,0.559189084757645
46,1,0.05263157894736842,0.6040341659213766
46,2,0.10526315789473684,0.6743275067822131
46,3,0.15789473684210525,0.48863179204835777
46,4,0.21052631578947367,0.5284813733421575
46,5,0.2631578947368421,0.5155862071622535
46,6,0.3157894736842105,0.5127879858042288
46,7,0.3684210526315789,0.5928827808756083
46,8,0.42105263157894735,0.4930181902509755
46,9,0.47368421052631576,0.5650329887081444
46,10,0.5263157894736842,0.5131387381359861
46,11,0.5789473684210527,0.5386323461960574
46,12,0.631578947368421,0.5289029810523784
46,13,0.6842105263157894,0.5738067393273859
46,14,0.7368421052631579,0.5176390542426904
46,15,0.7894736842105263,0.5491481500147412
46,16,0.8421052631578947,0.5109524623329692
46,17,0.894736842105263,0.46149644607520374
46,18,0.9473684210526315,0.5268106535212248
46,19,1.0,0.43236563058710475
47,0,0.0,0.48024256890393746
47,1,0.05263157894736842,0.48027384917658644
47,2,0.10526315789473684,0.5169580236362293
47,3,0.15789473684210525,0.5209810267059801
47,4,0.21052631578947367,0.4827652664808082
47,5,0.2631578947368421,0.39097485961874046
47,6,0.3157894736842105,0.444446617983716
47,7,0.3684210526315789,0.40712449992220906
47,8,0.42105263157894735,0.407833044002043
47,9,0.47368421052631576,0.32666769342602947
47,10,0.5263157894736842,0.4663848831277273
47,11,0.5789473684210527,0.47359416861906056
47,12,0.631578947368421,0.5281140717246644
47,13,0.6842105263157894,0.5463476169804145
47,14,0.7368421052631579,0.5073124915871912
47,15,0.7894736842105263,0.5145708330294207
47,16,0.8421052631578947,0.5220806307986757
47,17,0.894736842105263,0.5905014167730344
47,18,0.9473684210526315,0.572169030938646
47,19,1.0,0.5092113398124524
48,0,0.0,0.4982441671997866
48,1,0.05263157894736842,0.44597113270455524
48,2,0.10526315789473684,0.4343183195032033
48,3,0.15789473684210525,0.4933939097295418
48,4,0.21052631578947367,0.4630136457585683
48,5,0.2631578947368421,0.4661929363718317
48,6,0.3157894736842105,0.4000598946005015
48,7,0.3684210526315789,0.4498859100325551
48,8,0.42105263157894735,0.36867924555036147
48,9,0.47368421052631576,0.4682088877704579
48,10,0.5263157894736842,0.5052549538758191
48,11,0.5789473684210527,0.44444597428065946
48,12,0.631578947368421,0.4472237426627724
48,13,0.6842105263157894,0.41256164122956923
48,14,0.7368421052631579,0.4165658938442355
48,15,0.7894736842105263,0.41806912817669
48,16,0.8421052631578947,0.3149835462926356
48,17,0.894736842105263,0.4908142926738027
48,18,0.9473684210526315,0.32515087049932057
48,19,1.0,0.3951914768970955
49,0,0.0,0.4781225563659279
49,1,0.05263157894736842,0.4456105047935498
49,2,0.10526315789473684,0.45103108663990593
49,3,0.15789473684210525,0.47012100614152963
49,4,0.21052631578947367,0.3904518453488366
49,5,0.2631578947368421,0.45883727449442185
49,6,0.3157894736842105,0.5095055063041822
49,7,0.3684210526315789,0.45186928742491816
49,8,0.42105263157894735,0.47009972919376924
49,9,0.47368421052631576,0.44022099006921583
49,10,0.5263157894736842,0.4680510030690875
49,11,0.5789473684210527,0.5455350923671474
49,12,0.631578947368421,0.5032590123823678
49,13,0.6842105263157894,0.41267413470921915
49,14,0.7368421052631579,0.4353119470311684
49,15,0.7894736842105263,0.474677401191394
49,16,0.8421052631578947,0.504009099333152
49,17,0.894736842105263,0.5625473336985042
49,18,0.9473684210526315,0.4955642684704686
49,19,1.0,0.48502875958285496
50,0,0.0,0.5196937366215353
50,1,0.05263157894736842,0.5239667135819011
50,2,0.10526315789473684,0.5110894310499419
50,3,0.15789473684210525,0.49426252888708544
50,4,0.21052631578947367,0.5012210692554407
50,5,0.2631578947368421,0.5556202779121509
50,6,0.3157894736842105,0.4715436681888066
50,7,0.3684210526315789,0.4420168512189541
50,8,0.42105263157894735,0.5034787480401146
50,9,0.47368421052631576,0.4117843448341253
50,10,0.5263157894736842,0.44558412951040466
50,11,0.5789473684210527,0.4806877882828481
50,12,0.631578947368421,0.33220456166470413
50,13,0.6842105263157894,0.39807748562866396
50,14,0.7368421052631579,0.442923976106864
50,15,0.7894736842105263,0.4789115132502363
50,16,0.8421052631578947,0.3774308059476147
50,17,0.894736842105263,0.3240657839554363
50,18,0.9473684210526315,0.4313008733120897
50,19,1.0,0.4646798953259107
51,0,0.0,0.369581012187502
51,1,0.05263157894736842,0.434308969269709
51,2,0.10526315789473684,0.3973915551500998
51,3,0.15789473684210525,0.47129580752131317
51,4,0.21052631578947367,0.3991753822950513
51,5,0.2631578947368421,0.45807424753251497
51,6,0.3157894736842105,0.46872467116236544
51,7,0.3684210526315789,0.3734668686271928
51,8,0.42105263157894735,0.4157582537743484
51,9,0.47368421052631576,0.46503169465157274
51,10,0.5263157894736842,0.4427097832343936
51,11,0.5789473684210527,0.5091445495619488
51,12,0.631578947368421,0.4430201456338608
51,13,0.6842105263157894,0.524246185513745
51,14,0.7368421052631579,0.5136890959539903
51,15,0.7894736842105263,0.5404414149845322
51,16,0.8421052631578947,0.5413639768725408
51,17,0.894736842105263,0.5442543956546706
51,18,0.9473684210526315,0.6059179533867891
51,19,1.0,0.5561306460581013
52,0,0.0,0.4939138047083849
52,1,0.05263157894736842,0.5232852340555914
52,2,0.10526315789473684,0.4696895074808492
52,3,0.15789473684210525,0.5127488512005776
52,4,0.21052631578947367,0.5001787844434672
52,5,0.2631578947368421,0.4360058528672864
52,6,0.3157894736842105,0.5157381926588722
52,7,0.3684210526315789,0.4845761260925347
52,8,0.42105263157894735,0.47951960191167226
52,9,0.47368421052631576,0.4980105408104589
52,10,0.5263157894736842,0.5387789836127892
52,11,0.5789473684210527,0.5293586719269188
52,12,0.631578947368421,0.4659468190941942
52,13,0.6842105263157894,0.5649690927493325
52,14,0.7368421052631579,0.4997170003873847
52,15,0.7894736842105263,0.4846118097937541
52,16,0.8421052631578947,0.5028884021073283
52,17,0.894736842105263,0.3836445081220415
52,18,0.9473684210526315,0.5991696009256398
52,19,1.0,0.41158715175976646
53,0,0.0,0.5443943534023585
53,1,0.05263157894736842,0.48069445449451426
53,2,0.10526315789473684,0.5564503656743989
53,3,0.15789473684210525,0.4955073373112535
53,4,0.21052631578947367,0.401973945736832
53,5,0.2631578947368421,0.5240211221047585
53,6,0.3157894736842105,0.5582862815433998
53,7,0.3684210526315789,0.5520662356229765
53,8,0.42105263157894735,0.45205922546533894
53,9,0.47368421052631576,0.5198146501111253
53,10,0.5263157894736842,0.5476979038853331
53,11,0.5789473684210527,0.48479094788559374
53,12,0.631578947368421,0.46538971810656554
53,13,0.6842105263157894,0.500214329094696
53,14,0.7368421052631579,0.628856926613256
53,15,0.7894736842105263,0.5314675796035603
53,16,0.8421052631578947,0.4368902761118039
53,17,0.894736842105263,0.45062829604714044
53,18,0.9473684210526315,0.44451402917613453
53,19,1.0,0.43615129860282864
54,0,0.0,0.3701744896694057
54,1,0.05263157894736842,0.37988033834317086
54,2,0.10526315789473684,0.4626037777617297
54,3,0.15789473684210525,0.5360109310956123
54,4,0.21052631578947367,0.49028060507472193
54,5,0.2631578947368421,0.4750096270823786
54,6,0.3157894736842105,0.5006369560402795
54,7,0.3684210526315789,0.4790669113832167
54,8,0.42105263157894735,0.47122241735872095
54,9,0.47368421052631576,0.4598470481320238
54,10,0.5263157894736842,0.5071433154080602
54,11,0.5789473684210527,0.617606692958751
54,12,0.631578947368421,0.603911570719285
54,13,0.6842105263157894,0.574731391581413
54,14,0.7368421052631579,0.5968428109789271
54,15,0.7894736842105263,0.5749205947750848
54,16,0.8421052631578947,0.6117640231803841
54,17,0.894736842105263,0.4828876355497616
54,18,0.9473684210526315,0.5073141909151082
54,19,1.0,0.5587474996433867
55,0,0.0,0.514460284131139
55,1,0.05263157894736842,0.47213647624220184
55,2,0.10526315789473684,0.491173138236583
55,3,0.15789473684210525,0.4086790116077532
55,4,0.21052631578947367,0.39029946690971706
55,5,0.2631578947368421,0.4925245088964823
55,6,0.3157894736842105,0.38454611782534764
55,7,0.3684210526315789,0.3912841829929342
55,8,0.42105263157894735,0.4206846039390723
55,9,0.47368421052631576,0.4711228182977174
55,10,0.5263157894736842,0.4774774360334673
55,11,0.5789473684210527,0.43792127138687675
55,12,0.631578947368421,0.5469167697104719
55,13,0.6842105263157894,0.5009771710942711
55,14,0.7368421052631579,0.3693356604773861
55,15,0.7894736842105263,0.5318265703019295
55,16,0.8421052631578947,0.5568557977575701
55,17,0.894736842105263,0.5019940707768095
55,18,0.9473684210526315,0.5793154847097475
55,19,1.0,0.5510959242057908
56,0,0.0,0.5740344238548479
56,1,0.05263157894736842,0.5769828797010104
56,2,0.10526315789473684,0.5522282394556081
56,3,0.15789473684210525,0.5345797022466149
56,4,0.21052631578947367,0.5512231926279656
56,5,0.2631578947368421,0.5551082282438178
56,6,0.3157894736842105,0.4669034974479368
56,7,0.3684210526315789,0.4508794501967617
56,8,0.42105263157894735,0.5521496211096755
56,9,0.47368421052631576,0.49949323135262796
56,10,0.5263157894736842,0.48347719368135306
56,11,0.5789473684210527,0.5125123625361346
56,12,0.631578947368421,0.4642748483476816
56,13,0.6842105263157894,0.5285023036302486
56,14,0.7368421052631579,0.3957914018128566
56,15,0.7894736842105263,0.4905822408842092
56,16,0.8421052631578947,0.526245355696247
56,17,0.894736842105263,0.45721070678868375
56,18,0.9473684210526315,0.47103668392285725
56,19,1.0,0.3796795726612244
57,0,0.0,0.4887129070119186
57,1,0.05263157894736842,0.5687198858591019
57,2,0.10526315789473684,0.446929559366949
57,3,0.15789473684210525,0.48968528011836515
57,4,0.21052631578947367,0.47736436212309646
57,5,0.2631578947368421,0.4715857224957293
57,6,0.3157894736842105,0.46352690275654296
57,7,0.3684210526315789,0.49608485446813816
57,8,0.42105263157894735,0.5474412425691217
57,9,0.47368421052631576,0.48957407261832625
57,10,0.5263157894736842,0.43615694006508227
57,11,0.5789473684210527,0.4997224099334263
57,12,0.631578947368421,0.42315723355465834
57,13,0.6842105263157894,0.5409471800391655
57,14,0.7368421052631579,0.5239406278331364
57,15,0.7894736842105263,0.47582326838258787
57,16,0.8421052631578947,0.5643409159109928
57,17,0.894736842105263,0.3916186895022037
57,18,0.9473684210526315,0.596392505857448
57,19,1.0,0.6364861411761181
58,0,0.0,0.5990274188885936
58,1,0.05263157894736842,0.47073980744637234
58,2,0.10526315789473684,0.5537549668020952
58,3,0.15789473684210525,0.5430459862084553
58,4,0.21052631578947367,0.5186316227362231
58,5,0.2631578947368421,0.5615874904682424
58,6,0.3157894736842105,0.48724162841969776
58,7,0.3684210526315789,0.4566165398977596
58,8,0.42105263157894735,0.38098832999018784
58,9,0.47368421052631576,0.40873805330869883
58,10,0.5263157894736842,0.4314835436992897
58,11,0.5789473684210527,0.4814559696347685
58,12,0.631578947368421,0.4921412620918235
58,13,0.6842105263157894,0.5091953621841223
58,14,0.7368421052631579,0.5095500242833263
58,15,0.7894736842105263,0.45324258129311046
58,16,0.8421052631578947,0.4999145953001395
58,17,0.894736842105263,0.5188446518259525
58,18,0.9473684210526315,0.5037519547673714
58,19,1.0,0.48845093267198886
59,0,0.0,0.4185970639851027
59,1,0.05263157894736842,0.4710827539756967
59,2,0.10526315789473684,0.5838993350496198
59,3,0.15789473684210525,0.4335778328750006
59,4,0.21052631578947367,0.43535259337540827
59,5,0.2631578947368421,0.45219986577837845
59,6,0.3157894736842105,0.5106567505045263
59,7,0.3684210526315789,0.4772812396936366
59,8,0.42105263157894735,0.6139870180654042
59,9,0.47368421052631576,0.5371585046370287
59,10,0.5263157894736842,0.5457384339792539
59,11,0.5789473684210527,0.5281184898514065
59,12,0.631578947368421,0.48093220349269133
59,13,0.6842105263157894,0.5501231140387957
59,14,0.7368421052631579,0.5940202188178973
59,15,0.7894736842105263,0.4690442261271934
59,16,0.8421052631578947,0.4562206335626114
59,17,0.894736842105263,0.42669926021466553
59,18,0.9473684210526315,0.5333780397874651
59,19,1.0,0.4794128717989414
60,0,0.0,0.48727410628230905
60,1,0.05263157894736842,0.5055296750276534
60,2,0.10526315789473684,0.5410720048029978
60,3,0.15789473684210525,0.4609516879214988
60,4,0.21052631578947367,0.4645640787187052
60,5,0.2631578947368421,0.4037748966778463
60,6,0.3157894736842105,0.43659968922453785
60,7,0.3684210526315789,0.49182693765300456
60,8,0.42105263157894735,0.46675304127511535
60,9,0.47368421052631576,0.5249164078856646
60,10,0.5263157894736842,0.4650107141734311
60,11,0.5789473684210527,0.5150425255570006
60,12,0.631578947368421,0.5525578225019404
60,13,0.6842105263157894,0.546089638888598
60,14,0.7368421052631579,0.49543258773895643
60,15,0.7894736842105263,0.5504812050317344
60,16,0.8421052631578947,0.46863702643058397
60,17,0.894736842105263,0.5039929648192161
60,18,0.9473684210526315,0.544181254718079
60,19,1.0,0.5307210992145236
61,0,0.0,0.45573513668164656
61,1,0.05263157894736842,0.3995587095158771
61,2,0.10526315789473684,0.46645401287022936
61,3,0.15789473684210525,0.4941750352114799
61,4,0.21052631578947367,0.43783766575563915
61,5,0.2631578947368421,0.45749488158660323
61,6,0.3157894736842105,0.4328133782145706
61,7,0.3684210526315789,0.4227041344315251
61,8,0.42105263157894735,0.45426436181463475
61,9,0.47368421052631576,0.447088755878448
61,10,0.5263157894736842,0.5867536942613023
61,11,0.5789473684210527,0.4031983301994921
61,12,0.631578947368421,0.4907409573126441
61,13,0.6842105263157894,0.5213614160207598
61,14,0.7368421052631579,0.5602844254852658
61,15,0.7894736842105263,0.5159765940601423
61,16,0.8421052631578947,0.5716077589309874
61,17,0.894736842105263,0.5730895615626181
61,18,0.9473684210526315,0.5508982369414037
61,19,1.0,0.49741378411471543
62,0,0.0,0.488255318916848
62,1,0.05263157894736842,0.4596570783898966
62,2,0.10526315789473684,0.4457912707539711
62,3,0.15789473684210525,0.5775521639120462
62,4,0.21052631578947367,0.4933760716179084
62,5,0.2631578947368421,0.5243094486613087
62,6,0.3157894736842105,0.5372233540875098
62,7,0.3684210526315789,0.5843544833870042
62,8,0.42105263157894735,0.6473019642435218
62,9,0.47368421052631576,0.497419783757181
62,10,0.5263157894736842,0.586611208024318
62,11,0.5789473684210527,0.6068469078658898
62,12,0.631578947368421,0.5892485056651653
62,13,0.6842105263157894,0.4033351782483162
62,14,0.7368421052631579,0.5800765041369986
62,15,0.7894736842105263,0.5611832207471196
62,16,0.8421052631578947,0.5238402522041431
62,17,0.894736842105263,0.5744393266241892
62,18,0.9473684210526315,0.6146860981219777
62,19,1.0,0.5114408032873016
63,0,0.0,0.43638717816709804
63,1,0.05263157894736842,0.4102988719769255
63,2,0.10526315789473684,0.5067854936172704
63,3,0.15789473684210525,0.5299032110687992
63,4,0.21052631578947367,0.5540210855012001
63,5,0.2631578947368421,0.5259508907276503
63,6,0.3157894736842105,0.5329568409639828
63,7,0.3684210526315789,0.5145813504907528
63,8,0.42105263157894735,0.5015886892306733
63,9,0.47368421052631576,0.6257197123716418
63,10,0.5263157894736842,0.5841991325117272
63,11,0.5789473684210527,0.6456075100246094
63,12,0.631578947368421,0.6115365184398758
63,13,0.6842105263157894,0.4774167675455923
63,14,0.7368421052631579,0.5020598760226845
63,15,0.7894736842105263,0.505893873259267
63,16,0.8421052631578947,0.46473852549982086
63,17,0.894736842105263,0.5095041859307078
63,18,0.9473684210526315,0.4919984100784542
63,19,1.0,0.48115730533451434
64,0,0.0,0.42974730184179044
64,1,0.05263157894736842,0.47192112062847325
64,2,0.10526315789473684,0.41030793143886024
64,3,0.15789473684210525,0.4977184980466633
64,4,0.21052631578947367,0.41065149150124786
64,5,0.2631578947368421,0.40603388240037075
64,6,0.3157894736842105,0.47954615821170277
64,7,0.3684210526315789,0.5486590336598665
64,8,0.42105263157894735,0.47526752720112375
64,9,0.47368421052631576,0.5013527342868438
64,10,0.5263157894736842,0.5659415157273475
64,11,0.5789473684210527,0.5539592182469356
64,12,0.631578947368421,0.4880345825502367
64,13,0.6842105263157894,0.4347588750641932
64,14,0.7368421052631579,0.6216533439482939
64,15,0.7894736842105263,0.5370919434415592
64,16,0.8421052631578947,0.5094590251301162
64,17,0.894736842105263,0.5398594343674532
64,18,0.9473684210526315,0.5502025808531558
64,19,1.0,0.5617713992311774
65,0,0.0,0.41860245921662226
65,1,0.05263157894736842,0.4858080740645939
65,2,0.10526315789473684,0.44850575053469693
65,3,0.15789473684210525,0.47384706149254363
65,4,0.21052631578947367,0.4079198142643148
65,5,0.2631578947368421,0.5494551436522767
65,6,0.3157894736842105,0.5004388347775586
65,7,0.3684210526315789,0.43906967552624365
65,8,0.42105263157894735,0.4917779268809779
65,9,0.47368421052631576,0.4165844849196594
65,10,0.5263157894736842,0.5238695500409222
65,11,0.5789473684210527,0.4484361904429354
65,12,0.631578947368421,0.41482590465079183
65,13,0.6842105263157894,0.443396799227267
65,14,0.7368421052631579,0.5131657709986664
65,15,0.7894736842105263,0.46470916577231836
65,16,0.8421052631578947,0.510660765989542
65,17,0.894736842105263,0.4795945732653291
65,18,0.9473684210526315,0.4872672008108196
65,19,1.0,0.4624999487124448
66,0,0.0,0.586620244133622
66,1,0.05263157894736842,0.46256784730700723
66,2,0.10526315789473684,0.554328923190682
66,3,0.15789473684210525,0.5214610721018591
66,4,0.21052631578947367,0.459701691737836
66,5,0.2631578947368421,0.5936971996203124
66,6,0.3157894736842105,0.5638960376269463
66,7,0.3684210526315789,0.44726210422065127
66,8,0.42105263157894735,0.5913366179520843
66,9,0.47368421052631576,0.4498251456633432
66,10,0.5263157894736842,0.45466307521460336
66,11,0.5789473684210527,0.5342065706794707
66,12,0.631578947368421,0.4914512238715509
66,13,0.6842105263157894,0.4677143354394099
66,14,0.7368421052631579,0.45317300860047993
66,15,0.7894736842105263,0.4355148884164929
66,16,0.8421052631578947,0.4900309207206173
66,17,0.894736842105263,0.40463304605875083
66,18,0.9473684210526315,0.4071318363814984
66,19,1.0,0.36743181648044226
67,0,0.0,0.5101145565121304
67,1,0.05263157894736842,0.5755002430019268
67,2,0.10526315789473684,0.5977547737063437
67,3,0.15789473684210525,0.6046457012465549
67,4,0.21052631578947367,0.5761281544288317
67,5,0.2631578947368421,0.6059497156399423
67,6,0.3157894736842105,0.6214478795928826
67,7,0.3684210526315789,0.5490119865584062
67,8,0.42105263157894735,0.524228071962972
67,9,0.47368421052631576,0.6365718951756191
67,10,0.5263157894736842,0.5904090363880534
67,11,0.5789473684210527,0.5820935108299172
67,12,0.631578947368421,0.5690269446460862
67,13,0.6842105263157894,0.5656897574799772
67,14,0.7368421052631579,0.40283405470040734
67,15,0.7894736842105263,0.3681383884088127
67,16,0.8421052631578947,0.6011477740058214
67,17,0.894736842105263,0.589609740287009
67,18,0.9473684210526315,0.5498758752500607
67,19,1.0,0.5135879167574879
68,0,0.0,0.4973083594271278
68,1,0.05263157894736842,0.5182740175120424
68,2,0.10526315789473684,0.47092453394493095
68,3,0.15789473684210525,0.5125177579576122
68,4,0.21052631578947367,0.543157206463201
68,5,0.2631578947368421,0.5282499667960313
68,6,0.3157894736842105,0.5530831690725045
68,7,0.3684210526315789,0.4694590490953918
68,8,0.42105263157894735,0.4846417512710406
68,9,0.47368421052631576,0.44862219991303687
68,10,0.5263157894736842,0.3878621290603496
68,11,0.5789473684210527,0.4302005271939404
68,12,0.631578947368421,0.49809932378017474
68,13,0.6842105263157894,0.4404718931111251
68,14,0.7368421052631579,0.5412617406415678
68,15,0.7894736842105263,0.5099502981064863
68,16,0.8421052631578947,0.4412759429947067
68,17,0.894736842105263,0.5005714811440063
68,18,0.9473684210526315,0.5012399531668218
68,19,1.0,0.5365399780945523
69,0,0.0,0.5187030367139306
69,1,0.05263157894736842,0.562872948569579
69,2,0.10526315789473684,0.4619168659101003
69,3,0.15789473684210525,0.6058964089009509
69,4,0.21052631578947367,0.4848648038837439
69,5,0.2631578947368421,0.5442003688150471
69,6,0.3157894736842105,0.5850124040016524
69,7,0.3684210526315789,0.5457544154429713
69,8,0.42105263157894735,0.6155207737664382
69,9,0.47368421052631576,0.6035126337204255
69,10,0.5263157894736842,0.48442004387353116
69,11,0.5789473684210527,0.4352990236917816
69,12,0.631578947368421,0.5175775603059907
69,13,0.6842105263157894,0.5532245041523515
69,14,0.7368421052631579,0.41577440091852147
69,15,0.7894736842105263,0.42618604976067404
69,16,0.8421052631578947,0.4368331992964903
69,17,0.894736842105263,0.6370504051011605
69,18,0.9473684210526315,0.39428710902177244
69,19,1.0,0.46169488136164
70,0,0.0,0.4984831892346377
70,1,0.05263157894736842,0.6253622004226717
70,2,0.10526315789473684,0.5589951868355333
70,3,0.15789473684210525,0.5786576702172647
70,4,0.21052631578947367,0.6335555658352241
70,5,0.2631578947368421,0.606032872139951
70,6,0.3157894736842105,0.6236928103512767
70,7,0.3684210526315789,0.541972273005713
70,8,0.42105263157894735,0.4421503707087844
70,9,0.47368421052631576,0.5544011493133363
70,10,0.5263157894736842,0.5265386880225614
70,11,0.5789473684210527,0.3867216617379782
70,12,0.631578947368421,0.42694377526557814
70,13,0.6842105263157894,0.4895163583167541
70,14,0.7368421052631579,0.4656580591420999
70,15,0.7894736842105263,0.39086367372356057
70,16,0.8421052631578947,0.4004674258243714
70,17,0.894736842105263,0.45104355323853906
70,18,0.9473684210526315,0.4353796636831976
70,19,1.0,0.4795695232180573
71,0,0.0,0.5061031581594149
71,1,0.05263157894736842,0.5494200302831985
71,2,0.10526315789473684,0.5777659030663709
71,3,0.15789473684210525,0.6546565812109044
71,4,0.21052631578947367,0.5994711783120974
71,5,0.2631578947368421,0.5871314237219066
71,6,0.3157894736842105,0.535088990906081
71,7,0.3684210526315789,0.6508594459776641
71,8,0.42105263157894735,0.5181278991358937
71,9,0.47368421052631576,0.5799905318202924
71,10,0.5263157894736842,0.5675634445351497
71,11,0.5789473684210527,0.45136532808418434
71,12,0.631578947368421,0.4608941430380773
71,13,0.6842105263157894,0.47038770841940203
71,14,0.7368421052631579,0.44924638340958784
71,15,0.7894736842105263,0.5258460577382452
71,16,0.8421052631578947,0.4741540883078455
71,17,0.894736842105263,0.39407974779946486
71,18,0.9473684210526315,0.4018461817492763
71,19,1.0,0.42081064882851305
72,0,0.0,0.49592255981898486
72,1,0.05263157894736842,0.5611155823566774
72,2,0.10526315789473684,0.45426190147095064
72,3,0.15789473684210525,0.5674673390673619
72,4,0.21052631578947367,0.5259223243461258
72,5,0.2631578947368421,0.507739555625786
72,6,0.3157894736842105,0.5151228945788998
72,7,0.3684210526315789,0.565214958833014
72,8,0.42105263157894735,0.5729522142206093
72,9,0.47368421052631576,0.5497744221191253
72,10,0.5263157894736842,0.6166439117599265
72,11,0.5789473684210527,0.6811207982942811
72,12,0.631578947368421,0.5978598035921581
72,13,0.6842105263157894,0.529203194285246
72,14,0.7368421052631579,0.5249598936178268
72,15,0.7894736842105263,0.5362853119716046
72,16,0.8421052631578947,0.6101210697963034
72,17,0.894736842105263,0.5188612476463584
72,18,0.9473684210526315,0.5019934839171232
72,19,1.0,0.46335210270914795
73,0,0.0,0.42716334737108463
73,1,0.05263157894736842,0.48855151350153525
73,2,0.10526315789473684,0.3927718325971583
73,3,0.15789473684210525,0.48783971441354174
73,4,0.21052631578947367,0.4039306766592576
73,5,0.2631578947368421,0.44667258118052056
73,6,0.3157894736842105,0.4528680795709714
73,7,0.3684210526315789,0.5397591738955746
73,8,0.42105263157894735,0.4389641220115115
73,9,0.47368421052631576,0.5540607262593511
73,10,0.5263157894736842,0.39621902411108545
73,11,0.5789473684210527,0.536400644119492
73,12,0.631578947368421,0.5818580547786462
73,13,0.6842105263157894,0.5272902902809841
73,14,0.7368421052631579,0.5758563687009168
73,15,0.7894736842105263,0.5438529997157151
73,16,0.8421052631578947,0.6213950479779026
73,17,0.894736842105263,0.46590026434288245
73,18,0.9473684210526315,0.45053035966981253
73,19,1.0,0.5299848245413907
74,0,0.0,0.5468483961675406
74,1,0.05263157894736842,0.4396939244345234
74,2,0.10526315789473684,0.4908547270897832
74,3,0.15789473684210525,0.4504254313604178
74,4,0.21052631578947367,0.45973266106223903
74,5,0.2631578947368421,0.5549482616731405
74,6,0.3157894736842105,0.5420386109065282
74,7,0.3684210526315789,0.5621248434684021
74,8,0.42105263157894735,0.5405749387870495
74,9,0.47368421052631576,0.581477603981793
74,10,0.5263157894736842,0.5240735525656536
74,11,0.5789473684210527,0.6039726462817243
74,12,0.631578947368421,0.6105811208773696
74,13,0.6842105263157894,0.48785489126957404
74,14,0.7368421052631579,0.4750869210715917
74,15,0.7894736842105263,0.5190040158208573
74,16,0.8421052631578947,0.5349228500446723
74,17,0.894736842105263,0.5119514412954412
74,18,0.9473684210526315,0.4925787964606963
74,19,1.0,0.6090972802368679
75,0,0.0,0.4386910206718134
75,1,0.05263157894736842,0.4312142321669435
75,2,0.10526315789473684,0.48568078276565707
75,3,0.15789473684210525,0.4394917082476738
75,4,0.21052631578947367,0.4950782650709591
75,5,0.2631578947368421,0.45381282352404945
75,6,0.3157894736842105,0.46445191907186284
75,7,0.3684210526315789,0.46178146690368305
75,8,0.42105263157894735,0.39661140462641326
75,9,0.47368421052631576,0.38264766939288963
75,10,0.5263157894736842,0.4212886683320445
75,11,0.5789473684210527,0.4944112843736178
75,12,0.631578947368421,0.4016065670181895
75,13,0.6842105263157894,0.42425918794213663
75,14,0.7368421052631579,0.4173559584476817
75,15,0.7894736842105263,0.4128442239805611
75,16,0.8421052631578947,0.4069015638001302
75,17,0.894736842105263,0.3968876884959261
75,18,0.9473684210526315,0.5741171722427251
75,19,1.0,0.43851709448931997
76,0,0.0,0.45278220540255953
76,1,0.05263157894736842,0.42128613300796786
76,2,0.10526315789473684,0.5663514747106028
76,3,0.15789473684210525,0.5245222476992045
76,4,0.21052631578947367,0.5872801222506385
76,5,0.2631578947368421,0.5591773901582962
76,6,0.3157894736842105,0.5206975353590744
76,7,0.3684210526315789,0.5627378415913504
76,8,0.42105263157894735,0.5899269027662646
76,9,0.47368421052631576,0.5919302272862457
76,10,0.5263157894736842,0.44554078329756974
76,11,0.5789473684210527,0.5747112219014024
76,12,0.631578947368421,0.547168696505778
76,13,0.6842105263157894,0.6643780525775066
76,14,0.7368421052631579,0.570828016886326
76,15,0.7894736842105263,0.4733512714663122
76,16,0.8421052631578947,0.47724050859845524
76,17,0.894736842105263,0.5301456194978671
76,18,0.9473684210526315,0.46273618011328554
76,19,1.0,0.48419512550007904
77,0,0.0,0.5227639015780909
77,1,0.05263157894736842,0.47378118690020815
77,2,0.10526315789473684,0.4992372594401377
77,3,0.15789473684210525,0.4820761480461316
77,4,0.21052631578947367,0.4424835305593352
77,5,0.2631578947368421,0.5468978954094256
77,6,0.3157894736842105,0.4649676126262051
77,7,0.3684210526315789,0.40262403218879217
77,8,0.42105263157894735,0.4513830582898342
77,9,0.47368421052631576,0.4803891147174538
77,10,0.5263157894736842,0.5473147996023041
77,11,0.5789473684210527,0.4735384469194867
77,12,0.631578947368421,0.4753447900032543
77,13,0.6842105263157894,0.44605938142634205
77,14,0.7368421052631579,0.4771796754168545
77,15,0.7894736842105263,0.5460736206623573
77,16,0.8421052631578947,0.5545978380863263
77,17,0.894736842105263,0.4823933822410646
77,18,0.9473684210526315,0.5653544882906186
77,19,1.0,0.5634100760814149
78,0,0.0,0.47745326395417403
78,1,0.05263157894736842,0.5933214613229598
78,2,0.10526315789473684,0.5228945130203181
78,3,0.15789473684210525,0.421267771402389
78,4,0.21052631578947367,0.4541867361717468
78,5,0.2631578947368421,0.4310725956605762
78,6,0.3157894736842105,0.39153209167456965
78,7,0.3684210526315789,0.4319824526651862
78,8,0.42105263157894735,0.423685078691976
78,9,0.47368421052631576,0.397817149241735
78,10,0.5263157894736842,0.43251506924792005
78,11,0.5789473684210527,0.3425561132500759
78,12,0.631578947368421,0.43608362831847525
78,13,0.6842105263157894,0.4671782893007074
78,14,0.7368421052631579,0.5006422618426823
78,15,0.7894736842105263,0.5418176536776722
78,16,0.8421052631578947,0.5133354391917805
78,17,0.894736842105263,0.5654153154251416
78,18,0.9473684210526315,0.6043129021875517
78,19,1.0,0.5819100756687796
79,0,0.0,0.4718779527935712
79,1,0.05263157894736842,0.5219970178056755
79,2,0.10526315789473684,0.4624328377697771
79,3,0.15789473684210525,0.49819109010925344
79,4,0.21052631578947367,0.4559497538274302
79,5,0.2631578947368421,0.4289155615122281
79,6,0.3157894736842105,0.33118086425587095
79,7,0.3684210526315789,0.4147986681616942
79,8,0.42105263157894735,0.5232531637061513
79,9,0.47368421052631576,0.46723115443869956
79,10,0.5263157894736842,0.42263331491195316
79,11,0.5789473684210527,0.4074793530321534
79,12,0.631578947368421,0.45690413906727195
79,13,0.6842105263157894,0.5005308085600089
79,14,0.7368421052631579,0.49239331364498756
79,15,0.7894736842105263,0.36689213731687265
79,16,0.8421052631578947,0.5051356108684655
79,17,0.894736842105263,0.5454662268980427
79,18,0.9473684210526315,0.4748511015034907
79,19,1.0,0.5064325210090457
80,0,0.0,0.42911615236254136
80,1,0.05263157894736842,0.36843277291899174
80,2,0.10526315789473684,0.5112506883935959
80,3,0.15789473684210525,0.5025089920890794
80,4,0.21052631578947367,0.5365260966802805
80,5,0.2631578947368421,0.5073117792078372
80,6,0.3157894736842105,0.43501164860587793
80,7,0.3684210526315789,0.5007426929667499
80,8,0.42105263157894735,0.4014366561108636
80,9,0.47368421052631576,0.44292736897660345
80,10,0.5263157894736842,0.5490434951407895
80,11,0.5789473684210527,0.48915821614635735
80,12,0.631578947368421,0.4556129524659489
80,13,0.6842105263157894,0.41641063152088537
80,14,0.7368421052631579,0.37812635696589064
80,15,0.7894736842105263,0.5039447285804232
80,16,0.8421052631578947,0.44829323044870284
80,17,0.894736842105263,0.4495263763618034
80,18,0.9473684210526315,0.5603165310357929
80,19,1.0,0.5091809354744881
81,0,0.0,0.48770194065263217
81,1,0.05263157894736842,0.4593179254403616
81,2,0.10526315789473684,0.4727814009502303
81,3,0.15789473684210525,0.3968010667336331
81,4,0.21052631578947367,0.4669729073658187
81,5,0.2631578947368421,0.4391390258494111
81,6,0.3157894736842105,0.4904334242289774
81,7,0.3684210526315789,0.42013818268101877
81,8,0.42105263157894735,0.44768533826315526
81,9,0.47368421052631576,0.4935528282059684
81,10,0.5263157894736842,0.5088614558564338
81,11,0.5789473684210527,0.4251301044577508
81,12,0.631578947368421,0.39765252295125575
81,13,0.6842105263157894,0.5046702684355289
81,14,0.7368421052631579,0.4269017007731929
81,15,0.7894736842105263,0.3993019425211729
81,16,0.8421052631578947,0.4670457782927977
81,17,0.894736842105263,0.41579630169004167
81,18,0.9473684210526315,0.48098620246376733
81,19,1.0,0.47956968571122843
82,0,0.0,0.3627332992805146
82,1,0.05263157894736842,0.43318487199728734
82,2,0.10526315789473684,0.4167729325727064
82,3,0.15789473684210525,0.5052657375534639
82,4,0.21052631578947367,0.4029616171209076
82,5,0.2631578947368421,0.47530461999739815
82,6,0.3157894736842105,0.4029519553756701
82,7,0.3684210526315789,0.45789611265143676
82,8,0.42105263157894735,0.4938033555877572
82,9,0.47368421052631576,0.49132148569647893
82,10,0.5263157894736842,0.6230309001198538
82,11,0.5789473684210527,0.5286549864175677
82,12,0.631578947368421,0.6012772702681641
82,13,0.6842105263157894,0.5917237704479497
82,14,0.7368421052631579,0.651804224048566
82,15,0.7894736842105263,0.49551509416130923
82,16,0.8421052631578947,0.673790165861325
82,17,0.894736842105263,0.5977483544778459
82,18,0.9473684210526315,0.553750216751082
82,19,1.0,0.5454966344284502
83,0,0.0,0.47012186212414003
83,1,0.05263157894736842,0.48220968641101436
83,2,0.10526315789473684,0.4026572802511619
83,3,0.15789473684210525,0.3916456987199449
83,4,0.21052631578947367,0.427552123278639
83,5,0.2631578947368421,0.41490578126575617
83,6,0.3157894736842105,0.4431479500312991
83,7,0.3684210526315789,0.4118756889461293
83,8,0.42105263157894735,0.5265626916668704
83,9,0.47368421052631576,0.46400041706152234
83,10,0.5263157894736842,0.44096145305479056
83,11,0.5789473684210527,0.5444553512628547
83,12,0.631578947368421,0.4336747579899859
83,13,0.6842105263157894,0.4733443231495582
83,14,0.7368421052631579,0.4696705212346511
83,15,0.7894736842105263,0.5032658261406253
83,16,0.8421052631578947,0.46708170309730496
83,17,0.894736842105263,0.5142758878328407
83,18,0.9473684210526315,0.5318708679012811
83,19,1.0,0.3797707304540664
84,0,0.0,0.4416787488682955
84,1,0.05263157894736842,0.49631807669854416
84,2,0.10526315789473684,0.5450113279183969
84,3,0.15789473684210525,0.4996546051664623
84,4,0.21052631578947367,0.5127877274878431
84,5,0.2631578947368421,0.47058746540162605
84,6,0.3157894736842105,0.5183983070329958
84,7,0.3684210526315789,0.5413617450666872
84,8,0.42105263157894735,0.4211396597899706
84,9,0.47368421052631576,0.474310025999715
84,10,0.5263157894736842,0.556888073102269
84,11,0.5789473684210527,0.5887867279577719
84,12,0.631578947368421,0.521918516617438
84,13,0.6842105263157894,0.6005294212348586
84,14,0.7368421052631579,0.4817900876073788
84,15,0.7894736842105263,0.6225376498181298
84,16,0.8421052631578947,0.5584294845698271
84,17,0.894736842105263,0.5969634598650927
84,18,0.9473684210526315,0.5328141044783614
84,19,1.0,0.48227340571236577
85,0,0.0,0.3962617658239045
85,1,0.05263157894736842,0.5247552849874385
85,2,0.10526315789473684,0.45787595393263225
85,3,0.15789473684210525,0.4455057920865382
85,4,0.21052631578947367,0.5357402400618573
85,5,0.2631578947368421,0.5368241713120878
85,6,0.3157894736842105,0.5140703057557645
85,7,0.3684210526315789,0.5303592751406108
85,8,0.42105263157894735,0.5833057475932448
85,9,0.47368421052631576,0.5218353898870767
85,10,0.5263157894736842,0.49406415112051705
85,11,0.5789473684210527,0.5969557354342466
85,12,0.631578947368421,0.6736648559739162
85,13,0.6842105263157894,0.5861973676433354
85,14,0.7368421052631579,0.5650120907847545
85,15,0.7894736842105263,0.5412658849284391
85,16,0.8421052631578947,0.5186089622194001
85,17,0.894736842105263,0.5916464040973949
85,18,0.9473684210526315,0.4936998058954719
85,19,1.0,0.4781672102480178
86,0,0.0,0.4244319820693142
86,1,0.05263157894736842,0.4575097158323266
86,2,0.10526315789473684,0.4504503545414753
86,3,0.15789473684210525,0.42893368018661626
86,4,0.21052631578947367,0.48637975379288906
86,5,0.2631578947368421,0.48091101294806426
86,6,0.3157894736842105,0.5553238583583251
86,7,0.3684210526315789,0.5454598747563575
86,8,0.42105263157894735,0.5669353874719075
86,9,0.47368421052631576,0.539216776004711
86,10,0.5263157894736842,0.579308792779476
86,11,0.5789473684210527,0.5108240443900208
86,12,0.631578947368421,0.5199476227696869
86,13,0.6842105263157894,0.5979910531964995
86,14,0.7368421052631579,0.5797398852310122
86,15,0.7894736842105263,0.4503752466564783
86,16,0.8421052631578947,0.5314297974877341
86,17,0.894736842105263,0.5757135937423181
86,18,0.9473684210526315,0.5243054661820733
86,19,1.0,0.5739683579680013
87,0,0.0,0.460754204187872
87,1,0.05263157894736842,0.4630210878116007
87,2,0.10526315789473684,0.5060801872052593
87,3,0.15789473684210525,0.4554630937699228
87,4,0.21052631578947367,0.5174310601381772
87,5,0.2631578947368421,0.40481419784552736
87,6,0.3157894736842105,0.4448840085979929
87,7,0.3684210526315789,0.3885007729053588
87,8,0.42105263157894735,0.37269031424069643
87,9,0.47368421052631576,0.31637818794005945
87,10,0.5263157894736842,0.4643822213446756
87,11,0.5789473684210527,0.4706354606784763
87,12,0.631578947368421,0.5417525060844557
87,13,0.6842105263157894,0.4472986262064659
87,14,0.7368421052631579,0.5489162044011611
87,15,0.7894736842105263,0.5881283102971169
87,16,0.8421052631578947,0.6321878951544323
87,17,0.894736842105263,0.5476573245826546
87,18,0.9473684210526315,0.6222339895474708
87,19,1.0,0.5301119099362402
88,0,0.0,0.5408291438593911
88,1,0.05263157894736842,0.5669145506833203
88,2,0.10526315789473684,0.551233371634294
88,3,0.15789473684210525,0.5231820558171328
88,4,0.21052631578947367,0.5252880986892638
88,5,0.2631578947368421,0.48395829802930246
88,6,0.3157894736842105,0.6210110177428978
88,7,0.3684210526315789,0.5424362838540455
88,8,0.42105263157894735,0.5759345939944531
88,9,0.47368421052631576,0.5006095717323895
88,10,0.5263157894736842,0.4958594683222825
88,11,0.5789473684210527,0.5164660980150243
88,12,0.631578947368421,0.5218995978140586
88,13,0.6842105263157894,0.5582118321651504
88,14,0.7368421052631579,0.4803815272258796
88,15,0.7894736842105263,0.5346780718285165
88,16,0.8421052631578947,0.47011907597317903
88,17,0.894736842105263,0.5474338889530094
88,18,0.9473684210526315,0.5354009281298959
88,19,1.0,0.44836722657985856
89,0,0.0,0.36503775329622634
89,1,0.05263157894736842,0.5308544430205682
89,2,0.10526315789473684,0.5349019589027918
89,3,0.15789473684210525,0.4968083754312358
89,4,0.21052631578947367,0.44846473842644863
89,5,0.2631578947368421,0.5966425417989368
89,6,0.3157894736842105,0.5706916745430565
89,7,0.3684210526315789,0.5435835506080501
89,8,0.42105263157894735,0.6617768838508152
89,9,0.47368421052631576,0.5773591546813543
89,10,0.5263157894736842,0.526687895802018
89,11,0.5789473684210527,0.5425283686467289
89,12,0.631578947368421,0.5115235656009887
89,13,0.6842105263157894,0.5489402529113104
89,14,0.7368421052631579,0.5680354384980572
89,15,0.7894736842105263,0.5997054566546003
89,16,0.8421052631578947,0.5977248012662517
89,17,0.894736842105263,0.597634804786641
89,18,0.9473684210526315,0.5133649469654599
89,19,1.0,0.45468652566929624
90,0,0.0,0.5746940524133249
90,1,0.05263157894736842,0.6389684507407485
90,2,0.10526315789473684,0.5000217180227458
90,3,0.15789473684210525,0.5984186133675711
90,4,0.21052631578947367,0.5721902371689525
90,5,0.2631578947368421,0.6243674410659016
90,6,0.3157894736842105,0.5942896286495892
90,7,0.3684210526315789,0.6252077053493894
90,8,0.42105263157894735,0.6403501272772396
90,9,0.47368421052631576,0.5768014591322023
90,10,0.5263157894736842,0.5319566112265989
90,11,0.5789473684210527,0.5248778527520587
90,12,0.631578947368421,0.49260559420242384
90,13,0.6842105263157894,0.5242826753720257
90,14,0.7368421052631579,0.4599059052274951
90,15,0.7894736842105263,0.48350811673640387
90,16,0.8421052631578947,0.508912747668584
90,17,0.894736842105263,0.5309940463331027
90,18,0.9473684210526315,0.4792477184716342
90,19,1.0,0.39903040019635333
91,0,0.0,0.4878089223855455
91,1,0.05263157894736842,0.5572553485232637
91,2,0.10526315789473684,0.5478243946382021
91,3,0.15789473684210525,0.5390592627529779
91,4,0.21052631578947367,0.5783814819420477
91,5,0.2631578947368421,0.47859501314141006
91,6,0.3157894736842105,0.6459744922610247
91,7,0.3684210526315789,0.5410735086664841
91,8,0.42105263157894735,0.4579924558136481
91,9,0.47368421052631576,0.5270638334743555
91,10,0.5263157894736842,0.3696614800419142
91,11,0.5789473684210527,0.4800091639583459
91,12,0.631578947368421,0.32087199446745807
91,13,0.6842105263157894,0.44728327899118986
91,14,0.7368421052631579,0.412113054212089
91,15,0.7894736842105263,0.3961969673040956
91,16,0.8421052631578947,0.46310246530550053
91,17,0.894736842105263,0.39876882107979295
91,18,0.9473684210526315,0.4941480220330757
91,19,1.0,0.4853875715124317
92,0,0.0,0.5292401349361361
92,1,0.05263157894736842,0.4651822444158917
92,2,0.10526315789473684,0.4440388697778877
92,3,0.15789473684210525,0.5327102365266618
92,4,0.21052631578947367,0.48675543343473243
92,5,0.2631578947368421,0.4437054713338859
92,6,0.3157894736842105,0.5363697937764913
92,7,0.3684210526315789,0.3490025879350903
92,8,0.42105263157894735,0.4661064994951792
92,9,0.47368421052631576,0.4745778985334279
92,10,0.5263157894736842,0.5619906141667257
92,11,0.5789473684210527,0.4675669112720185
92,12,0.631578947368421,0.444446853612367
92,13,0.6842105263157894,0.5294235316775137
92,14,0.7368421052631579,0.4515532144567157
92,15,0.7894736842105263,0.4406149616253825
92,16,0.8421052631578947,0.5163647792132381
92,17,0.894736842105263,0.4603483290502631
92,18,0.9473684210526315,0.3772012398991305
92,19,1.0,0.46158715976942155
93,0,0.0,0.4094830158840782
93,1,0.05263157894736842,0.5156921222262544
93,2,0.10526315789473684,0.5301871563382682
93,3,0.15789473684210525,0.44842499776031625
93,4,0.21052631578947367,0.39815252183464817
93,5,0.2631578947368421,0.5165329071753505
93,6,0.3157894736842105,0.42724021144193
93,7,0.3684210526315789,0.5532567055669413
93,8,0.42105263157894735,0.49400070891675324
93,9,0.47368421052631576,0.5102451267830583
93,10,0.5263157894736842,0.4429459123067017
93,11,0.5789473684210527,0.502475368169476
93,12,0.631578947368421,0.4604926403528567
93,13,0.6842105263157894,0.44923888607000073
93,14,0.7368421052631579,0.47903829483055393
93,15,0.7894736842105263,0.5232011711524399
93,16,0.8421052631578947,0.5433517695812385
93,17,0.894736842105263,0.5612998076701057
93,18,0.9473684210526315,0.5922657987057123
93,19,1.0,0.46448693918686124
94,0,0.0,0.49838694949882817
94,1,0.05263157894736842,0.35439504088034024
94,2,0.10526315789473684,0.3764889468682893
94,3,0.15789473684210525,0.4450330159337536
94,4,0.21052631578947367,0.501379424469388
94,5,0.2631578947368421,0.5948448684383091
94,6,0.3157894736842105,0.4577652469809935
94,7,0.3684210526315789,0.4037095780920605
94,8,0.42105263157894735,0.5254836550323588
94,9,0.47368421052631576,0.5715716349761888
94,10,0.5263157894736842,0.523960290380171
94,11,0.5789473684210527,0.506297125137771
94,12,0.631578947368421,0.5797267653624619
94,13,0.6842105263157894,0.5743813055812842
94,14,0.7368421052631579,0.6210447852646807
94,15,0.7894736842105263,0.47476627369009683
94,16,0.8421052631578947,0.5667758044644652
94,17,0.894736842105263,0.5856352698088623
94,18,0.9473684210526315,0.49795473036559224
94,19,1.0,0.49208150349266205
95,0,0.0,0.5096762009197964
95,1,0.05263157894736842,0.4157066380920706
95,2,0.10526315789473684,0.4201892754996649
95,3,0.15789473684210525,0.42006268128301155
95,4,0.21052631578947367,0.4881309244019252
95,5,0.2631578947368421,0.4550943898405631
95,6,0.3157894736842105,0.41151524691039476
95,7,0.3684210526315789,0.4230331465090011
95,8,0.42105263157894735,0.41177950577130135
95,9,0.47368421052631576,0.505209210841621
95,10,0.5263157894736842,0.36477722389002
95,11,0.5789473684210527,0.508524427217905
95,12,0.631578947368421,0.42594696246072883
95,13,0.6842105263157894,0.39797016885191766
95,14,0.7368421052631579,0.3607444644190949
95,15,0.7894736842105263,0.4948290950389702
95,16,0.8421052631578947,0.5111370840577643
95,17,0.894736842105263,0.47812417446334043
95,18,0.9473684210526315,0.5071036058339691
95,19,1.0,0.5991418145836523
96,0,0.0,0.5322758220844638
96,1,0.05263157894736842,0.49453301381131487
96,2,0.10526315789473684,0.6128077078922505
96,3,0.15789473684210525,0.5293937827104945
96,4,0.21052631578947367,0.50711756942374
96,5,0.2631578947368421,0.41368219860050337
96,6,0.3157894736842105,0.5728579056130183
96,7,0.3684210526315789,0.593704097212047
96,8,0.42105263157894735,0.484613648604848
96,9,0.47368421052631576,0.417379245979805
96,10,0.5263157894736842,0.5517817674323343
96,11,0.5789473684210527,0.514692588597795
96,12,0.631578947368421,0.4829370813555924
96,13,0.6842105263157894,0.5369822383402137
96,14,0.7368421052631579,0.45916351425960805
96,15,0.7894736842105263,0.4688311424555836
96,16,0.8421052631578947,0.30523264709341824
96,17,0.894736842105263,0.5608639886195318
96,18,0.9473684210526315,0.5085216957244515
96,19,1.0,0.4327603187971875
97,0,0.0,0.47321298334663814
97,1,0.05263157894736842,0.476307184974306
97,2,0.10526315789473684,0.5046117357472419
97,3,0.15789473684210525,0.45343953801183723
97,4,0.21052631578947367,0.5137193899314836
97,5,0.2631578947368421,0.4978762521355037
97,6,0.3157894736842105,0.475165147410459
97,7,0.3684210526315789,0.40388022547815833
97,8,0.42105263157894735,0.4281957301616193
97,9,0.47368421052631576,0.42062464275891764
97,10,0.5263157894736842,0.5203097309868263
97,11,0.5789473684210527,0.4604413708455742
97,12,0.631578947368421,0.4295024936839404
97,13,0.6842105263157894,0.49598062337238735
97,14,0.7368421052631579,0.4689418838014945
97,15,0.7894736842105263,0.5414189722638086
97,16,0.8421052631578947,0.5163043347016599
97,17,0.894736842105263,0.6182002748874069
97,18,0.9473684210526315,0.5367676156149971
97,19,1.0,0.530042504540712
98,0,0.0,0.5284228249165256
98,1,0.05263157894736842,0.5215096492900781
98,2,0.10526315789473684,0.4838574219457
98,3,0.15789473684210525,0.4649245016010761
98,4,0.21052631578947367,0.4177498906888824
98,5,0.2631578947368421,0.5867211928842869
98,6,0.3157894736842105,0.40340755337973166
98,7,0.3684210526315789,0.5202894138445099
98,8,0.42105263157894735,0.40439489184107674
98,9,0.47368421052631576,0.479552359555724
98,10,0.5263157894736842,0.45883988201174436
98,11,0.5789473684210527,0.4615910783007815
98,12,0.631578947368421,0.41341172962849776
98,13,0.6842105263157894,0.41258564156201816
98,14,0.7368421052631579,0.4118120119181989
98,15,0.7894736842105263,0.3668947564749777
98,16,0.8421052631578947,0.5141931209465079
98,17,0.894736842105263,0.508095991509918
98,18,0.9473684210526315,0.5073159739195763
98,19,1.0,0.5162074633978769
99,0,0.0,0.44828407684187205
99,1,0.05263157894736842,0.478752628484505
99,2,0.10526315789473684,0.4825161963943466
99,3,0.15789473684210525,0.43115654321723473
99,4,0.21052631578947367,0.3643813734250734
99,5,0.2631578947368421,0.464912125558672
99,6,0.3157894736842105,0.41636718200492795
99,7,0.3684210526315789,0.422213778567624
99,8,0.42105263157894735,0.42765066566754895
99,9,0.47368421052631576,0.3830102665988723
99,10,0.5263157894736842,0.4704519456605159
99,11,0.5789473684210527,0.3874976183389258
99,12,0.631578947368421,0.4356086167159434
99,13,0.6842105263157894,0.5015013324179017
99,14,0.7368421052631579,0.38400076893018104
99,15,0.7894736842105263,0.44560655471563376
99,16,0.8421052631578947,0.5325504767876613
99,17,0.894736842105263,0.4337459476866443
99,18,0.9473684210526315,0.44266161112731106
99,19,1.0,0.5462575875660808
100,0,0.0,0.48787837482083035
100,1,0.05263157894736842,0.5060022121709258
100,2,0.10526315789473684,0.5260282646344056
100,3,0.15789473684210525,0.5564765786786864
100,4,0.21052631578947367,0.5155402960601527
100,5,0.2631578947368421,0.5170878511952364
100,6,0.3157894736842105,0.4770981010720674
100,7,0.3684210526315789,0.6785405590564657
100,8,0.42105263157894735,0.5885405890724856
100,9,0.47368421052631576,0.562883780236684
100,10,0.5263157894736842,0.44097848727941724
100,11,0.5789473684210527,0.5461194030622243
100,12,0.631578947368421,0.507160731113744
100,13,0.6842105263157894,0.596108986537268
100,14,0.7368421052631579,0.5940365045908151
100,15,0.7894736842105263,0.5605565570496496
100,16,0.8421052631578947,0.5529418697515094
100,17,0.894736842105263,0.5579259085538466
100,18,0.9473684210526315,0.5030339811582135
100,19,1.0,0.4642626302539137
101,0,0.0,0.47807734067518437
101,1,0.05263157894736842,0.48791639170743223
101,2,0.10526315789473684,0.44627601867987543
101,3,0.15789473684210525,0.4704257901509793
101,4,0.21052631578947367,0.45074739722211216
101,5,0.2631578947368421,0.5602933471275854
101,6,0.3157894736842105,0.5624496035638223
101,7,0.3684210526315789,0.5573577595332337
101,8,0.42105263157894735,0.4863589357943613
101,9,0.47368421052631576,0.6108390434547714
101,10,0.5263157894736842,0.5294089354542265
101,11,0.5789473684210527,0.5504244678409289
101,12,0.631578947368421,0.5194690289947277
101,13,0.6842105263157894,0.6360947156316497
101,14,0.7368421052631579,0.5244859692863459
101,15,0.7894736842105263,0.5974923217633568
101,16,0.8421052631578947,0.49715195459539974
101,17,0.894736842105263,0.5754607044690391
101,18,0.9473684210526315,0.5339121405650841
101,19,1.0,0.5182416798367917
102,0,0.0,0.4374616568425317
102,1,0.05263157894736842,0.4791990405726803
102,2,0.10526315789473684,0.4693901496819309
102,3,0.15789473684210525,0.5874851682602901
102,4,0.21052631578947367,0.4305793825636473
102,5,0.2631578947368421,0.42317987799543766
102,6,0.3157894736842105,0.5129784954566031
102,7,0.3684210526315789,0.49166964505814487
102,8,0.42105263157894735,0.5114105557647785
102,9,0.47368421052631576,0.49451173628979916
102,10,0.5263157894736842,0.4987121378362667
102,11,0.5789473684210527,0.47203007378570994
102,12,0.631578947368421,0.5132166276680061
102,13,0.6842105263157894,0.5148738734797035
102,14,0.7368421052631579,0.534492932739079
102,15,0.7894736842105263,0.48802955326855096
102,16,0.8421052631578947,0.54412632376904
102,17,0.894736842105263,0.569535343246033
102,18,0.9473684210526315,0.5639269896938085
102,19,1.0,0.45414003034148903
103,0,0.0,0.6226116199562478
103,1,0.05263157894736842,0.4722579880877354
103,2,0.10526315789473684,0.5411474881797036
103,3,0.15789473684210525,0.4978439536783025
103,4,0.21052631578947367,0.4940201492569489
103,5,0.2631578947368421,0.45818540417761083
103,6,0.3157894736842105,0.5805816184206705
103,7,0.3684210526315789,0.5036350141869176
103,8,0.42105263157894735,0.5479916267195496
103,9,0.47368421052631576,0.5300881090007398
103,10,0.5263157894736842,0.5884654242552747
103,11,0.5789473684210527,0.615379380177995
103,12,0.631578947368421,0.47831953353623335
103,13,0.6842105263157894,0.5892886650620549
103,14,0.7368421052631579,0.5762071079356631
103,15,0.7894736842105263,0.5259461636852981
103,16,0.8421052631578947,0.5584324653139203
103,17,0.894736842105263,0.5900770367465089
103,18,0.9473684210526315,0.5867130285128791
103,19,1.0,0.5471260273038131
104,0,0.0,0.4408163184438076
104,1,0.05263157894736842,0.49461715304893406
104,2,0.10526315789473684,0.4196207580991766
104,3,0.15789473684210525,0.4109837733490006
104,4,0.21052631578947367,0.37912590641684374
104,5,0.2631578947368421,0.45881281545687363
104,6,0.3157894736842105,0.42097357218349507
104,7,0.3684210526315789,0.518417639687034
104,8,0.42105263157894735,0.4779978683129413
104,9,0.47368421052631576,0.40212418294419106
104,10,0.5263157894736842,0.4080696504802383
104,11,0.5789473684210527,0.5072619701050529
104,12,0.631578947368421,0.4333157483986836
104,13,0.6842105263157894,0.4610656745491958
104,14,0.7368421052631579,0.46754661444695755
104,15,0.7894736842105263,0.5674290989136196
104,16,0.8421052631578947,0.5226753245223517
104,17,0.894736842105263,0.5777324642109644
104,18,0.9473684210526315,0.5105929229063465
104,19,1.0,0.5904327864871567
105,0,0.0,0.49337240174616476
105,1,0.05263157894736842,0.43974543319398746
105,2,0.10526315789473684,0.4144458058910966
105,3,0.15789473684210525,0.32878767909023926
105,4,0.21052631578947367,0.466835958732701
105,5,0.2631578947368421,0.46992675678797036
105,6,0.3157894736842105,0.38386838208560264
105,7,0.3684210526315789,0.3815502160933396
105,8,0.42105263157894735,0.3746274204797889
105,9,0.47368421052631576,0.42937732506967835
105,10,0.5263157894736842,0.48803429431322376
105,11,0.5789473684210527,0.3333286181979838
105,12,0.631578947368421,0.502028030329158
105,13,0.6842105263157894,0.4932936156634431
105,14,0.7368421052631579,0.5023560128042964
105,15,0.7894736842105263,0.4417037902200107
105,16,0.8421052631578947,0.35815356566557266
105,17,0.894736842105263,0.43323174397905934
105,18,0.9473684210526315,0.40838594715948284
105,19,1.0,0.4558454412907367
106,0,0.0,0.5201368256648472
106,1,0.05263157894736842,0.5112702369952494
106,2,0.10526315789473684,0.5256005265978281
106,3,0.15789473684210525,0.46876850202938924
106,4,0.21052631578947367,0.5048885351247252
106,5,0.2631578947368421,0.521689042475853
106,6,0.3157894736842105,0.4996685784300573
106,7,0.3684210526315789,0.5498922352991904
106,8,0.42105263157894735,0.567791797983369
106,9,0.47368421052631576,0.4857021848149172
106,10,0.5263157894736842,0.5218819882502664
106,11,0.5789473684210527,0.6189468508100681
106,12,0.631578947368421,0.4943022630324939
106,13,0.6842105263157894,0.46764027857109536
106,14,0.7368421052631579,0.5486165969164636
106,15,0.7894736842105263,0.5277097947155027
106,16,0.8421052631578947,0.6271144140319354
106,17,0.894736842105263,0.5712698280012252
106,18,0.9473684210526315,0.6151814229253108
106,19,1.0,0.6096253223743544
107,0,0.0,0.5286623631277501
107,1,0.05263157894736842,0.6604290831775189
107,2,0.10526315789473684,0.5801756100210763
107,3,0.15789473684210525,0.4041259447350959
107,4,0.21052631578947367,0.5163738539067942
107,5,0.2631578947368421,0.5219577638205872
107,6,0.3157894736842105,0.5486804651279156
107,7,0.3684210526315789,0.587656450770147
107,8,0.42105263157894735,0.5616014255288762
107,9,0.47368421052631576,0.4377932695794123
107,10,0.5263157894736842,0.4174736017145793
107,11,0.5789473684210527,0.5154395466869561
107,12,0.631578947368421,0.46813382345358884
107,13,0.6842105263157894,0.4128376841972209
107,14,0.7368421052631579,0.45462386089414397
107,15,0.7894736842105263,0.5904760367541895
107,16,0.8421052631578947,0.4041747302968024
107,17,0.894736842105263,0.5571774935266021
107,18,0.9473684210526315,0.41203100602615805
107,19,1.0,0.4781703211397707
108,0,0.0,0.4778119835465448
108,1,0.05263157894736842,0.5293370585793838
108,2,0.10526315789473684,0.553307875413206
108,3,0.15789473684210525,0.5486545847834013
108,4,0.21052631578947367,0.660450312003172
108,5,0.2631578947368421,0.532230018209309
108,6,0.3157894736842105,0.5116666257441878
108,7,0.3684210526315789,0.6141266778458037
108,8,0.42105263157894735,0.5510412162054389
108,9,0.47368421052631576,0.516678584423883
108,10,0.5263157894736842,0.6301522588499779
108,11,0.5789473684210527,0.46163128804894266
108,12,0.631578947368421,0.5407352028817239
108,13,0.6842105263157894,0.5306692021793893
108,14,0.7368421052631579,0.5915180520245786
108,15,0.7894736842105263,0.503152767417791
108,16,0.8421052631578947,0.36404198768436813
108,17,0.894736842105263,0.492419835721596
108,18,0.9473684210526315,0.45620394593727054
108,19,1.0,0.38984808117833425
109,0,0.0,0.46603511932109243
109,1,0.05263157894736842,0.4339255395484729
109,2,0.10526315789473684,0.5731914663048461
109,3,0.15789473684210525,0.32252775732064715
109,4,0.21052631578947367,0.5476262406671868
109,5,0.2631578947368421,0.3453695288924273
109,6,0.3157894736842105,0.4290941703181974
109,7,0.3684210526315789,0.4159738994631266
109,8,0.42105263157894735,0.3696228135026321
109,9,0.47368421052631576,0.413885001024661
109,10,0.5263157894736842,0.5119959091999328
109,11,0.5789473684210527,0.5884824837388959
109,12,0.631578947368421,0.5363865753840984
109,13,0.6842105263157894,0.5424800306319937
109,14,0.7368421052631579,0.5456085809463951
109,15,0.7894736842105263,0.5479095266788047
109,16,0.8421052631578947,0.551918238131045
109,17,0.894736842105263,0.5051773926082147
109,18,0.9473684210526315,0.6262219274408972
109,19,1.0,0.6036372048811234
110,0,0.0,0.535309869261109
110,1,0.05263157894736842,0.4228225890245927
110,2,0.10526315789473684,0.5191325494535397
110,3,0.15789473684210525,0.4621505083527986
110,4,0.21052631578947367,0.42550597675637897
110,5,0.2631578947368421,0.34977692677682004
110,6,0.3157894736842105,0.38297962134623087
110,7,0.3684210526315789,0.48506526767146096
110,8,0.42105263157894735,0.49899032270975535
110,9,0.47368421052631576,0.42721582412427783
110,10,0.5263157894736842,0.5228635210687933
110,11,0.5789473684210527,0.5318310370647793
110,12,0.631578947368421,0.480640117580975
110,13,0.6842105263157894,0.5266235717215301
110,14,0.7368421052631579,0.5894687908356595
110,15,0.7894736842105263,0.4978340217191984
110,16,0.8421052631578947,0.581609480129677
110,17,0.894736842105263,0.580950781849467
110,18,0.9473684210526315,0.4925346479252944
110,19,1.0,0.5259267147788557
111,0,0.0,0.44542809770103325
111,1,0.05263157894736842,0.4795629109966198
111,2,0.10526315789473684,0.4210501817887742
111,3,0.15789473684210525,0.360917594972717
111,4,0.21052631578947367,0.5073689963627315
111,5,0.2631578947368421,0.3548930919210966
111,6,0.3157894736842105,0.43988147325055965
111,7,0.3684210526315789,0.42490265837986996
111,8,0.42105263157894735,0.5428574116829636
111,9,0.47368421052631576,0.48490302453821743
111,10,0.5263157894736842,0.5054229594374734
111,11,0.5789473684210527,0.43965999940202427
111,12,0.631578947368421,0.4552962111808936
111,13,0.6842105263157894,0.5476249861593172
111,14,0.7368421052631579,0.5060423364012616
111,15,0.7894736842105263,0.49274386026642103
111,16,0.8421052631578947,0.470285896091106
111,17,0.894736842105263,0.463958430957482
111,18,0.9473684210526315,0.4203826491372251
111,19,1.0,0.456829935987098
112,0,0.0,0.33040738080990756
112,1,0.05263157894736842,0.44978710795195415
112,2,0.10526315789473684,0.4853348821799994
112,3,0.15789473684210525,0.43818248604706606
112,4,0.21052631578947367,0.5154222631683096
112,5,0.2631578947368421,0.48337104008811227
112,6,0.3157894736842105,0.49067210014582846
112,7,0.3684210526315789,0.4558779002905662
112,8,0.42105263157894735,0.5275282822061151
112,9,0.47368421052631576,0.5707817971835946
112,10,0.5263157894736842,0.5261881399461433
112,11,0.5789473684210527,0.5467858649733531
112,12,0.631578947368421,0.5767020902450624
112,13,0.6842105263157894,0.4967381660754417
112,14,0.7368421052631579,0.6212300258915335
112,15,0.7894736842105263,0.6030104760125475
112,16,0.8421052631578947,0.5717840733925319
112,17,0.894736842105263,0.5906442908738401
112,18,0.9473684210526315,0.5131567724696601
112,19,1.0,0.5404664977359125
113,0,0.0,0.4883860833055684
113,1,0.05263157894736842,0.3881647043876761
113,2,0.10526315789473684,0.45683538413968905
113,3,0.15789473684210525,0.3988433287415459
113,4,0.21052631578947367,0.326582760802025
113,5,0.2631578947368421,0.4115310691144389
113,6,0.3157894736842105,0.4875894681067443
113,7,0.3684210526315789,0.4420953183651859
113,8,0.42105263157894735,0.51780391516697
113,9,0.47368421052631576,0.5324299744518328
113,10,0.5263157894736842,0.5608690130544126
113,11,0.5789473684210527,0.5112660750847456
113,12,0.631578947368421,0.5353736374781338
113,13,0.6842105263157894,0.5943787918311539
113,14,0.7368421052631579,0.4774565878274357
113,15,0.7894736842105263,0.6019338452422776
113,16,0.8421052631578947,0.554201733982879
113,17,0.894736842105263,0.5732373087161449
113,18,0.9473684210526315,0.5633876516994087
113,19,1.0,0.5213950258809749
114,0,0.0,0.540875133563406
114,1,0.05263157894736842,0.6221881606264582
114,2,0.10526315789473684,0.47987678932033584
114,3,0.15789473684210525,0.5261558230686793
114,4,0.21052631578947367,0.5618416402986744
114,5,0.2631578947368421,0.5458534317040741
114,6,0.3157894736842105,0.5303961220696833
114,7,0.3684210526315789,0.5775205058327108
114,8,0.42105263157894735,0.5138622960743304
114,9,0.47368421052631576,0.49610410219872575
114,10,0.5263157894736842,0.5769169658198084
114,11,0.5789473684210527,0.5775875234995552
114,12,0.631578947368421,0.6034792416993651
114,13,0.6842105263157894,0.4403906337959436
114,14,0.7368421052631579,0.4813244406742217
114,15,0.7894736842105263,0.5112776111479416
114,16,0.8421052631578947,0.5145460750765549
114,17,0.894736842105263,0.5469512551099037
114,18,0.9473684210526315,0.5335707518750009
114,19,1.0,0.45566753817450256
115,0,0.0,0.41262456683754484
115,1,0.05263157894736842,0.501139423884997
115,2,0.10526315789473684,0.37948205753771225
115,3,0.15789473684210525,0.44348880511931665
115,4,0.21052631578947367,0.43036210979695905
115,5,0.2631578947368421,0.4545091421020749
115,6,0.3157894736842105,0.44970050988212956
115,7,0.3684210526315789,0.3962180606811503
115,8,0.42105263157894735,0.4253204920432739
115,9,0.47368421052631576,0.4478125145040614
115,10,0.5263157894736842,0.3780061717051957
115,11,0.5789473684210527,0.5086171049783009
115,12,0.631578947368421,0.4607256144884541
115,13,0.6842105263157894,0.4780507194610348
115,14,0.7368421052631579,0.4488170955245705
115,15,0.7894736842105263,0.5002513552950232
115,16,0.8421052631578947,0.5540826280553629
115,17,0.894736842105263,0.47898259911033386
115,18,0.9473684210526315,0.47986715296954835
115,19,1.0,0.5260555855981499
116,0,0.0,0.5551135564516935
116,1,0.05263157894736842,0.4916512769314296
116,2,0.10526315789473684,0.5706183400512175
116,3,0.15789473684210525,0.5967323036258155
116,4,0.21052631578947367,0.5771697763480585
116,5,0.2631578947368421,0.6092439145018531
116,6,0.3157894736842105,0.4684602141051287
116,7,0.3684210526315789,0.5623944565675014
116,8,0.42105263157894735,0.5098965630163134
116,9,0.47368421052631576,0.5496955686744438
116,10,0.5263157894736842,0.4782362885645202
116,11,0.5789473684210527,0.47990110816111065
116,12,0.631578947368421,0.572756065447581
116,13,0.6842105263157894,0.47488297693702497
116,14,0.7368421052631579,0.554662570327559
116,15,0.7894736842105263,0.3776310344103006
116,16,0.8421052631578947,0.5044615107256857
116,17,0.894736842105263,0.4042800617017235
116,18,0.9473684210526315,0.37478936985167277
116,19,1.0,0.502201626617689
117,0,0.0,0.5743012963646933
117,1,0.05263157894736842,0.5198041798496175
117,2,0.10526315789473684,0.5458605571105459
117,3,0.15789473684210525,0.5388000742524307
117,4,0.21052631578947367,0.5373696579331434
117,5,0.2631578947368421,0.5666228882785665
117,6,0.3157894736842105,0.4730237466586149
117,7,0.3684210526315789,0.48770501638872793
117,8,0.42105263157894735,0.5477635538072935
117,9,0.47368421052631576,0.6112227101137183
117,10,0.5263157894736842,0.4717511946137773
117,11,0.5789473684210527,0.5077670096966558
117,12,0.631578947368421,0.4483504525041725
117,13,0.6842105263157894,0.4991964791161362
117,14,0.7368421052631579,0.5524643354115214
117,15,0.7894736842105263,0.48099549187623797
117,16,0.8421052631578947,0.4689089811573285
117,17,0.894736842105263,0.5824377545490642
117,18,0.9473684210526315,0.5648150318836864
117,19,1.0,0.4839366892788482
118,0,0.0,0.5269646893752817
118,1,0.05263157894736842,0.492748067677769
118,2,0.10526315789473684,0.4716548475165182
118,3,0.15789473684210525,0.4573259125391794
118,4,0.21052631578947367,0.4163513607333607
118,5,0.2631578947368421,0.4865455055627143
118,6,0.3157894736842105,0.414516825711059
118,7,0.3684210526315789,0.39998901887762706
118,8,0.42105263157894735,0.4954258543207022
118,9,0.47368421052631576,0.3873816485777151
118,10,0.5263157894736842,0.419243821471153
118,11,0.5789473684210527,0.39485543246826216
118,12,0.631578947368421,0.49048445720204553
118,13,0.6842105263157894,0.48855565221407415
118,14,0.7368421052631579,0.4651475399794424
118,15,0.7894736842105263,0.4732914042830213
118,16,0.8421052631578947,0.4268707119885974
118,17,0.894736842105263,0.531732721269015
118,18,0.9473684210526315,0.4640202216545042
118,19,1.0,0.40272930810979013
119,0,0.0,0.5971022573990232
119,1,0.05263157894736842,0.5565417706098574
119,2,0.10526315789473684,0.5117615538803085
119,3,0.15789473684210525,0.48985319012830214
119,4,0.21052631578947367,0.5721769206452393
119,5,0.2631578947368421,0.4897858129428557
119,6,0.3157894736842105,0.47947187909324657
119,7,0.3684210526315789,0.5115380304117939
119,8,0.42105263157894735,0.5450255461631095
119,9,0.47368421052631576,0.5451521958043277
119,10,0.5263157894736842,0.5736076282491315
119,11,0.5789473684210527,0.5462406542391506
119,12,0.631578947368421,0.4383233433696809
119,13,0.6842105263157894,0.5078481139713636
119,14,0.7368421052631579,0.4875819450093364
119,15,0.7894736842105263,0.4870229793141359
119,16,0.8421052631578947,0.43615234100350003
119,17,0.894736842105263,0.4310073026824497
119,18,0.9473684210526315,0.5147638968330089
119,19,1.0,0.4491138969750364
120,0,0.0,0.4630461434290352
120,1,0.05263157894736842,0.5718170680103192
120,2,0.10526315789473684,0.48896591889892305
120,3,0.15789473684210525,0.4727074132859309
120,4,0.21052631578947367,0.5370604863919333
120,5,0.2631578947368421,0.5862989147115077
120,6,0.3157894736842105,0.5162685759273964
120,7,0.3684210526315789,0.5421865834521123
120,8,0.42105263157894735,0.5026288992476748
120,9,0.47368421052631576,0.5621394517563602
120,10,0.5263157894736842,0.4881783754171122
120,11,0.5789473684210527,0.4466746033056062
120,12,0.631578947368421,0.5544937151222968
120,13,0.6842105263157894,0.46072270873688037
120,14,0.7368421052631579,0.519196539442496
120,15,0.7894736842105263,0.4661605893244929
120,16,0.8421052631578947,0.5361268804016869
120,17,0.894736842105263,0.40578211301792344
120,18,0.9473684210526315,0.5216162858237832
120,19,1.0,0.44378689348119055
121,0,0.0,0.48353988247010343
121,1,0.05263157894736842,0.4708201643105957
121,2,0.10526315789473684,0.5084203588945182
121,3,0.15789473684210525,0.3663014781143191
121,4,0.21052631578947367,0.4811022034545577
121,5,0.2631578947368421,0.45289748919565453
121,6,0.3157894736842105,0.5635810532221919
121,7,0.3684210526315789,0.5580767979032967
121,8,0.42105263157894735,0.6060445481264112
121,9,0.47368421052631576,0.5348980772688132
121,10,0.5263157894736842,0.5109719980134988
121,11,0.5789473684210527,0.5054212780427415
121,12,0.631578947368421,0.5481357983398263
121,13,0.6842105263157894,0.6047896957980731
121,14,0.7368421052631579,0.5389324750307529
121,15,0.7894736842105263,0.5087728476682408
121,16,0.8421052631578947,0.43343505827598716
121,17,0.894736842105263,0.5325118946948296
121,18,0.9473684210526315,0.6422034446220661
121,19,1.0,0.4111236790084276
122,0,0.0,0.5077287544831653
122,1,0.05263157894736842,0.5456632485081526
122,2,0.10526315789473684,0.5393150750232202
122,3,0.15789473684210525,0.5431012818373825
122,4,0.21052631578947367,0.5916891785976236
122,5,0.2631578947368421,0.477050723658831
122,6,0.3157894736842105,0.5160024278801972
122,7,0.3684210526315789,0.47568083896074903
122,8,0.42105263157894735,0.4647017612175471
122,9,0.47368421052631576,0.4185891937467676
122,10,0.5263157894736842,0.5071798726430496
122,11,0.5789473684210527,0.4676865650194978
122,12,0.631578947368421,0.5320256898048963
122,13,0.6842105263157894,0.3913587612010541
122,14,0.7368421052631579,0.4897018075488083
122,15,0.7894736842105263,0.401513817282276
122,16,0.8421052631578947,0.4867765909328597
122,17,0.894736842105263,0.4859083757553949
122,18,0.9473684210526315,0.462116991862896
122,19,1.0,0.431826177349998
123,0,0.0,0.45750445595735495
123,1,0.05263157894736842,0.5277672916634076
123,2,0.10526315789473684,0.46027133034767215
123,3,0.15789473684210525,0.4332958395110882
123,4,0.21052631578947367,0.45924456423151744
123,5,0.2631578947368421,0.5523081007261113
123,6,0.3157894736842105,0.5304745068820318
123,7,0.3684210526315789,0.6031243896524232
123,8,0.42105263157894735,0.49282905050739934
123,9,0.47368421052631576,0.5665450557695766
123,10,0.5263157894736842,0.5228089999899544
123,11,0.5789473684210527,0.5514710347337951
123,12,0.631578947368421,0.5204231820181755
123,13,0.6842105263157894,0.5001298120258496
123,14,0.7368421052631579,0.5051828357861649
123,15,0.7894736842105263,0.5063745833654577
123,16,0.8421052631578947,0.6438824149347048
123,17,0.894736842105263,0.5151737822673017
123,18,0.9473684210526315,0.6068764555587189
123,19,1.0,0.4467450155315623
124,0,0.0,0.6352056531714811
124,1,0.05263157894736842,0.4781049100718757
124,2,0.10526315789473684,0.5034281993016646
124,3,0.15789473684210525,0.5751460370523908
124,4,0.21052631578947367,0.628622194986104
124,5,0.2631578947368421,0.4759302790527514
124,6,0.3157894736842105,0.5093070831604891
124,7,0.3684210526315789,0.5754280308550482
124,8,0.42105263157894735,0.576740244511108
124,9,0.47368421052631576,0.4701101630529948
124,10,0.5263157894736842,0.5233291435586649
124,11,0.5789473684210527,0.5280964674121761
124,12,0.631578947368421,0.5209397013399111
124,13,0.6842105263157894,0.4464748383909708
124,14,0.7368421052631579,0.4922176324142434
124,15,0.7894736842105263,0.4370420007168698
124,16,0.8421052631578947,0.4257405426531685
124,17,0.894736842105263,0.4971986217367747
124,18,0.9473684210526315,0.348553753144531
124,19,1.0,0.40508199275963014
125,0,0.0,0.4616883549569941
125,1,0.05263157894736842,0.5655411258452278
125,2,0.10526315789473684,0.5526678476216769
125,3,0.15789473684210525,0.5736508777125786
125,4,0.21052631578947367,0.5460517216740968
125,5,0.2631578947368421,0.4868020836682147
125,6,0.3157894736842105,0.4592288266950017
125,7,0.3684210526315789,0.44993923222128607
125,8,0.42105263157894735,0.4418636388114623
125,9,0.47368421052631576,0.49229488546472655
125,10,0.5263157894736842,0.4658434678794828
125,11,0.5789473684210527,0.45164956624864977
125,12,0.631578947368421,0.5488412130435816
125,13,0.6842105263157894,0.4652869801383796
125,14,0.7368421052631579,0.42354688060038054
125,15,0.7894736842105263,0.4017337665098822
125,16,0.8421052631578947,0.4329348598216122
125,17,0.894736842105263,0.47252317784751113
125,18,0.9473684210526315,0.5003653149472768
125,19,1.0,0.46390127113941787
126,0,0.0,0.503036735214283
126,1,0.05263157894736842,0.48402759988033156
126,2,0.10526315789473684,0.48521987573445324
126,3,0.15789473684210525,0.46231531000857196
126,4,0.21052631578947367,0.4438953329425972
126,5,0.2631578947368421,0.5390662140650552
126,6,0.3157894736842105,0.5547642977028768
126,7,0.3684210526315789,0.465016152673486
126,8,0.42105263157894735,0.5199063924372453
126,9,0.47368421052631576,0.5539684795899091
126,10,0.5263157894736842,0.5338278624575796
126,11,0.5789473684210527,0.5188693229053031
126,12,0.631578947368421,0.5293593351615137
126,13,0.6842105263157894,0.5635420261390374
126,14,0.7368421052631579,0.569275063133431
126,15,0.7894736842105263,0.48670245906027954
126,16,0.8421052631578947,0.5503006715344431
126,17,0.894736842105263,0.5918384449138855
126,18,0.9473684210526315,0.5317174578541259
126,19,1.0,0.571325712398148
127,0,0.0,0.4905978622630844
127,1,0.05263157894736842,0.3892629938143465
127,2,0.10526315789473684,0.4782682735159306
127,3,0.15789473684210525,0.4677805331230382
127,4,0.21052631578947367,0.5249458763943656
127,5,0.2631578947368421,0.5133651100760811
127,6,0.3157894736842105,0.4208810550100083
127,7,0.3684210526315789,0.5496190230059598
127,8,0.42105263157894735,0.45694300145233846
127,9,0.47368421052631576,0.515182302006755
127,10,0.5263157894736842,0.5238100947970079
127,11,0.5789473684210527,0.5007310557280092
127,12,0.631578947368421,0.5005530767214124
127,13,0.6842105263157894,0.6751920749584451
127,14,0.7368421052631579,0.5814742912605103
127,15,0.7894736842105263,0.6062855957498003
127,16,0.8421052631578947,0.49758480994412374
127,17,0.894736842105263,0.5560416269618941
127,18,0.9473684210526315,0.5821603452967494
127,19,1.0,0.4844269693826722
128,0,0.0,0.5110843623143375
128,1,0.05263157894736842,0.3813048726993913
128,2,0.10526315789473684,0.4139948395788735
128,3,0.15789473684210525,0.5624578191032156
128,4,0.21052631578947367,0.4939147753664867
128,5,0.2631578947368421,0.4991973150028568
128,6,0.3157894736842105,0.5832557657271115
128,7,0.3684210526315789,0.47701134321366495
128,8,0.42105263157894735,0.5472445675661053
128,9,0.47368421052631576,0.5172824860748001
128,10,0.5263157894736842,0.5234459433435543
128,11,0.5789473684210527,0.5622239076608014
128,12,0.631578947368421,0.5171703139514152
128,13,0.6842105263157894,0.540423456712408
128,14,0.7368421052631579,0.5133349169233016
128,15,0.7894736842105263,0.5539824485288425
128,16,0.8421052631578947,0.5558743824725032
128,17,0.894736842105263,0.5403505781917376
128,18,0.9473684210526315,0.48274464206984646
128,19,1.0,0.5696185029210199
129,0,0.0,0.5040045594700063
129,1,0.05263157894736842,0.5011611931337399
129,2,0.10526315789473684,0.4941870803740943
129,3,0.15789473684210525,0.39835601796638853
129,4,0.21052631578947367,0.46446625345617165
129,5,0.2631578947368421,0.6101083185872814
129,6,0.3157894736842105,0.5641986271704215
129,7,0.3684210526315789,0.42105582781413303
129,8,0.42105263157894735,0.5632698809243545
129,9,0.47368421052631576,0.5103591442412899
129,10,0.5263157894736842,0.6014120956658451
129,11,0.5789473684210527,0.4833795656201677
129,12,0.631578947368421,0.43194580507512
129,13,0.6842105263157894,0.5507030860695269
129,14,0.7368421052631579,0.5396939632292329
129,15,0.7894736842105263,0.5285150239126881
129,16,0.8421052631578947,0.5442406993456412
129,17,0.894736842105263,0.5737668591094153
129,18,0.9473684210526315,0.5605812369939879
129,19,1.0,0.48066565094631264
130,0,0.0,0.4031002282930189
130,1,0.05263157894736842,0.38423855922089717
130,2,0.10526315789473684,0.4666601678290574
130,3,0.15789473684210525,0.3411730409646212
130,4,0.21052631578947367,0.34548746703893196
130,5,0.2631578947368421,0.39708174444137856
130,6,0.3157894736842105,0.40044782759696573
130,7,0.3684210526315789,0.49663045893702623
130,8,0.42105263157894735,0.5076312261514858
130,9,0.47368421052631576,0.43517941911197716
130,10,0.5263157894736842,0.45236316452413156
130,11,0.5789473684210527,0.5233565726506124
130,12,0.631578947368421,0.6343474975126433
130,13,0.6842105263157894,0.5241101017417223
130,14,0.7368421052631579,0.5382377793206492
130,15,0.7894736842105263,0.4335039101083586
130,16,0.8421052631578947,0.6169912586065511
130,17,0.894736842105263,0.5870706689574859
130,18,0.9473684210526315,0.5738104660992114
130,19,1.0,0.6472126558980654
131,0,0.0,0.5190666379638798
131,1,0.05263157894736842,0.5862715654696619
131,2,0.10526315789473684,0.506903156607535
131,3,0.15789473684210525,0.4982034033097331
131,4,0.21052631578947367,0.5156321498540709
131,5,0.2631578947368421,0.5222553584066076
131,6,0.3157894736842105,0.4864674489123361
131,7,0.3684210526315789,0.541723612008123
131,8,0.42105263157894735,0.4339965218063887
131,9,0.47368421052631576,0.5364884288510763
131,10,0.5263157894736842,0.4181861018612337
131,11,0.5789473684210527,0.4927203365489497
131,12,0.631578947368421,0.5100087077660138
131,13,0.6842105263157894,0.46389476975333077
131,14,0.7368421052631579,0.46714632472140416
131,15,0.7894736842105263,0.439006113734835
131,16,0.8421052631578947,0.45556743130880367
131,17,0.894736842105263,0.42300863980877645
131,18,0.9473684210526315,0.4649958696711369
131,19,1.0,0.48638372766365545
132,0,0.0,0.45699100618743743
132,1,0.05263157894736842,0.4906869888704891
132,2,0.10526315789473684,0.4633769727976079
132,3,0.15789473684210525,0.4999790752594052
132,4,0.21052631578947367,0.610871726538686
132,5,0.2631578947368421,0.46502248242868044
132,6,0.3157894736842105,0.5461393621457971
132,7,0.3684210526315789,0.5488898340864918
132,8,0.42105263157894735,0.6003446658371171
132,9,0.47368421052631576,0.4972296824764589
132,10,0.5263157894736842,0.5021507324006075
132,11,0.5789473684210527,0.5275349069119939
132,12,0.631578947368421,0.4281756011757506
132,13,0.6842105263157894,0.5892502183476928
132,14,0.7368421052631579,0.4784582993048106
132,15,0.7894736842105263,0.5179388292107765
132,16,0.8421052631578947,0.45642731238769746
132,17,0.894736842105263,0.4741282732441153
132,18,0.9473684210526315,0.48126052811014686
132,19,1.0,0.47577509869182727
133,0,0.0,0.41749978362246737
133,1,0.05263157894736842,0.4478705769014646
133,2,0.10526315789473684,0.3470498262373501
133,3,0.15789473684210525,0.47006018995347043
133,4,0.21052631578947367,0.43069730452725663
133,5,0.2631578947368421,0.33006598611703375
133,6,0.3157894736842105,0.46539506260990676
133,7,0.3684210526315789,0.471173992568115
133,8,0.42105263157894735,0.42469457412236844
133,9,0.47368421052631576,0.44819730386012074
133,10,0.5263157894736842,0.4585831779347629
133,11,0.5789473684210527,0.5080570836204141
133,12,0.631578947368421,0.5783216124501505
133,13,0.6842105263157894,0.434489700427963
133,14,0.7368421052631579,0.503167134497779
133,15,0.7894736842105263,0.4488289760495219
133,16,0.8421052631578947,0.5055508230524937
133,17,0.894736842105263,0.45221120736175435
133,18,0.9473684210526315,0.5694807152366774
133,19,1.0,0.5498782578769256
134,0,0.0,0.5433786386227327
134,1,0.05263157894736842,0.5004200630855248
134,2,0.10526315789473684,0.497226613080428
134,3,0.15789473684210525,0.5573055080032584
134,4,0.21052631578947367,0.5630988210653862
134,5,0.2631578947368421,0.3907616196535645
134,6,0.3157894736842105,0.5490153055413612
134,7,0.3684210526315789,0.4580921482959258
134,8,0.42105263157894735,0.5518590504884129
134,9,0.47368421052631576,0.5278586057825025
134,10,0.5263157894736842,0.4906296830820054
134,11,0.5789473684210527,0.4764672239673681
134,12,0.631578947368421,0.5176530893819824
134,13,0.6842105263157894,0.5481832264710861
134,14,0.7368421052631579,0.4299574292230551
134,15,0.7894736842105263,0.5031093585631516
134,16,0.8421052631578947,0.46273857897666554
134,17,0.894736842105263,0.3672162432889064
134,18,0.9473684210526315,0.4854399902761837
134,19,1.0,0.42084931624514266
135,0,0.0,0.5784918425517039
135,1,0.05263157894736842,0.42421576835905783
135,2,0.10526315789473684,0.5131851097699376
135,3,0.15789473684210525,0.6241192785876406
135,4,0.21052631578947367,0.48075149488288926
135,5,0.2631578947368421,0.5403250272757204
135,6,0.3157894736842105,0.48911114488195917
135,7,0.3684210526315789,0.5617303332249516
135,8,0.42105263157894735,0.5107491398796637
135,9,0.47368421052631576,0.49123238975025907
135,10,0.5263157894736842,0.544931441387733
135,11,0.5789473684210527,0.6207696259977422
135,12,0.631578947368421,0.5374255755010451
135,13,0.6842105263157894,0.5242073660093876
135,14,0.7368421052631579,0.5986378437469424
135,15,0.7894736842105263,0.5447296489197125
135,16,0.8421052631578947,0.6093184918599187
135,17,0.894736842105263,0.5436516767764054
135,18,0.9473684210526315,0.3976816604230359
135,19,1.0,0.5158342002156195
136,0,0.0,0.5030770922440909
136,1,0.05263157894736842,0.5053332301284813
136,2,0.10526315789473684,0.41504287032427223
136,3,0.15789473684210525,0.45056886126376394
136,4,0.21052631578947367,0.4400953212160289
136,5,0.2631578947368421,0.44163818606414207
136,6,0.3157894736842105,0.4709209767351053
136,7,0.3684210526315789,0.46746587175997645
136,8,0.42105263157894735,0.5319747984123412
136,9,0.47368421052631576,0.5258901932555397
136,10,0.5263157894736842,0.6059843072143618
136,11,0.5789473684210527,0.508125704749718
136,12,0.631578947368421,0.5093990018810082
136,13,0.6842105263157894,0.5352360490606406
136,14,0.7368421052631579,0.6044033916789318
136,15,0.7894736842105263,0.517014043261984
136,16,0.8421052631578947,0.5649697548894592
136,17,0.894736842105263,0.5297674102141012
136,18,0.9473684210526315,0.5775749908222607
136,19,1.0,0.5791186055441943
137,0,0.0,0.47147930314751973
137,1,0.05263157894736842,0.47403972658037447
137,2,0.10526315789473684,0.5022150115918583
137,3,0.15789473684210525,0.542505409086815
137,4,0.21052631578947367,0.5770959537022787
137,5,0.2631578947368421,0.424121003121308
137,6,0.3157894736842105,0.5146068975249476
137,7,0.3684210526315789,0.46059187170095395
137,8,0.42105263157894735,0.5975910549637611
137,9,0.47368421052631576,0.5443105489659907
137,10,0.5263157894736842,0.5221468240418774
137,11,0.5789473684210527,0.5079827335877586
137,12,0.631578947368421,0.5215777995117575
137,13,0.6842105263157894,0.5172557118286474
137,14,0.7368421052631579,0.48772984742575276
137,15,0.7894736842105263,0.516520556933217
137,16,0.8421052631578947,0.47166101818199313
137,17,0.894736842105263,0.3668659414588404
137,18,0.9473684210526315,0.5443725553072702
137,19,1.0,0.48242957897396666
138,0,0.0,0.5343160917301931
138,1,0.05263157894736842,0.5919593709643799
138,2,0.10526315789473684,0.6218402004263375
138,3,0.15789473684210525,0.49648936118589687
138,4,0.21052631578947367,0.4589111823458057
138,5,0.2631578947368421,0.47692265944188106
138,6,0.3157894736842105,0.4394873835756244
138,7,0.3684210526315789,0.4742717528458831
138,8,0.42105263157894735,0.4559563538037282
138,9,0.47368421052631576,0.48326448198032346
138,10,0.5263157894736842,0.570556797273038
138,11,0.5789473684210527,0.43906993431355246
138,12,0.631578947368421,0.4796224742495887
138,13,0.6842105263157894,0.5041062803763138
138,14,0.7368421052631579,0.4527766476351511
138,15,0.7894736842105263,0.5443133385125449
138,16,0.8421052631578947,0.4549086836501681
138,17,0.894736842105263,0.5254369867402496
138,18,0.9473684210526315,0.4813292325357689
138,19,1.0,0.43819678002444507
139,0,0.0,0.41176291854849245
139,1,0.05263157894736842,0.48002313514850464
139,2,0.10526315789473684,0.43909938678827964
139,3,0.15789473684210525,0.3899499344180617
139,4,0.21052631578947367,0.3716419954331486
139,5,0.2631578947368421,0.40740332727266665
139,6,0.3157894736842105,0.4638543135553969
139,7,0.3684210526315789,0.4054364935471314
139,8,0.42105263157894735,0.41975141620686696
139,9,0.47368421052631576,0.4959483696672762
139,10,0.5263157894736842,0.39310437651525315
139,11,0.5789473684210527,0.4872874563634412
139,12,0.631578947368421,0.44165683886292556
139,13,0.6842105263157894,0.47662081272726836
139,14,0.7368421052631579,0.45531017049243255
139,15,0.7894736842105263,0.5445669833877714
139,16,0.8421052631578947,0.5091198001122237
139,17,0.894736842105263,0.5715476783978324
139,18,0.9473684210526315,0.4058743724537774
139,19,1.0,0.5090780046793981
140,0,0.0,0.5753152871375724
140,1,0.05263157894736842,0.6118764002955019
140,2,0.10526315789473684,0.5149970333198661
140,3,0.15789473684210525,0.5118893326194331
140,4,0.21052631578947367,0.5200216705780719
140,5,0.2631578947368421,0.43478873340269153
140,6,0.3157894736842105,0.5721506285198866
140,7,0.3684210526315789,0.5205791107979016
140,8,0.42105263157894735,0.5324768579052487
140,9,0.47368421052631576,0.5375134909094057
140,10,0.5263157894736842,0.5247266271829478
140,11,0.5789473684210527,0.5115116327273567
140,12,0.631578947368421,0.4754297261823141
140,13,0.6842105263157894,0.4553930827715113
140,14,0.7368421052631579,0.4882990052137065
140,15,0.7894736842105263,0.40629316888450945
140,16,0.8421052631578947,0.37112386767039257
140,17,0.894736842105263,0.49921043533846404
140,18,0.9473684210526315,0.4163391672577112
140,19,1.0,0.47721198139502796
141,0,0.0,0.5520814498701356
141,1,0.05263157894736842,0.5013108228179972
141,2,0.10526315789473684,0.6023114287133591
141,3,0.15789473684210525,0.6255911760707746
141,4,0.21052631578947367,0.5795116819195123
141,5,0.2631578947368421,0.6241536119769623
141,6,0.3157894736842105,0.6571698002842155
141,7,0.3684210526315789,0.551860423290107
141,8,0.42105263157894735,0.5235326079461166
141,9,0.47368421052631576,0.5460468019746109
141,10,0.5263157894736842,0.4871317483688257
141,11,0.5789473684210527,0.5608434471954431
141,12,0.631578947368421,0.5073579418050073
141,13,0.6842105263157894,0.44731093110649456
141,14,0.7368421052631579,0.48308945836703143
141,15,0.7894736842105263,0.5036368857133299
141,16,0.8421052631578947,0.5759703079245533
141,17,0.894736842105263,0.44908705112623626
141,18,0.9473684210526315,0.4211557616901201
141,19,1.0,0.45880726194770793
142,0,0.0,0.44583759059395606
142,1,0.05263157894736842,0.4159753260412141
142,2,0.10526315789473684,0.29515461671808996
142,3,0.15789473684210525,0.5023934234845817
142,4,0.21052631578947367,0.31823949215712743
142,5,0.2631578947368421,0.4277846396085209
142,6,0.3157894736842105,0.4510637903340505
142,7,0.3684210526315789,0.46076825026198953
142,8,0.42105263157894735,0.5037286085224879
142,9,0.47368421052631576,0.5079004712845473
142,10,0.5263157894736842,0.4893202661219848
142,11,0.5789473684210527,0.5191645090856036
142,12,0.631578947368421,0.4758289132987682
142,13,0.6842105263157894,0.540627871083693
142,14,0.7368421052631579,0.47532589738344916
142,15,0.7894736842105263,0.5464834272672652
142,16,0.8421052631578947,0.5856965923488617
142,17,0.894736842105263,0.5186673010729808
142,18,0.9473684210526315,0.5239830052464305
142,19,1.0,0.5608308476917845
143,0,0.0,0.5626502466900506
143,1,0.05263157894736842,0.5604509934351104
143,2,0.10526315789473684,0.5785097569561066
143,3,0.15789473684210525,0.3824972070664931
143,4,0.21052631578947367,0.5705482119115717
143,5,0.2631578947368421,0.5974595951771954
143,6,0.3157894736842105,0.47836992275550616
143,7,0.3684210526315789,0.3839230734814754
143,8,0.42105263157894735,0.48976907165865513
143,9,0.47368421052631576,0.38803516953294603
143,10,0.5263157894736842,0.4770968796184374
143,11,0.5789473684210527,0.45261113454658336
143,12,0.631578947368421,0.43619918763884363
143,13,0.6842105263157894,0.3693992041181279
143,14,0.7368421052631579,0.44369644442021067
143,15,0.7894736842105263,0.39219928846929863
143,16,0.8421052631578947,0.3628428370761365
143,17,0.894736842105263,0.5005306903168066
143,18,0.9473684210526315,0.5686255248984136
143,19,1.0,0.43904637726828033
144,0,0.0,0.5610460389351509
144,1,0.05263157894736842,0.47200483777699886
144,2,0.10526315789473684,0.5738674128604
144,3,0.15789473684210525,0.6169931342294942
144,4,0.21052631578947367,0.5179884278806681
144,5,0.2631578947368421,0.4609582739601187
144,6,0.3157894736842105,0.4702528231159096
144,7,0.3684210526315789,0.4401340242132224
144,8,0.42105263157894735,0.404697847757325
144,9,0.47368421052631576,0.42385936387333417
144,10,0.5263157894736842,0.41026936323206875
144,11,0.5789473684210527,0.3486568706657436
144,12,0.631578947368421,0.4260660685564129
144,13,0.6842105263157894,0.40098531849904423
144,14,0.7368421052631579,0.36486161276253765
144,15,0.7894736842105263,0.4993659816818266
144,16,0.8421052631578947,0.4949491380510806
144,17,0.894736842105263,0.48370828899454604
144,18,0.9473684210526315,0.4709817096485595
144,19,1.0,0.5110380454383049
145,0,0.0,0.462758718587118
145,1,0.05263157894736842,0.5660942682094519
145,2,0.10526315789473684,0.5774665270026685
145,3,0.15789473684210525,0.5692471529082164
145,4,0.21052631578947367,0.6267082107998101
145,5,0.2631578947368421,0.5212957746019894
145,6,0.3157894736842105,0.53370191401619
145,7,0.3684210526315789,0.5409847254429057
145,8,0.42105263157894735,0.522450393125973
145,9,0.47368421052631576,0.5436011221827189
145,10,0.5263157894736842,0.5366340769449947
145,11,0.5789473684210527,0.5593315075052924
145,12,0.631578947368421,0.4958549011055814
145,13,0.6842105263157894,0.5145229678200054
145,14,0.7368421052631579,0.47569032382015985
145,15,0.7894736842105263,0.49278838699057836
145,16,0.8421052631578947,0.43325389619133714
145,17,0.894736842105263,0.4830515199475701
145,18,0.9473684210526315,0.4662754104001285
145,19,1.0,0.42934279539644515
146,0,0.0,0.590580081365804
146,1,0.05263157894736842,0.5800154245612689
146,2,0.10526315789473684,0.6497104657787524
146,3,0.15789473684210525,0.6371274246547922
146,4,0.21052631578947367,0.5184311548948791
146,5,0.2631578947368421,0.5998804111247052
146,6,0.3157894736842105,0.5292129762888549
146,7,0.3684210526315789,0.5628582642903448
146,8,0.42105263157894735,0.5289702639258257
146,9,0.47368421052631576,0.4862843448554092
146,10,0.5263157894736842,0.3801691891297915
146,11,0.5789473684210527,0.5266403885882537
146,12,0.631578947368421,0.5353684856663473
146,13,0.6842105263157894,0.5444964848490381
146,14,0.7368421052631579,0.40963001383694964
146,15,0.7894736842105263,0.45472769058206114
146,16,0.8421052631578947,0.3622082541146551
146,17,0.894736842105263,0.4207800575343567
146,18,0.9473684210526315,0.3785230464951662
146,19,1.0,0.4381248075235041
147,0,0.0,0.44231484207663396
147,1,0.05263157894736842,0.449298806475818
147,2,0.10526315789473684,0.6056894829956893
147,3,0.15789473684210525,0.4107922027724183
147,4,0.21052631578947367,0.4261291622265389
147,5,0.2631578947368421,0.39757067419667824
147,6,0.3157894736842105,0.41155831108885266
147,7,0.3684210526315789,0.47644663791707803
147,8,0.42105263157894735,0.4892000706319915
147,9,0.47368421052631576,0.5119299400643667
147,10,0.5263157894736842,0.47276648313282205
147,11,0.5789473684210527,0.4471076663924248
147,12,0.631578947368421,0.5114786827277036
147,13,0.6842105263157894,0.5740002820275327
147,14,0.7368421052631579,0.5717837795927947
147,15,0.7894736842105263,0.5398980655574974
147,16,0.8421052631578947,0.5026789986604905
147,17,0.894736842105263,0.5833370537887249
147,18,0.9473684210526315,0.6226561034667688
147,19,1.0,0.5995399171430605
148,0,0.0,0.43817805633804363
148,1,0.05263157894736842,0.496517008910686
148,2,0.10526315789473684,0.5222277882635585
148,3,0.15789473684210525,0.5013314949718229
148,4,0.21052631578947367,0.4619562794990933
148,5,0.2631578947368421,0.5495670479045285
148,6,0.3157894736842105,0.548040391225675
148,7,0.3684210526315789,0.6058033460583717
148,8,0.42105263157894735,0.5404987960453408
148,9,0.47368421052631576,0.5641762948682102
148,10,0.5263157894736842,0.5657984632787824
148,11,0.5789473684210527,0.5923276127737188
148,12,0.631578947368421,0.531688203166698
148,13,0.6842105263157894,0.464446350184333
148,14,0.7368421052631579,0.38548465693715
148,15,0.7894736842105263,0.40249111781558355
148,16,0.8421052631578947,0.5205417960046438
148,17,0.894736842105263,0.4187004173876917
148,18,0.9473684210526315,0.387545162376937
148,19,1.0,0.48672565255782674
149,0,0.0,0.6935781263579462
149,1,0.05263157894736842,0.6338724185629979
149,2,0.10526315789473684,0.5027311613544588
149,3,0.15789473684210525,0.5447527379361092
149,4,0.21052631578947367,0.5419681810064374
149,5,0.2631578947368421,0.553143951017699
149,6,0.3157894736842105,0.46145859857935934
149,7,0.3684210526315789,0.3929945281123184
149,8,0.42105263157894735,0.47375468488940886
149,9,0.47368421052631576,0.44991662974190993
149,10,0.5263157894736842,0.42906231580146414
149,11,0.5789473684210527,0.37047547330415453
149,12,0.631578947368421,0.44402875859670715
149,13,0.6842105263157894,0.45945374334966405
149,14,0.7368421052631579,0.4400560634923294
149,15,0.7894736842105263,0.4493829155376606
149,16,0.8421052631578947,0.3859907766382405
149,17,0.894736842105263,0.45021848426362854
149,18,0.9473684210526315,0.6081171009489974
149,19,1.0,0.49075742532605987
150,0,0.0,0.4314006606406099
150,1,0.05263157894736842,0.4074173024972226
150,2,0.10526315789473684,0.5125994745401594
150,3,0.15789473684210525,0.46366277707142767
150,4,0.21052631578947367,0.5429326840503564
150,5,0.2631578947368421,0.5091213900514242
150,6,0.3157894736842105,0.4052503529427018
150,7,0.3684210526315789,0.45065149301772095
150,8,0.42105263157894735,0.45083827596737813
150,9,0.47368421052631576,0.4889494655026774
150,10,0.5263157894736842,0.5232055508950697
150,11,0.5789473684210527,0.38975068410390384
150,12,0.631578947368421,0.515326866930279
150,13,0.6842105263157894,0.4696849881126149
150,14,0.7368421052631579,0.4762469370315772
150,15,0.7894736842105263,0.4916811410875248
150,16,0.8421052631578947,0.5355707831387534
150,17,0.894736842105263,0.4918173577552106
150,18,0.9473684210526315,0.4876499881898543
150,19,1.0,0.575535700526979
151,0,0.0,0.5290164747874252
151,1,0.05263157894736842,0.42017850023279063
151,2,0.10526315789473684,0.5266078312308416
151,3,0.15789473684210525,0.49090385420355653
151,4,0.21052631578947367,0.5071976829087056
151,5,0.2631578947368421,0.48670053851387324
151,6,0.3157894736842105,0.3893024048482093
151,7,0.3684210526315789,0.4644584688259392
151,8,0.42105263157894735,0.43949822872362193
151,9,0.47368421052631576,0.48208947346757924
151,10,0.5263157894736842,0.5298452076498615
151,11,0.5789473684210527,0.42049742604160784
151,12,0.631578947368421,0.4493667669039393
151,13,0.6842105263157894,0.39889094741957826
151,14,0.7368421052631579,0.41610067970677445
151,15,0.7894736842105263,0.4779728395330149
151,16,0.8421052631578947,0.5609308885132891
151,17,0.894736842105263,0.5367683330554445
151,18,0.9473684210526315,0.49652210889200765
151,19,1.0,0.5530831153170795
152,0,0.0,0.5483699532002893
152,1,0.05263157894736842,0.5021932391687044
152,2,0.10526315789473684,0.45403135604025135
152,3,0.15789473684210525,0.4585199063066493
152,4,0.21052631578947367,0.4481370219420485
152,5,0.2631578947368421,0.5286194061014254
152,6,0.3157894736842105,0.47171085217184666
152,7,0.3684210526315789,0.4618472721740462
152,8,0.42105263157894735,0.4694990542662985
152,9,0.47368421052631576,0.48030989624965925
152,10,0.5263157894736842,0.36721600748231725
152,11,0.5789473684210527,0.444685556682586
152,12,0.631578947368421,0.42812898006758093
152,13,0.6842105263157894,0.4943789684670501
152,14,0.7368421052631579,0.474839305624644
152,15,0.7894736842105263,0.5085154765385387
152,16,0.8421052631578947,0.4359417012735091
152,17,0.894736842105263,0.4644905121763109
152,18,0.9473684210526315,0.46459544324070273
152,19,1.0,0.43744085487277556
153,0,0.0,0.4439716395666861
153,1,0.05263157894736842,0.5281968961733502
153,2,0.10526315789473684,0.537757322589524
153,3,0.15789473684210525,0.5196294247995459
153,4,0.21052631578947367,0.6200412756984327
153,5,0.2631578947368421,0.4677910379657453
153,6,0.3157894736842105,0.5618380429056669
153,7,0.3684210526315789,0.48243687746212277
153,8,0.42105263157894735,0.4968755013228979
153,9,0.47368421052631576,0.4554417282536273
153,10,0.5263157894736842,0.592653966810131
153,11,0.5789473684210527,0.5583338142734041
153,12,0.631578947368421,0.49310212048040963
153,13,0.6842105263157894,0.5733716666040112
153,14,0.7368421052631579,0.5033848114443612
153,15,0.7894736842105263,0.5135824273711386
153,16,0.8421052631578947,0.5501328856395892
153,17,0.894736842105263,0.5212087197309027
153,18,0.9473684210526315,0.45757463283263633
153,19,1.0,0.5110234848482021
154,0,0.0,0.6168162425064168
154,1,0.05263157894736842,0.5212344996008754
154,2,0.10526315789473684,0.569566029646664
154,3,0.15789473684210525,0.5432684751354687
154,4,0.21052631578947367,0.6021804770610129
154,5,0.2631578947368421,0.5322126040114418
154,6,0.3157894736842105,0.5399412786925996
154,7,0.3684210526315789,0.43937927573159874
154,8,0.42105263157894735,0.44780009387797026
154,9,0.47368421052631576,0.3837023837418267
154,10,0.5263157894736842,0.44198067775726035
154,11,0.5789473684210527,0.43167504668341206
154,12,0.631578947368421,0.4261514516843782
154,13,0.6842105263157894,0.5231303003212133
154,14,0.7368421052631579,0.468443077343347
154,15,0.7894736842105263,0.40904416966372587
154,16,0.8421052631578947,0.4421699725442897
154,17,0.894736842105263,0.40088347393639684
154,18,0.9473684210526315,0.5560637750419501
154,19,1.0,0.5640228264289289
155,0,0.0,0.5098448266248276
155,1,0.05263157894736842,0.5356440941353289
155,2,0.10526315789473684,0.5824818312645507
155,3,0.15789473684210525,0.6116175566112193
155,4,0.21052631578947367,0.4615970914074806
155,5,0.2631578947368421,0.6981522126124899
155,6,0.3157894736842105,0.5990897156870942
155,7,0.3684210526315789,0.5678839824249216
155,8,0.42105263157894735,0.6158908789535525
155,9,0.47368421052631576,0.5351649461037475
155,10,0.5263157894736842,0.5746639196471997
155,11,0.5789473684210527,0.526922813032067
155,12,0.631578947368421,0.5533523857797864
155,13,0.6842105263157894,0.49123533817271847
155,14,0.7368421052631579,0.4212879889983935
155,15,0.7894736842105263,0.4147923356351512
155,16,0.8421052631578947,0.43892316363658906
155,17,0.894736842105263,0.3845893711065541
155,18,0.9473684210526315,0.47301188466596744
155,19,1.0,0.4550572233626751
156,0,0.0,0.5192931259139993
156,1,0.05263157894736842,0.5776472568173546
156,2,0.10526315789473684,0.5213662906147789
156,3,0.15789473684210525,0.4698908809519457
156,4,0.21052631578947367,0.41924126414657725
156,5,0.2631578947368421,0.5161565309304347
156,6,0.3157894736842105,0.5554652770301097
156,7,0.3684210526315789,0.5320790746776968
156,8,0.42105263157894735,0.5640579353552957
156,9,0.47368421052631576,0.5110291865815435
156,10,0.5263157894736842,0.5365119946624437
156,11,0.5789473684210527,0.3943675729908232
156,12,0.631578947368421,0.46127194046920394
156,13,0.6842105263157894,0.4354933094290083
156,14,0.7368421052631579,0.45061042082206987
156,15,0.7894736842105263,0.4252746273483156
156,16,0.8421052631578947,0.46007557064892995
156,17,0.894736842105263,0.5079215253279432
156,18,0.9473684210526315,0.503473489706286
156,19,1.0,0.4144538468304365
157,0,0.0,0.5717597363599919
157,1,0.05263157894736842,0.5405659259299767
157,2,0.10526315789473684,0.5342214558768119
157,3,0.15789473684210525,0.605595369926713
157,4,0.21052631578947367,0.5498697927159151
157,5,0.2631578947368421,0.6004050236010702
157,6,0.3157894736842105,0.4958626819459234
157,7,0.3684210526315789,0.5219273030001629
157,8,0.42105263157894735,0.5105883790393551
157,9,0.47368421052631576,0.6008664503818673
157,10,0.5263157894736842,0.5205403956749219
157,11,0.5789473684210527,0.40991908761762397
157,12,0.631578947368421,0.5785759303131175
157,13,0.6842105263157894,0.466059166822272
157,14,0.7368421052631579,0.5330478207748791
157,15,0.7894736842105263,0.56461272659393
157,16,0.8421052631578947,0.5427933820392754
157,17,0.894736842105263,0.5641392849573706
157,18,0.9473684210526315,0.48272003899715527
157,19,1.0,0.4872575767158941
158,0,0.0,0.5647313621220575
158,1,0.05263157894736842,0.5281175430164577
158,2,0.10526315789473684,0.5239522614598199
158,3,0.15789473684210525,0.3930827929673264
158,4,0.21052631578947367,0.47081807653858465
158,5,0.2631578947368421,0.3682359729919614
158,6,0.3157894736842105,0.37709897961516825
158,7,0.3684210526315789,0.49214584493045177
158,8,0.42105263157894735,0.4407837933541622
158,9,0.47368421052631576,0.47746002555348643
158,10,0.5263157894736842,0.5055258231175798
158,11,0.5789473684210527,0.46211508419471076
158,12,0.631578947368421,0.4291883646941314
158,13,0.6842105263157894,0.5280889643213785
158,14,0.7368421052631579,0.568916658083031
158,15,0.7894736842105263,0.5255293873766474
158,16,0.8421052631578947,0.512866740315495
158,17,0.894736842105263,0.5263672967874138
158,18,0.9473684210526315,0.5710381722968454
158,19,1.0,0.5690529340480199
159,0,0.0,0.6216872365030994
159,1,0.05263157894736842,0.5333325793172875
159,2,0.10526315789473684,0.5145303739827474
159,3,0.15789473684210525,0.514737470293344
159,4,0.21052631578947367,0.49617624967572954
159,5,0.2631578947368421,0.498190013682213
159,6,0.3157894736842105,0.4593343409996518
159,7,0.3684210526315789,0.5445582274861703
159,8,0.42105263157894735,0.5076502564116762
159,9,0.47368421052631576,0.4961242547401561
159,10,0.5263157894736842,0.5808263244947177
159,11,0.5789473684210527,0.5292328554112182
159,12,0.631578947368421,0.6459487564456758
159,13,0.6842105263157894,0.5809024197951755
159,14,0.7368421052631579,0.5463315710535025
159,15,0.7894736842105263,0.5459756994576754
159,16,0.8421052631578947,0.43700817640597234
159,17,0.894736842105263,0.5626886140580671
159,18,0.9473684210526315,0.5594866067835674
159,19,1.0,0.5694049628913602
160,0,0.0,0.4950705922511625
160,1,0.05263157894736842,0.47568154300284443
160,2,0.10526315789473684,0.39712060479455036
160,3,0.15789473684210525,0.46530652626620694
160,4,0.21052631578947367,0.43919238032803914
160,5,0.2631578947368421,0.3518996816191126
160,6,0.3157894736842105,0.3474801805650837
160,7,0.3684210526315789,0.34664339223295915
160,8,0.42105263157894735,0.38699077237203794
160,9,0.47368421052631576,0.43017362128942654
160,10,0.5263157894736842,0.40311014608049717
160,11,0.5789473684210527,0.49501130539146715
160,12,0.631578947368421,0.49208237026229723
160,13,0.6842105263157894,0.5052737339847118
160,14,0.7368421052631579,0.4837937113662387
160,15,0.7894736842105263,0.5550369953449902
160,16,0.8421052631578947,0.6323511530090689
160,17,0.894736842105263,0.4868045023083928
160,18,0.9473684210526315,0.602939900104368
160,19,1.0,0.5633045205801931
161,0,0.0,0.4626966271605531
161,1,0.05263157894736842,0.42070652355152804
161,2,0.10526315789473684,0.34515925292055927
161,3,0.15789473684210525,0.5111437359952496
161,4,0.21052631578947367,0.46550503592997483
161,5,0.2631578947368421,0.4846335929793763
161,6,0.3157894736842105,0.49721108256337204
161,7,0.3684210526315789,0.5475058481853531
161,8,0.42105263157894735,0.5185143221254446
161,9,0.47368421052631576,0.5453303123587973
161,10,0.5263157894736842,0.6837474835413744
161,11,0.5789473684210527,0.5329766527378775
161,12,0.631578947368421,0.5933128512967646
161,13,0.6842105263157894,0.5700874946425668
161,14,0.7368421052631579,0.5584095919040137
161,15,0.7894736842105263,0.5681056773588111
161,16,0.8421052631578947,0.5664914249733096
161,17,0.894736842105263,0.5312101534575788
161,18,0.9473684210526315,0.5442178951861744
161,19,1.0,0.4919291628785679
162,0,0.0,0.5590190982697327
162,1,0.05263157894736842,0.5455794338430587
162,2,0.10526315789473684,0.5546700178223587
162,3,0.15789473684210525,0.5973013687078551
162,4,0.21052631578947367,0.5242862108794857
162,5,0.2631578947368421,0.4924820225902691
162,6,0.3157894736842105,0.5304521512588182
162,7,0.3684210526315789,0.5021679569850874
162,8,0.42105263157894735,0.5097192108278381
162,9,0.47368421052631576,0.5417039406395124
162,10,0.5263157894736842,0.5284029549137977
162,11,0.5789473684210527,0.5178641638383317
162,12,0.631578947368421,0.420519515604744
162,13,0.6842105263157894,0.5256070325197199
162,14,0.7368421052631579,0.4722109558633408
162,15,0.7894736842105263,0.4649034664532035
162,16,0.8421052631578947,0.4692551035631044
162,17,0.894736842105263,0.5199815111244988
162,18,0.9473684210526315,0.43835848737862676
162,19,1.0,0.4849661418180936
163,0,0.0,0.5744047138173848
163,1,0.05263157894736842,0.5681238656830305
163,2,0.10526315789473684,0.5261884984441749
163,3,0.15789473684210525,0.5465814770478661
163,4,0.21052631578947367,0.5947809149137533
163,5,0.2631578947368421,0.5571691419364216
163,6,0.3157894736842105,0.48644799719525583
163,7,0.3684210526315789,0.46831156173126676
163,8,0.42105263157894735,0.5539104272759237
163,9,0.47368421052631576,0.6135680467596233
163,10,0.5263157894736842,0.5328288817121967
163,11,0.5789473684210527,0.5399414824598004
163,12,0.631578947368421,0.47364567055611134
163,13,0.6842105263157894,0.5158856045749631
163,14,0.7368421052631579,0.47775534014449894
163,15,0.7894736842105263,0.41801591884685874
163,16,0.8421052631578947,0.4676977965598259
163,17,0.894736842105263,0.43516917393275495
163,18,0.9473684210526315,0.5095987564100126
163,19,1.0,0.44357681886589195
164,0,0.0,0.4270599875007281
164,1,0.05263157894736842,0.47077402843712646
164,2,0.10526315789473684,0.3777837358963726
164,3,0.15789473684210525,0.4982113657538393
164,4,0.21052631578947367,0.6036514719172674
164,5,0.2631578947368421,0.5019102254603993
164,6,0.3157894736842105,0.4277823717727967
164,7,0.3684210526315789,0.6159065779259789
164,8,0.42105263157894735,0.5243214628017693
164,9,0.47368421052631576,0.5440378344620908
164,10,0.5263157894736842,0.6004441633912376
164,11,0.5789473684210527,0.6211550158541614
164,12,0.631578947368421,0.6188377540058965
164,13,0.6842105263157894,0.6546363131860122
164,14,0.7368421052631579,0.5372630519626758
164,15,0.7894736842105263,0.5699956333666492
164,16,0.8421052631578947,0.5935319151093406
164,17,0.894736842105263,0.6191110723562269
164,18,0.9473684210526315,0.5087365293790566
164,19,1.0,0.59883977254307
165,0,0.0,0.511512252282957
165,1,0.05263157894736842,0.4943871137707564
165,2,0.10526315789473684,0.4991154755713072
165,3,0.15789473684210525,0.5729943820886225
165,4,0.21052631578947367,0.45308226615402925
165,5,0.2631578947368421,0.4757653094534003
165,6,0.3157894736842105,0.5590039696883072
165,7,0.3684210526315789,0.49234727041803916
165,8,0.42105263157894735,0.6086030334623028
165,9,0.47368421052631576,0.562597644127975
165,10,0.5263157894736842,0.49955031094290697
165,11,0.5789473684210527,0.5699966526125039
165,12,0.631578947368421,0.5205826026704282
165,13,0.6842105263157894,0.6066478899347476
165,14,0.7368421052631579,0.5616934699973233
165,15,0.7894736842105263,0.348508982439792
165,16,0.8421052631578947,0.41977700476719854
165,17,0.894736842105263,0.5288759261267816
165,18,0.9473684210526315,0.3739177994936681
165,19,1.0,0.567417958611843
166,0,0.0,0.40387430550753634
166,1,0.05263157894736842,0.4647618520793397
166,2,0.10526315789473684,0.4235682260932663
166,3,0.15789473684210525,0.5649164041415038
166,4,0.21052631578947367,0.5042379298648018
166,5,0.2631578947368421,0.4865805781537832
166,6,0.3157894736842105,0.37624634156458686
166,7,0.3684210526315789,0.4079184825547404
166,8,0.42105263157894735,0.48786926550054843
166,9,0.47368421052631576,0.4809234788120028
166,10,0.5263157894736842,0.4557802128593184
166,11,0.5789473684210527,0.45847096388649694
166,12,0.631578947368421,0.47472168424993977
166,13,0.6842105263157894,0.5840481154167021
166,14,0.7368421052631579,0.49491311454507536
166,15,0.7894736842105263,0.5344066391713281
166,16,0.8421052631578947,0.45575334280418406
166,17,0.894736842105263,0.5557127543019147
166,18,0.9473684210526315,0.4351070225856235
166,19,1.0,0.5389881057634831
167,0,0.0,0.48709837634725806
167,1,0.05263157894736842,0.487417110473092
167,2,0.10526315789473684,0.5345901318277452
167,3,0.15789473684210525,0.5899846345979833
167,4,0.21052631578947367,0.5949456565062579
167,5,0.2631578947368421,0.5760306225454631
167,6,0.3157894736842105,0.5789908394997921
167,7,0.3684210526315789,0.5471421888389522
167,8,0.42105263157894735,0.5758343586619628
167,9,0.47368421052631576,0.5349756701243313
167,10,0.5263157894736842,0.5216635035302248
167,11,0.5789473684210527,0.5501143012201479
167,12,0.631578947368421,0.6414624254437395
167,13,0.6842105263157894,0.5054895967044043
167,14,0.7368421052631579,0.5387345348836652
167,15,0.7894736842105263,0.43912728329709133
167,16,0.8421052631578947,0.4725958388196882
167,17,0.894736842105263,0.46689498433956
167,18,0.9473684210526315,0.5008970036024791
167,19,1.0,0.4551638774777122
168,0,0.0,0.5828458816399833
168,1,0.05263157894736842,0.5541874410899587
168,2,0.10526315789473684,0.5316374390481049
168,3,0.15789473684210525,0.5317002392313813
168,4,0.21052631578947367,0.43350351453506797
168,5,0.2631578947368421,0.3993888633873524
168,6,0.3157894736842105,0.4333331388815414
168,7,0.3684210526315789,0.4512509663030484
168,8,0.42105263157894735,0.46596746221376173
168,9,0.47368421052631576,0.3834756076884016
168,10,0.5263157894736842,0.48386755467363984
168,11,0.5789473684210527,0.4584144168086973
168,12,0.631578947368421,0.4165985554114241
168,13,0.6842105263157894,0.48277084075042337
168,14,0.7368421052631579,0.5159237157840942
168,15,0.7894736842105263,0.5557373229184612
168,16,0.8421052631578947,0.4875327465973393
168,17,0.894736842105263,0.5546470155073729
168,18,0.9473684210526315,0.5860213383389518
168,19,1.0,0.5782681385083825
169,0,0.0,0.5340192288668026
169,1,0.05263157894736842,0.5197643890565301
169,2,0.10526315789473684,0.4789389805818843
169,3,0.15789473684210525,0.46343687831131397
169,4,0.21052631578947367,0.4571801456675584
169,5,0.2631578947368421,0.431402586141371
169,6,0.3157894736842105,0.3918745186533982
169,7,0.3684210526315789,0.4540100521355469
169,8,0.42105263157894735,0.44011486335931616
169,9,0.47368421052631576,0.5034519186404014
169,10,0.5263157894736842,0.4744823370861012
169,11,0.5789473684210527,0.44342913974476234
169,12,0.631578947368421,0.5332435185958515
169,13,0.6842105263157894,0.4365137487387733
169,14,0.7368421052631579,0.4957431315153695
169,15,0.7894736842105263,0.4072234614291275
169,16,0.8421052631578947,0.4290670702963237
169,17,0.894736842105263,0.40680046983313434
169,18,0.9473684210526315,0.5198443637669177
169,19,1.0,0.47317422142878696
170,0,0.0,0.5589822843662273
170,1,0.05263157894736842,0.4676782593682691
170,2,0.10526315789473684,0.5233311479868624
170,3,0.15789473684210525,0.5800209201989929
170,4,0.21052631578947367,0.5961735044671904
170,5,0.2631578947368421,0.5228337189416175
170,6,0.3157894736842105,0.472199888867257
170,7,0.3684210526315789,0.5314883498363919
170,8,0.42105263157894735,0.43044025756276594
170,9,0.47368421052631576,0.6329626148767685
170,10,0.5263157894736842,0.5722948475561911
170,11,0.5789473684210527,0.5494507862507184
170,12,0.631578947368421,0.5079385617021236
170,13,0.6842105263157894,0.6105254744802111
170,14,0.7368421052631579,0.5714841486065225
170,15,0.7894736842105263,0.4910655137932573
170,16,0.8421052631578947,0.5166995632305548
170,17,0.894736842105263,0.5485187816230934
170,18,0.9473684210526315,0.571921590473704
170,19,1.0,0.5117501754490787
171,0,0.0,0.4477672681124308
171,1,0.05263157894736842,0.5233110297595306
171,2,0.10526315789473684,0.3527935276142687
171,3,0.15789473684210525,0.46842978027853327
171,4,0.21052631578947367,0.47872737375813046
171,5,0.2631578947368421,0.48827978555622636
171,6,0.3157894736842105,0.3838769216908825
171,7,0.3684210526315789,0.4432778337340531
171,8,0.42105263157894735,0.5021947276150147
171,9,0.47368421052631576,0.37274931539802814
171,10,0.5263157894736842,0.4422807728424358
171,11,0.5789473684210527,0.5728137483921876
171,12,0.631578947368421,0.5646832689153478
171,13,0.6842105263157894,0.4674623476272456
171,14,0.7368421052631579,0.4584357747273373
171,15,0.7894736842105263,0.42112721592855545
171,16,0.8421052631578947,0.4087988036340813
171,17,0.894736842105263,0.4357577086818084
171,18,0.9473684210526315,0.5128006223113852
171,19,1.0,0.5255857851083198
172,0,0.0,0.4560333574139529
172,1,0.05263157894736842,0.5310017376934405
172,2,0.10526315789473684,0.5459563552702192
172,3,0.15789473684210525,0.5313204615768758
172,4,0.21052631578947367,0.43588106692054507
172,5,0.2631578947368421,0.4852660716100401
172,6,0.3157894736842105,0.5156582668594295
172,7,0.3684210526315789,0.5641820539490532
172,8,0.42105263157894735,0.5853783317405078
172,9,0.47368421052631576,0.5694948103249555
172,10,0.5263157894736842,0.5258967650617127
172,11,0.5789473684210527,0.5956160689737243
172,12,0.631578947368421,0.5572982761291495
172,13,0.6842105263157894,0.5921790100338595
172,14,0.7368421052631579,0.6336303591471124
172,15,0.7894736842105263,0.6053571640330481
172,16,0.8421052631578947,0.5244247259677829
172,17,0.894736842105263,0.521734762897567
172,18,0.9473684210526315,0.5890621988914179
172,19,1.0,0.5111252902926853
173,0,0.0,0.4340236766838629
173,1,0.05263157894736842,0.4612951719973814
173,2,0.10526315789473684,0.49211051066287054
173,3,0.15789473684210525,0.42410871673658224
173,4,0.21052631578947367,0.4850215332885626
173,5,0.2631578947368421,0.5940944317765089
173,6,0.3157894736842105,0.48442196116595027
173,7,0.3684210526315789,0.5278717933197471
173,8,0.42105263157894735,0.5281552254421713
173,9,0.47368421052631576,0.5940340606398179
173,10,0.5263157894736842,0.5512035608698425
173,11,0.5789473684210527,0.5364345514263115
173,12,0.631578947368421,0.5459918347454354
173,13,0.6842105263157894,0.5742495886275716
173,14,0.7368421052631579,0.5128371654478822
173,15,0.7894736842105263,0.5138881078014946
173,16,0.8421052631578947,0.49183046787208756
173,17,0.894736842105263,0.5961197509432562
173,18,0.9473684210526315,0.5054549821083987
173,19,1.0,0.47074499027586
174,0,0.0,0.5076726131688553
174,1,0.05263157894736842,0.5989428299253597
174,2,0.10526315789473684,0.5632070561757275
174,3,0.15789473684210525,0.5887007734171164
174,4,0.21052631578947367,0.5323224710868807
174,5,0.2631578947368421,0.5370031253709012
174,6,0.3157894736842105,0.5476693436295739
174,7,0.3684210526315789,0.5092921899157004
174,8,0.42105263157894735,0.5397931364944917
174,9,0.47368421052631576,0.5531607178968573
174,10,0.5263157894736842,0.5176129938298331
174,11,0.5789473684210527,0.46922526319100194
174,12,0.631578947368421,0.5615721801385146
174,13,0.6842105263157894,0.49685683738415176
174,14,0.7368421052631579,0.5285036890017145
174,15,0.7894736842105263,0.5584452689213403
174,16,0.8421052631578947,0.46661755714154934
174,17,0.894736842105263,0.4516685975536043
174,18,0.9473684210526315,0.5323634557386557
174,19,1.0,0.4662536299260128
175,0,0.0,0.4758410184562921
175,1,0.05263157894736842,0.4686699731246118
175,2,0.10526315789473684,0.5587843955341205
175,3,0.15789473684210525,0.49830655094531967
175,4,0.21052631578947367,0.5402593860545585
175,5,0.2631578947368421,0.6558480731545127
175,6,0.3157894736842105,0.5289636814430382
175,7,0.3684210526315789,0.5593095357798956
175,8,0.42105263157894735,0.5846907580262202
175,9,0.47368421052631576,0.6029855832232668
175,10,0.5263157894736842,0.5243278407609023
175,11,0.5789473684210527,0.5388539947912566
175,12,0.631578947368421,0.5282930456333136
175,13,0.6842105263157894,0.5196435597578004
175,14,0.7368421052631579,0.4629746637242166
175,15,0.7894736842105263,0.4656267185411006
175,16,0.8421052631578947,0.5098189083498315
175,17,0.894736842105263,0.5493633322053334
175,18,0.9473684210526315,0.47717399345801986
175,19,1.0,0.36299360779831086
176,0,0.0,0.6015925862229778
176,1,0.05263157894736842,0.5376173788520416
176,2,0.10526315789473684,0.5519969242852788
176,3,0.15789473684210525,0.5036267859396898
176,4,0.21052631578947367,0.6169094020560103
176,5,0.2631578947368421,0.559420164493053
176,6,0.3157894736842105,0.4658913725003104
176,7,0.3684210526315789,0.5505625779064821
176,8,0.42105263157894735,0.4242655225094403
176,9,0.47368421052631576,0.3969417329936974
176,10,0.5263157894736842,0.45521301133588676
176,11,0.5789473684210527,0.4572752263466061
176,12,0.631578947368421,0.42658977875578097
176,13,0.6842105263157894,0.43958574539053924
176,14,0.7368421052631579,0.37804724081126084
176,15,0.7894736842105263,0.4370119652651805
176,16,0.8421052631578947,0.45078559828282033
176,17,0.894736842105263,0.49840693860851615
176,18,0.9473684210526315,0.5842216632339867
176,19,1.0,0.5264918312907401
177,0,0.0,0.4921533037524052
177,1,0.05263157894736842,0.46348766311725054
177,2,0.10526315789473684,0.46103446632469536
177,3,0.15789473684210525,0.4195415544025177
177,4,0.21052631578947367,0.5158260874584855
177,5,0.2631578947368421,0.35119244142244893
177,6,0.3157894736842105,0.4519928620932595
177,7,0.3684210526315789,0.42908618992312597
177,8,0.42105263157894735,0.43374872125646097
177,9,0.47368421052631576,0.5093676459035336
177,10,0.5263157894736842,0.41649011484387655
177,11,0.5789473684210527,0.49664924895040463
177,12,0.631578947368421,0.5232938533509397
177,13,0.6842105263157894,0.43623998739322545
177,14,0.7368421052631579,0.5407239001642633
177,15,0.7894736842105263,0.5325828958742425
177,16,0.8421052631578947,0.4481984771212477
177,17,0.894736842105263,0.5506626690870906
177,18,0.9473684210526315,0.4865486997475731
177,19,1.0,0.5532665676837479
178,0,0.0,0.5395514098159541
178,1,0.05263157894736842,0.42408584536254956
178,2,0.10526315789473684,0.43140512037105483
178,3,0.15789473684210525,0.4555087574410412
178,4,0.21052631578947367,0.5556378551440072
178,5,0.2631578947368421,0.4401443497086748
178,6,0.3157894736842105,0.5363372756013847
178,7,0.3684210526315789,0.6202860570381262
178,8,0.42105263157894735,0.5511572799270231
178,9,0.47368421052631576,0.47782475464783336
178,10,0.5263157894736842,0.5399584209094483
178,11,0.5789473684210527,0.504120251598402
178,12,0.631578947368421,0.4994883261055952
178,13,0.6842105263157894,0.5770885539367205
178,14,0.7368421052631579,0.5198668578215937
178,15,0.7894736842105263,0.4869591085489293
178,16,0.8421052631578947,0.4900279085713053
178,17,0.894736842105263,0.42769883591978036
178,18,0.9473684210526315,0.5374492123231531
178,19,1.0,0.4513174447444716
179,0,0.0,0.5479864325524798
179,1,0.05263157894736842,0.5960246422260636
179,2,0.10526315789473684,0.5534315057622453
179,3,0.15789473684210525,0.5239490865560952
179,4,0.21052631578947367,0.5819917747099993
179,5,0.2631578947368421,0.5495840227450038
179,6,0.3157894736842105,0.4869671177999938
179,7,0.3684210526315789,0.4655565773937799
179,8,0.42105263157894735,0.4579810263759421
179,9,0.47368421052631576,0.5828471891992069
179,10,0.5263157894736842,0.4610722517650844
179,11,0.5789473684210527,0.4105727082886542
179,12,0.631578947368421,0.5329878277511303
179,13,0.6842105263157894,0.5155616107334634
179,14,0.7368421052631579,0.3891798328898094
179,15,0.7894736842105263,0.4889216723350496
179,16,0.8421052631578947,0.5041172370425872
179,17,0.894736842105263,0.39952992006052856
179,18,0.9473684210526315,0.4938583680686492
179,19,1.0,0.45381650779627974
180,0,0.0,0.4618575794216021
180,1,0.05263157894736842,0.36024752138104943
180,2,0.10526315789473684,0.4218940630439026
180,3,0.15789473684210525,0.48282861458671833
180,4,0.21052631578947367,0.3401996269615741
180,5,0.2631578947368421,0.4188987976112227
180,6,0.3157894736842105,0.48944690033684524
180,7,0.3684210526315789,0.4689419294345416
180,8,0.42105263157894735,0.51423596410928
180,9,0.47368421052631576,0.5175071998369642
180,10,0.5263157894736842,0.5530839166099569
180,11,0.5789473684210527,0.5773973967622315
180,12,0.631578947368421,0.3774754172112825
180,13,0.6842105263157894,0.6164672621816067
180,14,0.7368421052631579,0.6389004965545685
180,15,0.7894736842105263,0.4722630962324398
180,16,0.8421052631578947,0.46825122069039804
180,17,0.894736842105263,0.6073759970017283
180,18,0.9473684210526315,0.532111967313487
180,19,1.0,0.6014455595298754
181,0,0.0,0.5181054081881388
181,1,0.05263157894736842,0.5251233885684632
181,2,0.10526315789473684,0.5942095034566456
181,3,0.15789473684210525,0.6481765379149045
181,4,0.21052631578947367,0.5873965586143309
181,5,0.2631578947368421,0.4909150911993351
181,6,0.3157894736842105,0.5188351372071174
181,7,0.3684210526315789,0.5319484365291235
181,8,0.42105263157894735,0.5674012330164192
181,9,0.47368421052631576,0.4977623240588562
181,10,0.5263157894736842,0.5715314202469015
181,11,0.5789473684210527,0.5119312382041132
181,12,0.631578947368421,0.6160329767116852
181,13,0.6842105263157894,0.48488077082238934
181,14,0.7368421052631579,0.5206257684291042
181,15,0.7894736842105263,0.46718827998579054
181,16,0.8421052631578947,0.5444967385270351
181,17,0.894736842105263,0.47374981343218003
181,18,0.9473684210526315,0.5614599463149437
181,19,1.0,0.5141476709519984
182,0,0.0,0.5132991504729646
182,1,0.05263157894736842,0.5469005846358826
182,2,0.10526315789473684,0.5835391871602061
182,3,0.15789473684210525,0.5042127799153739
182,4,0.21052631578947367,0.4802225159461133
182,5,0.2631578947368421,0.49740987563085726
182,6,0.3157894736842105,0.544417176708376
182,7,0.3684210526315789,0.6391356493955387
182,8,0.42105263157894735,0.5876713777983338
182,9,0.47368421052631576,0.5787736340116089
182,10,0.5263157894736842,0.5040863410703605
182,11,0.5789473684210527,0.5480371605616556
182,12,0.631578947368421,0.5145377921257078
182,13,0.6842105263157894,0.6359324992842005
182,14,0.7368421052631579,0.5827224895442833
182,15,0.7894736842105263,0.5555879714379333
182,16,0.8421052631578947,0.6105835079101386
182,17,0.894736842105263,0.5010618751580042
182,18,0.9473684210526315,0.45656968276059273
182,19,1.0,0.45495338396484175
183,0,0.0,0.45383436670708704
183,1,0.05263157894736842,0.5935669770711215
183,2,0.10526315789473684,0.5974998153881701
183,3,0.15789473684210525,0.5145778689388524
183,4,0.21052631578947367,0.5919211333869475
183,5,0.2631578947368421,0.553751059812998
183,6,0.3157894736842105,0.6319833706598246
183,7,0.3684210526315789,0.5542013245041715
183,8,0.42105263157894735,0.5296799160856466
183,9,0.47368421052631576,0.4916707289124577
183,10,0.5263157894736842,0.45568310872272316
183,11,0.5789473684210527,0.48355607261778893
183,12,0.631578947368421,0.5748991644511896
183,13,0.6842105263157894,0.4717036707907076
183,14,0.7368421052631579,0.5076618701965014
183,15,0.7894736842105263,0.4140280363151596
183,16,0.8421052631578947,0.4421108995845714
183,17,0.894736842105263,0.43242495599082614
183,18,0.9473684210526315,0.42867347432227637
183,19,1.0,0.4289168327670717
184,0,0.0,0.470642822317671
184,1,0.05263157894736842,0.4971663616337746
184,2,0.10526315789473684,0.43777605535332054
184,3,0.15789473684210525,0.5336034221113269
184,4,0.21052631578947367,0.4725493373951957
184,5,0.2631578947368421,0.498381470151164
184,6,0.3157894736842105,0.3985518164872429
184,7,0.3684210526315789,0.44253932617202235
184,8,0.42105263157894735,0.3859859274183164
184,9,0.47368421052631576,0.5001316549528521
184,10,0.5263157894736842,0.3941193598793829
184,11,0.5789473684210527,0.4152685693079841
184,12,0.631578947368421,0.37014577038599955
184,13,0.6842105263157894,0.44189440152037834
184,14,0.7368421052631579,0.3603432114184375
184,15,0.7894736842105263,0.4609613491266164
184,16,0.8421052631578947,0.4147481249353155
184,17,0.894736842105263,0.4763166843177694
184,18,0.9473684210526315,0.4852195942460902
184,19,1.0,0.42475635678223495
185,0,0.0,0.4999919966442888
185,1,0.05263157894736842,0.4432770597262414
185,2,0.10526315789473684,0.4467863332673823
185,3,0.15789473684210525,0.4877611909885838
185,4,0.21052631578947367,0.48433358474364485
185,5,0.2631578947368421,0.5207612533126479
185,6,0.3157894736842105,0.5850386515602279
185,7,0.3684210526315789,0.5346141440861537
185,8,0.42105263157894735,0.518313029711015
185,9,0.47368421052631576,0.4648634622919753
185,10,0.5263157894736842,0.544836809631527
185,11,0.5789473684210527,0.5053025712978783
185,12,0.631578947368421,0.6136259669682701
185,13,0.6842105263157894,0.5407630301177432
185,14,0.7368421052631579,0.5859776913569125
185,15,0.7894736842105263,0.46313339357668515
185,16,0.8421052631578947,0.5189943710487214
185,17,0.894736842105263,0.5059727937502994
185,18,0.9473684210526315,0.6004545457594717
185,19,1.0,0.5578719296887252
186,0,0.0,0.5381530642781688
186,1,0.05263157894736842,0.6630353758661411
186,2,0.10526315789473684,0.5419065373052843
186,3,0.15789473684210525,0.47696195772805633
186,4,0.21052631578947367,0.6286306456525282
186,5,0.2631578947368421,0.5255142969889003
186,6,0.3157894736842105,0.480795539398297
186,7,0.3684210526315789,0.5352802117776834
186,8,0.42105263157894735,0.5402380186546075
186,9,0.47368421052631576,0.49970526216685085
186,10,0.5263157894736842,0.476583247993498
186,11,0.5789473684210527,0.5233223867432029
186,12,0.631578947368421,0.4915232593403817
186,13,0.6842105263157894,0.40437072248292094
186,14,0.7368421052631579,0.46528708341833586
186,15,0.7894736842105263,0.4280979819728146
186,16,0.8421052631578947,0.4421705515760906
186,17,0.894736842105263,0.4430346307081951
186,18,0.9473684210526315,0.5512798991978577
186,19,1.0,0.4876258237200113
187,0,0.0,0.49035248005402465
187,1,0.05263157894736842,0.5519462075848693
187,2,0.10526315789473684,0.5419565528999224
187,3,0.15789473684210525,0.47923999331389855
187,4,0.21052631578947367,0.5260935767902614
187,5,0.2631578947368421,0.5555348313558279
187,6,0.3157894736842105,0.5538801862988962
187,7,0.3684210526315789,0.5614041586243748
187,8,0.42105263157894735,0.46648713439811396
187,9,0.47368421052631576,0.6702198863172426
187,10,0.5263157894736842,0.4586121515865582
187,11,0.5789473684210527,0.5296311279438104
187,12,0.631578947368421,0.5724163025071433
187,13,0.6842105263157894,0.5390684879051505
187,14,0.7368421052631579,0.5199980885937986
187,15,0.7894736842105263,0.6349378333074234
187,16,0.8421052631578947,0.46265754298666373
187,17,0.894736842105263,0.5528040531081496
187,18,0.9473684210526315,0.4702654026979395
187,19,1.0,0.48252370567875175
188,0,0.0,0.4504311169102624
188,1,0.05263157894736842,0.4509539431666835
188,2,0.10526315789473684,0.4280985007197482
188,3,0.15789473684210525,0.3886194349857996
188,4,0.21052631578947367,0.5640768486566108
188,5,0.2631578947368421,0.5471878620519802
188,6,0.3157894736842105,0.5204603440947856
188,7,0.3684210526315789,0.6109683809123614
188,8,0.42105263157894735,0.5889460155052806
188,9,0.47368421052631576,0.6183120397458232
188,10,0.5263157894736842,0.5567429393318808
188,11,0.5789473684210527,0.5546246810111363
188,12,0.631578947368421,0.5046934509236781
188,13,0.6842105263157894,0.4969667479663315
188,14,0.7368421052631579,0.47912567760379704
188,15,0.7894736842105263,0.6052760095041119
188,16,0.8421052631578947,0.6569634979822139
188,17,0.894736842105263,0.4810714763805691
188,18,0.9473684210526315,0.5458988056337355
188,19,1.0,0.5972119270172577
189,0,0.0,0.5908295806673931
189,1,0.05263157894736842,0.5383361212576263
189,2,0.10526315789473684,0.5507635248670428
189,3,0.15789473684210525,0.564023574035727
189,4,0.21052631578947367,0.5864497540076664
189,5,0.2631578947368421,0.5098495597571702
189,6,0.3157894736842105,0.6048035188617128
189,7,0.3684210526315789,0.607329093786938
189,8,0.42105263157894735,0.574051161147355
189,9,0.47368421052631576,0.5664122709670472
189,10,0.5263157894736842,0.5707780021760702
189,11,0.5789473684210527,0.511516690432538
189,12,0.631578947368421,0.5858813012294634
189,13,0.6842105263157894,0.530549598537271
189,14,0.7368421052631579,0.5575736204243021
189,15,0.7894736842105263,0.5741443171431108
189,16,0.8421052631578947,0.6482320323711845
189,17,0.894736842105263,0.5490874756811105
189,18,0.9473684210526315,0.5587670052786678
189,19,1.0,0.5366070899093861
190,0,0.0,0.5515314529348216
190,1,0.05263157894736842,0.5727108573278108
190,2,0.10526315789473684,0.6029647949695248
190,3,0.15789473684210525,0.5434344878817838
190,4,0.21052631578947367,0.5753241837547249
190,5,0.2631578947368421,0.593536902138701
190,6,0.3157894736842105,0.46982237534281585
190,7,0.3684210526315789,0.49795740876758143
190,8,0.42105263157894735,0.49218413389272714
190,9,0.47368421052631576,0.5286248282262537
190,10,0.5263157894736842,0.46789666367952604
190,11,0.5789473684210527,0.39824061786324305
190,12,0.631578947368421,0.4462482799548318
190,13,0.6842105263157894,0.33828837727135874
190,14,0.7368421052631579,0.5099359408760015
190,15,0.7894736842105263,0.2974421474840139
190,16,0.8421052631578947,0.3368596581047627
190,17,0.894736842105263,0.49805482780070737
190,18,0.9473684210526315,0.4155975599277079
190,19,1.0,0.4352293493970968
191,0,0.0,0.4989805571732516
191,1,0.05263157894736842,0.41111676213882326
191,2,0.10526315789473684,0.4294908685262139
191,3,0.15789473684210525,0.40639265634593713
191,4,0.21052631578947367,0.40523621444721963
191,5,0.2631578947368421,0.3527063478913367
191,6,0.3157894736842105,0.49098223643047684
191,7,0.3684210526315789,0.4815650571696314
191,8,0.42105263157894735,0.40487047594655623
191,9,0.47368421052631576,0.3925759850038071
191,10,0.5263157894736842,0.3793878153396161
191,11,0.5789473684210527,0.45873530852094685
191,12,0.631578947368421,0.404190714761677
191,13,0.6842105263157894,0.5229185286889131
191,14,0.7368421052631579,0.6080343144993965
191,15,0.7894736842105263,0.52339276393206
191,16,0.8421052631578947,0.5083191474259785
191,17,0.894736842105263,0.5889329749935981
191,18,0.9473684210526315,0.5488694819706413
191,19,1.0,0.5896342721272958
192,0,0.0,0.5257546499813843
192,1,0.05263157894736842,0.4406687263285711
192,2,0.10526315789473684,0.4674057362935267
192,3,0.15789473684210525,0.5347783030267366
192,4,0.21052631578947367,0.46005874881345143
192,5,0.2631578947368421,0.4407562009181048
192,6,0.3157894736842105,0.5651972119242482
192,7,0.3684210526315789,0.4889453183484251
192,8,0.42105263157894735,0.5881811792438107
192,9,0.47368421052631576,0.5148835984826389
192,10,0.5263157894736842,0.5138107175458035
192,11,0.5789473684210527,0.6076993289134963
192,12,0.631578947368421,0.502887915730114
192,13,0.6842105263157894,0.4529921191188905
192,14,0.7368421052631579,0.4915373846892786
192,15,0.7894736842105263,0.5169485742199301
192,16,0.8421052631578947,0.506699451887082
192,17,0.894736842105263,0.5131920106955449
192,18,0.9473684210526315,0.5093002771840763
192,19,1.0,0.6331353633319848
193,0,0.0,0.45629916403575665
193,1,0.05263157894736842,0.5039661770850036
193,2,0.10526315789473684,0.5443840184642839
193,3,0.15789473684210525,0.5017820374211203
193,4,0.21052631578947367,0.5016200154616469
193,5,0.2631578947368421,0.36718110083585936
193,6,0.3157894736842105,0.42673969346966495
193,7,0.3684210526315789,0.44427016115078716
193,8,0.42105263157894735,0.48113155981044636
193,9,0.47368421052631576,0.48120886013385206
193,10,0.5263157894736842,0.4345680936084934
193,11,0.5789473684210527,0.5624380231242254
193,12,0.631578947368421,0.4271603793366388
193,13,0.6842105263157894,0.4888485861826153
193,14,0.7368421052631579,0.48693123146800626
193,15,0.7894736842105263,0.35413110633478984
193,16,0.8421052631578947,0.44562415217485113
193,17,0.894736842105263,0.5053953996124678
193,18,0.9473684210526315,0.41190409813169226
193,19,1.0,0.47554066656099936
194,0,0.0,0.4877964994576397
194,1,0.05263157894736842,0.5027383100988214
194,2,0.10526315789473684,0.4574165947196126
194,3,0.15789473684210525,0.4797420075307192
194,4,0.21052631578947367,0.4766437820936599
194,5,0.2631578947368421,0.42117952079437243
194,6,0.3157894736842105,0.45203335021925006
194,7,0.3684210526315789,0.4729984886369014
194,8,0.42105263157894735,0.345726056092591
194,9,0.47368421052631576,0.49867045756960376
194,10,0.5263157894736842,0.49836018999102777
194,11,0.5789473684210527,0.44415329471740167
194,12,0.631578947368421,0.47248416900272416
194,13,0.6842105263157894,0.5094863630626786
194,14,0.7368421052631579,0.5075549143437269
194,15,0.7894736842105263,0.5438647307109613
194,16,0.8421052631578947,0.500426233423763
194,17,0.894736842105263,0.5887038703824413
194,18,0.9473684210526315,0.5199903174243221
194,19,1.0,0.4916771734669728
195,0,0.0,0.4946828366495291
195,1,0.05263157894736842,0.4164652674117619
195,2,0.10526315789473684,0.513762092055536
195,3,0.15789473684210525,0.39047560695087136
195,4,0.21052631578947367,0.3061095079069819
195,5,0.2631578947368421,0.4263275611431939
195,6,0.3157894736842105,0.5173245630808914
195,7,0.3684210526315789,0.505723708785335
195,8,0.42105263157894735,0.5182021338195025
195,9,0.47368421052631576,0.5222572464530462
195,10,0.5263157894736842,0.5072188057106551
195,11,0.5789473684210527,0.6013823413934924
195,12,0.631578947368421,0.4982319159438069
195,13,0.6842105263157894,0.4046084310473903
195,14,0.7368421052631579,0.4854287389240977
195,15,0.7894736842105263,0.5095305548559322
195,16,0.8421052631578947,0.5414529212838913
195,17,0.894736842105263,0.5625727142720252
195,18,0.9473684210526315,0.501075417308546
195,19,1.0,0.43632830272227946
196,0,0.0,0.5674162820582375
196,1,0.05263157894736842,0.46973405794152373
196,2,0.10526315789473684,0.6725685546775224
196,3,0.15789473684210525,0.5029793076095309
196,4,0.21052631578947367,0.5430184811142985
196,5,0.2631578947368421,0.6629293629468902
196,6,0.3157894736842105,0.5075846354538118
196,7,0.3684210526315789,0.556359914923697
196,8,0.42105263157894735,0.5748132320888052
196,9,0.47368421052631576,0.6179211605782863
196,10,0.5263157894736842,0.5109265259626361
196,11,0.5789473684210527,0.5789065318252564
196,12,0.631578947368421,0.6059635017253907
196,13,0.6842105263157894,0.4892385283790312
196,14,0.7368421052631579,0.46354950556935104
196,15,0.7894736842105263,0.36270221292242233
196,16,0.8421052631578947,0.4104703364344617
196,17,0.894736842105263,0.5359881939589981
196,18,0.9473684210526315,0.40930890885797167
196,19,1.0,0.4407026670138128
197,0,0.0,0.5018642726310384
197,1,0.05263157894736842,0.45672169865648954
197,2,0.10526315789473684,0.5547183476711913
197,3,0.15789473684210525,0.4602465385590322
197,4,0.21052631578947367,0.3977616231212724
197,5,0.2631578947368421,0.42115174493620405
197,6,0.3157894736842105,0.46848984616134914
197,7,0.3684210526315789,0.48697540656502614
197,8,0.42105263157894735,0.5179276258310371
197,9,0.47368421052631576,0.46486567681073904
197,10,0.5263157894736842,0.41263218001326757
197,11,0.5789473684210527,0.5045765096281013
197,12,0.631578947368421,0.561076867991915
197,13,0.6842105263157894,0.49244796351809184
197,14,0.7368421052631579,0.569706984507567
197,15,0.7894736842105263,0.47227812549940407
197,16,0.8421052631578947,0.508496651967155
197,17,0.894736842105263,0.557868537708838
197,18,0.9473684210526315,0.5469435591872797
197,19,1.0,0.5607556028716463
198,0,0.0,0.35176667094933395
198,1,0.05263157894736842,0.47633682874654576
198,2,0.10526315789473684,0.4863637358447328
198,3,0.15789473684210525,0.5030119866697595
198,4,0.21052631578947367,0.4902001674906531
198,5,0.2631578947368421,0.37975182507694427
198,6,0.3157894736842105,0.5924760534859909
198,7,0.3684210526315789,0.5461130534996272
198,8,0.42105263157894735,0.583133316382513
198,9,0.47368421052631576,0.5404192895063875
198,10,0.5263157894736842,0.5580047775664073
198,11,0.5789473684210527,0.5465670744242919
198,12,0.631578947368421,0.42928058671769925
198,13,0.6842105263157894,0.4750882827299215
198,14,0.7368421052631579,0.5303063266407996
198,15,0.7894736842105263,0.454979017265423
198,16,0.8421052631578947,0.48171286264875945
198,17,0.894736842105263,0.45502497224753985
198,18,0.9473684210526315,0.42590461533785234
198,19,1.0,0.43450285787805254
199,0,0.0,0.5215397845165631
199,1,0.05263157894736842,0.4866899770358606
199,2,0.10526315789473684,0.5393680475735251
199,3,0.15789473684210525,0.5488730612914208
199,4,0.21052631578947367,0.6312897379174796
199,5,0.2631578947368421,0.5371875595625709
199,6,0.3157894736842105,0.5789653259847967
199,7,0.3684210526315789,0.5150100450575485
199,8,0.42105263157894735,0.5031751055489977
199,9,0.47368421052631576,0.5500599742705635
199,10,0.5263157894736842,0.49243763996621354
199,11,0.5789473684210527,0.47277570939672675
199,12,0.631578947368421,0.5606442976085209
199,13,0.6842105263157894,0.453872225782379
199,14,0.7368421052631579,0.4652510325423869
199,15,0.7894736842105263,0.4863577477853615
199,16,0.8421052631578947,0.5016988860343939
199,17,0.894736842105263,0.455853351908988
199,18,0.9473684210526315,0.5449943015917394
199,19,1.0,0.42866211805491855
200,0,0.0,0.5779828706798688
200,1,0.05263157894736842,0.5859123004859775
200,2,0.10526315789473684,0.4949665528439861
200,3,0.15789473684210525,0.5637789077434692
200,4,0.21052631578947367,0.5316265514309074
200,5,0.2631578947368421,0.5739385069293361
200,6,0.3157894736842105,0.4226797124567033
200,7,0.3684210526315789,0.4377458377303718
200,8,0.42105263157894735,0.5692461992434575
200,9,0.47368421052631576,0.5602263451389456
200,10,0.5263157894736842,0.5706120096487213
200,11,0.5789473684210527,0.4581433409612345
200,12,0.631578947368421,0.4712253276876794
200,13,0.6842105263157894,0.5249709062422778
200,14,0.7368421052631579,0.46650338499138294
200,15,0.7894736842105263,0.4975046202080139
200,16,0.8421052631578947,0.5135011811454983
200,17,0.894736842105263,0.513286123316414
200,18,0.9473684210526315,0.4101817430005016
200,19,1.0,0.4761332283152865
201,0,0.0,0.5007233400429784
201,1,0.05263157894736842,0.6490723578994528
201,2,0.10526315789473684,0.5318166359971139
201,3,0.15789473684210525,0.5014723625894567
201,4,0.21052631578947367,0.515983266791798
201,5,0.2631578947368421,0.48605941934233254
201,6,0.3157894736842105,0.5185502846249306
201,7,0.3684210526315789,0.511290917346449
201,8,0.42105263157894735,0.5636346200758792
201,9,0.47368421052631576,0.5764317663094302
201,10,0.5263157894736842,0.5438476864152885
201,11,0.5789473684210527,0.5465351289804745
201,12,0.631578947368421,0.5071488851752245
201,13,0.6842105263157894,0.4629563544752644
201,14,0.7368421052631579,0.5014068060904632
201,15,0.7894736842105263,0.6346233360910358
201,16,0.8421052631578947,0.5498909775354807
201,17,0.894736842105263,0.47060860296851226
201,18,0.9473684210526315,0.588972870699619
201,19,1.0,0.49058935403843146
202,0,0.0,0.575225832835468
202,1,0.05263157894736842,0.4144486913894496
202,2,0.10526315789473684,0.5371742484662247
202,3,0.15789473684210525,0.517779760702079
202,4,0.21052631578947367,0.41423845266483317
202,5,0.2631578947368421,0.33693184858839825
202,6,0.3157894736842105,0.5016474833019986
202,7,0.3684210526315789,0.46502426685136694
202,8,0.42105263157894735,0.45008481234954434
202,9,0.47368421052631576,0.37907548600344293
202,10,0.5263157894736842,0.47099156337801396
202,11,0.5789473684210527,0.39770848082709087
202,12,0.631578947368421,0.46544717085703957
202,13,0.6842105263157894,0.549256365975938
202,14,0.7368421052631579,0.5306424315537185
202,15,0.7894736842105263,0.5390322930833046
202,16,0.8421052631578947,0.49188897326966524
202,17,0.894736842105263,0.4592145954123516
202,18,0.9473684210526315,0.5212217407547981
202,19,1.0,0.5416533945346789
203,0,0.0,0.5017424954851795
203,1,0.05263157894736842,0.5033842924841845
203,2,0.10526315789473684,0.5657789696775326
203,3,0.15789473684210525,0.5332806266417027
203,4,0.21052631578947367,0.5935738337390405
203,5,0.2631578947368421,0.5199649021210119
203,6,0.3157894736842105,0.5040370157670593
203,7,0.3684210526315789,0.4508960690000614
203,8,0.42105263157894735,0.5489453103920828
203,9,0.47368421052631576,0.5003329048274515
203,10,0.5263157894736842,0.3962048329179176
203,11,0.5789473684210527,0.46227757119232943
203,12,0.631578947368421,0.3950122824736767
203,13,0.6842105263157894,0.3855215119854831
203,14,0.7368421052631579,0.4986610306639272
203,15,0.7894736842105263,0.33683282572632556
203,16,0.8421052631578947,0.44063839873302657
203,17,0.894736842105263,0.4944673264661186
203,18,0.9473684210526315,0.47111433418936394
203,19,1.0,0.5220585117012304
204,0,0.0,0.6245780116472825
204,1,0.05263157894736842,0.5924596218352024
204,2,0.10526315789473684,0.5359932862751146
204,3,0.15789473684210525,0.5253076618630753
204,4,0.21052631578947367,0.6301934489672717
204,5,0.2631578947368421,0.4990056019683822
204,6,0.3157894736842105,0.4332808897956423
204,7,0.3684210526315789,0.5546370870868187
204,8,0.42105263157894735,0.4908048609990167
204,9,0.47368421052631576,0.5120022321465441
204,10,0.5263157894736842,0.5566913175050967
204,11,0.5789473684210527,0.41635501082358345
204,12,0.631578947368421,0.4374343249063531
204,13,0.6842105263157894,0.4227149692527336
204,14,0.7368421052631579,0.38247016380896487
204,15,0.7894736842105263,0.47921194356030067
204,16,0.8421052631578947,0.4670431348446936
204,17,0.894736842105263,0.4731113070245995
204,18,0.9473684210526315,0.49254861938543126
204,19,1.0,0.44180128867179086
205,0,0.0,0.4173931764234477
205,1,0.05263157894736842,0.5016253306802645
205,2,0.10526315789473684,0.5323784977297162
205,3,0.15789473684210525,0.46461168986035534
205,4,0.21052631578947367,0.4189393261962664
205,5,0.2631578947368421,0.4463825480959417
205,6,0.3157894736842105,0.3729088406419277
205,7,0.3684210526315789,0.38992206572675453
205,8,0.42105263157894735,0.47317897093189176
205,9,0.47368421052631576,0.37898632486429706
205,10,0.5263157894736842,0.4234025631157521
205,11,0.5789473684210527,0.46179053595101544
205,12,0.631578947368421,0.436574898368842
205,13,0.6842105263157894,0.4304832003181778
205,14,0.7368421052631579,0.5034035769068724
205,15,0.7894736842105263,0.42428356405034673
205,16,0.8421052631578947,0.6225610646814901
205,17,0.894736842105263,0.6619986782458294
205,18,0.9473684210526315,0.5188624116517446
205,19,1.0,0.5401422174421493
206,0,0.0,0.5777859848642233
206,1,0.05263157894736842,0.5910827575502687
206,2,0.10526315789473684,0.5698600093262293
206,3,0.15789473684210525,0.5301617665562127
206,4,0.21052631578947367,0.5457792279155321
206,5,0.2631578947368421,0.5430111929938161
206,6,0.3157894736842105,0.5612326410124934
206,7,0.3684210526315789,0.554457207030306
206,8,0.42105263157894735,0.5435762263686392
206,9,0.47368421052631576,0.564796600415211
206,10,0.5263157894736842,0.4623968168671194
206,11,0.5789473684210527,0.5116470183189364
206,12,0.631578947368421,0.4617049645720669
206,13,0.6842105263157894,0.5248720894779791
206,14,0.7368421052631579,0.5090359004410128
206,15,0.7894736842105263,0.4535443340304509
206,16,0.8421052631578947,0.4819660396296948
206,17,0.894736842105263,0.366263012940103
206,18,0.9473684210526315,0.48273245669181003
206,19,1.0,0.569998319804904
207,0,0.0,0.4080285552712662
207,1,0.05263157894736842,0.5089697636460646
207,2,0.10526315789473684,0.5154401278914569
207,3,0.15789473684210525,0.43685953495902347
207,4,0.21052631578947367,0.4552777322792748
207,5,0.2631578947368421,0.3471619026717728
207,6,0.3157894736842105,0.4541801182395132
207,7,0.3684210526315789,0.3425636552547334
207,8,0.42105263157894735,0.4410496854909144
207,9,0.47368421052631576,0.4484541674187081
207,10,0.5263157894736842,0.46734997340739753
207,11,0.5789473684210527,0.5900567167198667
207,12,0.631578947368421,0.5002077897204932
207,13,0.6842105263157894,0.5017822855402347
207,14,0.7368421052631579,0.5076545129850585
207,15,0.7894736842105263,0.5257964803545557
207,16,0.8421052631578947,0.638412633955316
207,17,0.894736842105263,0.5984761208203203
207,18,0.9473684210526315,0.6306941901963296
207,19,1.0,0.5082452218805851
208,0,0.0,0.511536692186338
208,1,0.05263157894736842,0.5223793532217886
208,2,0.10526315789473684,0.5489962715487824
208,3,0.15789473684210525,0.5266707476545646
208,4,0.21052631578947367,0.5694694748700768
208,5,0.2631578947368421,0.5748605717052421
208,6,0.3157894736842105,0.6510226665946706
208,7,0.3684210526315789,0.5331931787008665
208,8,0.42105263157894735,0.5674610165162871
208,9,0.47368421052631576,0.5160685137371016
208,10,0.5263157894736842,0.6244764551016686
208,11,0.5789473684210527,0.5306345532028666
208,12,0.631578947368421,0.4853626073155441
208,13,0.6842105263157894,0.5316607608710577
208,14,0.7368421052631579,0.48211434621361715
208,15,0.7894736842105263,0.5202239768940332
208,16,0.8421052631578947,0.3891802764206989
208,17,0.894736842105263,0.41857000409521694
208,18,0.9473684210526315,0.39479231904687695
208,19,1.0,0.432124725994363
209,0,0.0,0.3420643847839156
209,1,0.05263157894736842,0.5526071937118185
209,2,0.10526315789473684,0.44413166989706
209,3,0.15789473684210525,0.35185938138417344
209,4,0.21052631578947367,0.44430928455235785
209,5,0.2631578947368421,0.4527170009410053
209,6,0.3157894736842105,0.5547765881995621
209,7,0.3684210526315789,0.5092095511670713
209,8,0.42105263157894735,0.44559940352887617
209,9,0.47368421052631576,0.5119223677320809
209,10,0.5263157894736842,0.5277249650274947
209,11,0.5789473684210527,0.5428054586017942
209,12,0.631578947368421,0.5455270447277955
209,13,0.6842105263157894,0.46243272593178086
209,14,0.7368421052631579,0.483671132351444
209,15,0.7894736842105263,0.5472555749776963
209,16,0.8421052631578947,0.5869975634498946
209,17,0.894736842105263,0.5085653315081067
209,18,0.9473684210526315,0.5460735676246742
209,19,1.0,0.4550627412758398
210,0,0.0,0.4524946503367392
210,1,0.05263157894736842,0.3461288754596106
210,2,0.10526315789473684,0.49628913038292116
210,3,0.15789473684210525,0.3498452299869507
210,4,0.21052631578947367,0.43430273921943074
210,5,0.2631578947368421,0.4215132037154532
210,6,0.3157894736842105,0.46018988934869703
210,7,0.3684210526315789,0.4260684527586679
210,8,0.42105263157894735,0.35594176930829846
210,9,0.47368421052631576,0.3980450665701631
210,10,0.5263157894736842,0.44191572848815375
210,11,0.5789473684210527,0.4663336603887405
210,12,0.631578947368421,0.47418522618917125
210,13,0.6842105263157894,0.4603537392398111
210,14,0.7368421052631579,0.5232817821417599
210,15,0.7894736842105263,0.4892382352583882
210,16,0.8421052631578947,0.4639818718797248
210,17,0.894736842105263,0.5120635696423079
210,18,0.9473684210526315,0.5892123188818789
210,19,1.0,0.519166758275123
211,0,0.0,0.49350297710417124
211,1,0.05263157894736842,0.355081237193718
211,2,0.10526315789473684,0.5122753903580543
211,3,0.15789473684210525,0.4683936872296657
211,4,0.21052631578947367,0.5103713267793162
211,5,0.2631578947368421,0.4425719514505503
211,6,0.3157894736842105,0.4710128913021253
211,7,0.3684210526315789,0.45870637070830517
211,8,0.42105263157894735,0.43493729957545935
211,9,0.47368421052631576,0.4365158563662628
211,10,0.5263157894736842,0.48146733737396596
211,11,0.5789473684210527,0.5182633392521747
211,12,0.631578947368421,0.3932034716421947
211,13,0.6842105263157894,0.42481153026459656
211,14,0.7368421052631579,0.516537381043303
211,15,0.7894736842105263,0.4643724343636122
211,16,0.8421052631578947,0.418407275512519
211,17,0.894736842105263,0.4574580424280416
211,18,0.9473684210526315,0.505780391018289
211,19,1.0,0.4442623915503356
212,0,0.0,0.5802047894729554
212,1,0.05263157894736842,0.4971137682032769
212,2,0.10526315789473684,0.5024899129275913
212,3,0.15789473684210525,0.5080702366161106
212,4,0.21052631578947367,0.3683444806052889
212,5,0.2631578947368421,0.48395063609952266
212,6,0.3157894736842105,0.37094374210592007
212,7,0.3684210526315789,0.42187134113737385
212,8,0.42105263157894735,0.436034138170152
212,9,0.47368421052631576,0.42049118563765314
212,10,0.5263157894736842,0.4025075324274963
212,11,0.5789473684210527,0.4744087017148878
212,12,0.631578947368421,0.5010045831117748
212,13,0.6842105263157894,0.44244274443904824
212,14,0.7368421052631579,0.4183267658982704
212,15,0.7894736842105263,0.44546092918978936
212,16,0.8421052631578947,0.48113722865194475
212,17,0.894736842105263,0.4967317222055415
212,18,0.9473684210526315,0.40962666042769763
212,19,1.0,0.48704843773976303
213,0,0.0,0.46133809311630525
213,1,0.05263157894736842,0.48619033825669056
213,2,0.10526315789473684,0.615512019650014
213,3,0.15789473684210525,0.47545570967880735
213,4,0.21052631578947367,0.5522847055250538
213,5,0.2631578947368421,0.5583850128620519
213,6,0.3157894736842105,0.6360961096927321
213,7,0.3684210526315789,0.522090236032517
213,8,0.42105263157894735,0.5069674053147964
213,9,0.47368421052631576,0.6326047494646779
213,10,0.5263157894736842,0.511528120013452
213,11,0.5789473684210527,0.5449512558206668
213,12,0.631578947368421,0.5514246472641646
213,13,0.6842105263157894,0.4801232355064485
213,14,0.7368421052631579,0.4375329200904303
213,15,0.7894736842105263,0.4938107459296506
213,16,0.8421052631578947,0.5070192156408465
213,17,0.894736842105263,0.5159528542850467
213,18,0.9473684210526315,0.41402869131282016
213,19,1.0,0.548464290980502
214,0,0.0,0.4115643109691065
214,1,0.05263157894736842,0.5042982002132836
214,2,0.10526315789473684,0.49209443652184043
214,3,0.15789473684210525,0.48372496118677905
214,4,0.21052631578947367,0.4716720196656993
214,5,0.2631578947368421,0.4673588003321234
214,6,0.3157894736842105,0.5740930009345742
214,7,0.3684210526315789,0.5613546154227875
214,8,0.42105263157894735,0.6552125378141714
214,9,0.47368421052631576,0.4862507790711966
214,10,0.5263157894736842,0.7096921663570337
214,11,0.5789473684210527,0.6343609694579337
214,12,0.631578947368421,0.4926581666307129
214,13,0.6842105263157894,0.457846392904809
214,14,0.7368421052631579,0.5717488469591383
214,15,0.7894736842105263,0.5902334050121619
214,16,0.8421052631578947,0.42084417351085107
214,17,0.894736842105263,0.4909372644449418
214,18,0.9473684210526315,0.5162462513093726
214,19,1.0,0.5348399987066542
215,0,0.0,0.48924152160463996
215,1,0.05263157894736842,0.4978706308334004
215,2,0.10526315789473684,0.4131720397129391
215,3,0.15789473684210525,0.49618432429022397
215,4,0.21052631578947367,0.5664042038403103
215,5,0.2631578947368421,0.43064644725103185
215,6,0.3157894736842105,0.5551886722372424
215,7,0.3684210526315789,0.4202247935809034
215,8,0.42105263157894735,0.5639295057421465
215,9,0.47368421052631576,0.6132016651563813
215,10,0.5263157894736842,0.5095586155623598
215,11,0.5789473684210527,0.5377949271132964
215,12,0.631578947368421,0.5152080721745664
215,13,0.6842105263157894,0.5596823464999157
215,14,0.7368421052631579,0.4979648431165646
215,15,0.7894736842105263,0.5855316337695099
215,16,0.8421052631578947,0.5076468579905703
215,17,0.894736842105263,0.6405334964671046
215,18,0.9473684210526315,0.4225327466574466
215,19,1.0,0.4847979016747104
216,0,0.0,0.47123810842435215
216,1,0.05263157894736842,0.48574669074359456
216,2,0.10526315789473684,0.4736796265917162
216,3,0.15789473684210525,0.404961883041157
216,4,0.21052631578947367,0.528027734733177
216,5,0.2631578947368421,0.5972013252406041
216,6,0.3157894736842105,0.5514338833766316
216,7,0.3684210526315789,0.5225074393371325
216,8,0.42105263157894735,0.51486759955822
216,9,0.47368421052631576,0.5307117270884357
216,10,0.5263157894736842,0.5935768968498885
216,11,0.5789473684210527,0.5512075754600886
216,12,0.631578947368421,0.5508604421016128
216,13,0.6842105263157894,0.5610889732495082
216,14,0.7368421052631579,0.455155268604278
216,15,0.7894736842105263,0.554420266931717
216,16,0.8421052631578947,0.5214363008801763
216,17,0.894736842105263,0.4876285836769492
216,18,0.9473684210526315,0.5026833056690966
216,19,1.0,0.48105755233382824
217,0,0.0,0.6935596920353265
217,1,0.05263157894736842,0.5627677559139149
217,2,0.10526315789473684,0.5476414660804579
217,3,0.15789473684210525,0.5673522364418548
217,4,0.21052631578947367,0.5694165527348671
217,5,0.2631578947368421,0.4520261580681898
217,6,0.3157894736842105,0.5853028921778797
217,7,0.3684210526315789,0.5368854533605194
217,8,0.42105263157894735,0.5689501367223717
217,9,0.47368421052631576,0.5205415920220835
217,10,0.5263157894736842,0.4611818017247954
217,11,0.5789473684210527,0.4585941628901196
217,12,0.631578947368421,0.535466762839135
217,13,0.6842105263157894,0.3778602915719306
217,14,0.7368421052631579,0.39441639544632073
217,15,0.7894736842105263,0.4635667164468214
217,16,0.8421052631578947,0.5348744274171394
217,17,0.894736842105263,0.4448244526987052
217,18,0.9473684210526315,0.44307268397299854
217,19,1.0,0.42917715079458674
218,0,0.0,0.5755458964894354
218,1,0.05263157894736842,0.515526690159841
218,2,0.10526315789473684,0.5367474033833204
218,3,0.15789473684210525,0.5090216323127641
218,4,0.21052631578947367,0.4378598206738843
218,5,0.2631578947368421,0.5936524182884781
218,6,0.3157894736842105,0.4481288041840473
218,7,0.3684210526315789,0.3680934164565134
218,8,0.42105263157894735,0.44665796991195483
218,9,0.47368421052631576,0.43867611642246057
218,10,0.5263157894736842,0.4419401118646811
218,11,0.5789473684210527,0.3851083177879122
218,12,0.631578947368421,0.3931058169119741
218,13,0.6842105263157894,0.4212699907731667
218,14,0.7368421052631579,0.34258286378064573
218,15,0.7894736842105263,0.3855055216452291
218,16,0.8421052631578947,0.5096565821140376
218,17,0.894736842105263,0.4441129161601507
218,18,0.9473684210526315,0.47468834806629107
218,19,1.0,0.45398993473585475
219,0,0.0,0.4794218878044812
219,1,0.05263157894736842,0.5859112023238989
219,2,0.10526315789473684,0.48853021208427966
219,3,0.15789473684210525,0.47339111287587815
219,4,0.21052631578947367,0.4544399247086983
219,5,0.2631578947368421,0.548209724855639
219,6,0.3157894736842105,0.3891809817949879
219,7,0.3684210526315789,0.41078720292523674
219,8,0.42105263157894735,0.45340801127290803
219,9,0.47368421052631576,0.44754161982309143
219,10,0.5263157894736842,0.4826666174287294
219,11,0.5789473684210527,0.40713483848947907
219,12,0.631578947368421,0.4237657671077787
219,13,0.6842105263157894,0.45049850562989496
219,14,0.7368421052631579,0.43433845495890966
219,15,0.7894736842105263,0.4627785256093642
219,16,0.8421052631578947,0.4295509775815821
219,17,0.894736842105263,0.42601537729810846
219,18,0.9473684210526315,0.5250695522906119
219,19,1.0,0.5069229941317965
220,0,0.0,0.5356023069445115
220,1,0.05263157894736842,0.5499080322197587
220,2,0.10526315789473684,0.5181869861758038
220,3,0.15789473684210525,0.4745537528870737
220,4,0.21052631578947367,0.6039692387159977
220,5,0.2631578947368421,0.5048955582497986
220,6,0.3157894736842105,0.49250639601453794
220,7,0.3684210526315789,0.4878729835596952
220,8,0.42105263157894735,0.5399574327813239
220,9,0.47368421052631576,0.4964785784184931
220,10,0.5263157894736842,0.40501939851163044
220,11,0.5789473684210527,0.46386794401517006
220,12,0.631578947368421,0.45318748229734535
220,13,0.6842105263157894,0.49762585887329136
220,14,0.7368421052631579,0.4329422093439572
220,15,0.7894736842105263,0.5403378653348552
220,16,0.8421052631578947,0.4761337427191241
220,17,0.894736842105263,0.4290590658466969
220,18,0.9473684210526315,0.5343843860255644
220,19,1.0,0.41714788801565295
221,0,0.0,0.5715440851974575
221,1,0.05263157894736842,0.6174549716419416
221,2,0.10526315789473684,0.6185509330102841
221,3,0.15789473684210525,0.5858296413538374
221,4,0.21052631578947367,0.6534232164317194
221,5,0.2631578947368421,0.55776751628254
221,6,0.3157894736842105,0.5407176644514892
221,7,0.3684210526315789,0.49320000089013816
221,8,0.42105263157894735,0.49016959338215227
221,9,0.47368421052631576,0.49921468351807186
221,10,0.5263157894736842,0.5584497390723366
221,11,0.5789473684210527,0.5355949675273455
221,12,0.631578947368421,0.40746314145628015
221,13,0.6842105263157894,0.512785144271711
221,14,0.7368421052631579,0.37060659033916965
221,15,0.7894736842105263,0.4548319174677546
221,16,0.8421052631578947,0.4663685768733319
221,17,0.894736842105263,0.4208610856620086
221,18,0.9473684210526315,0.5618607420453634
221,19,1.0,0.326729779646051
222,0,0.0,0.4997675864715879
222,1,0.05263157894736842,0.5074766964394419
222,2,0.10526315789473684,0.5811138797077164
222,3,0.15789473684210525,0.37855113810242075
222,4,0.21052631578947367,0.42113542439797125
222,5,0.2631578947368421,0.5393508776547696
222,6,0.3157894736842105,0.44418509009396573
222,7,0.3684210526315789,0.3851387084159472
222,8,0.42105263157894735,0.5650346128110006
222,9,0.47368421052631576,0.4053875395715483
222,10,0.5263157894736842,0.4126927503876682
222,11,0.5789473684210527,0.48062025334294445
222,12,0.631578947368421,0.44147933786441645
222,13,0.6842105263157894,0.3714830636754402
222,14,0.7368421052631579,0.3955854840877666
222,15,0.7894736842105263,0.38898204335876757
222,16,0.8421052631578947,0.4696786298275008
222,17,0.894736842105263,0.4323455028105946
222,18,0.9473684210526315,0.4920563108620142
222,19,1.0,0.3886341300250177
223,0,0.0,0.6240982495120365
223,1,0.05263157894736842,0.5204038281004932
223,2,0.10526315789473684,0.5561640276030194
223,3,0.15789473684210525,0.604082122710904
223,4,0.21052631578947367,0.4687243672941757
223,5,0.2631578947368421,0.564613342248914
223,6,0.3157894736842105,0.5380869655175095
223,7,0.3684210526315789,0.4641874902782356
223,8,0.42105263157894735,0.4878306458943899
223,9,0.47368421052631576,0.5183899875654585
223,10,0.5263157894736842,0.4511418645608736
223,11,0.5789473684210527,0.4635156341183222
223,12,0.631578947368421,0.4766718862086378
223,13,0.6842105263157894,0.42427664484387984
223,14,0.7368421052631579,0.46332134561524146
223,15,0.7894736842105263,0.4504861915422809
223,16,0.8421052631578947,0.3776274453201233
223,17,0.894736842105263,0.4842815153872996
223,18,0.9473684210526315,0.41736761106599224
223,19,1.0,0.48951558167895903
224,0,0.0,0.5515346514903781
224,1,0.05263157894736842,0.5129626404725413
224,2,0.10526315789473684,0.551743805704536
224,3,0.15789473684210525,0.5084138559408723
224,4,0.21052631578947367,0.5325804205862473
224,5,0.2631578947368421,0.5823849043747209
224,6,0.3157894736842105,0.5332981421801881
224,7,0.3684210526315789,0.522803316464252
224,8,0.42105263157894735,0.5247916055885009
224,9,0.47368421052631576,0.4993675028790643
224,10,0.5263157894736842,0.5844752566334417
224,11,0.5789473684210527,0.5218372020317859
224,12,0.631578947368421,0.5540296674621256
224,13,0.6842105263157894,0.47370471100504835
224,14,0.7368421052631579,0.5477375227236195
224,15,0.7894736842105263,0.617827145563966
224,16,0.8421052631578947,0.4837537128728333
224,17,0.894736842105263,0.5087884459070036
224,18,0.9473684210526315,0.44374325579586915
224,19,1.0,0.5600403998205079
225,0,0.0,0.6151570347370612
225,1,0.05263157894736842,0.6581258633586746
225,2,0.10526315789473684,0.5753183366066362
225,3,0.15789473684210525,0.5893365287035486
225,4,0.21052631578947367,0.5546559816184621
225,5,0.2631578947368421,0.5211755141190864
225,6,0.3157894736842105,0.5528572302610324
225,7,0.3684210526315789,0.4597607037798875
225,8,0.42105263157894735,0.5579482393057115
225,9,0.47368421052631576,0.46867693151131345
225,10,0.5263157894736842,0.45096593073557484
225,11,0.5789473684210527,0.530363799860476
225,12,0.631578947368421,0.5147034041879497
225,13,0.6842105263157894,0.4974278390014294
225,14,0.7368421052631579,0.4664482994351139
225,15,0.7894736842105263,0.3647107768061017
225,16,0.8421052631578947,0.3985923052241315
225,17,0.894736842105263,0.5141297726756926
225,18,0.9473684210526315,0.5224758712655154
225,19,1.0,0.44623699688504387
226,0,0.0,0.49175327944244795
226,1,0.05263157894736842,0.4921799369720722
226,2,0.10526315789473684,0.47872171811097225
226,3,0.15789473684210525,0.4648355785127918
226,4,0.21052631578947367,0.43921933326104023
226,5,0.2631578947368421,0.529830350079542
226,6,0.3157894736842105,0.48902673381918466
226,7,0.3684210526315789,0.4103880936616021
226,8,0.42105263157894735,0.44000065098810515
226,9,0.47368421052631576,0.4287037677014996
226,10,0.5263157894736842,0.46952182855932867
226,11,0.5789473684210527,0.36339428955982295
226,12,0.631578947368421,0.4655440273180113
226,13,0.6842105263157894,0.4589722355618384
226,14,0.7368421052631579,0.42669596602987925
226,15,0.7894736842105263,0.5243946136340822
226,16,0.8421052631578947,0.4391194153830317
226,17,0.894736842105263,0.5230436467835321
226,18,0.9473684210526315,0.552987061328117
226,19,1.0,0.620192647883931
227,0,0.0,0.4614370186709133
227,1,0.05263157894736842,0.40180963013132814
227,2,0.10526315789473684,0.4938021916975954
227,3,0.15789473684210525,0.4457465490951881
227,4,0.21052631578947367,0.5077674098506241
227,5,0.2631578947368421,0.535011333659915
227,6,0.3157894736842105,0.4380703553381179
227,7,0.3684210526315789,0.44261983909902614
227,8,0.42105263157894735,0.5897615507405976
227,9,0.47368421052631576,0.495761546748291
227,10,0.5263157894736842,0.4211137209972758
227,11,0.5789473684210527,0.47371649043410174
227,12,0.631578947368421,0.5709392961415891
227,13,0.6842105263157894,0.5265951167732591
227,14,0.7368421052631579,0.49986335364990164
227,15,0.7894736842105263,0.5678335344432132
227,16,0.8421052631578947,0.6456512948387987
227,17,0.894736842105263,0.530069514380444
227,18,0.9473684210526315,0.48062648893194504
227,19,1.0,0.5854323754238371
228,0,0.0,0.49000699604951303
228,1,0.05263157894736842,0.4551369365227013
228,2,0.10526315789473684,0.5377991290905331
228,3,0.15789473684210525,0.4166500732413667
228,4,0.21052631578947367,0.47057948271113376
228,5,0.2631578947368421,0.4202370005254473
228,6,0.3157894736842105,0.512264476624871
228,7,0.3684210526315789,0.5722000746356479
228,8,0.42105263157894735,0.37131216522315713
228,9,0.47368421052631576,0.38559767992292154
228,10,0.5263157894736842,0.47483126318619623
228,11,0.5789473684210527,0.5690618073405066
228,12,0.631578947368421,0.4602844957890072
228,13,0.6842105263157894,0.5790455580245111
228,14,0.7368421052631579,0.45099932846728014
228,15,0.7894736842105263,0.4933623445992387
228,16,0.8421052631578947,0.5790065054298802
228,17,0.894736842105263,0.5976677426264345
228,18,0.9473684210526315,0.5617504356716586
228,19,1.0,0.5702810787602327
229,0,0.0,0.5095865655520314
229,1,0.05263157894736842,0.5294582449754148
229,2,0.10526315789473684,0.5950545385580082
229,3,0.15789473684210525,0.6043151387966672
229,4,0.21052631578947367,0.6256386843529329
229,5,0.2631578947368421,0.538963205004586
229,6,0.3157894736842105,0.5082341863379213
229,7,0.3684210526315789,0.6194428955140249
229,8,0.42105263157894735,0.5388235826457536
229,9,0.47368421052631576,0.45555778819618437
229,10,0.5263157894736842,0.4420355740311932
229,11,0.5789473684210527,0.3967759154082551
229,12,0.631578947368421,0.5426708518143714
229,13,0.6842105263157894,0.5577039464561124
229,14,0.7368421052631579,0.4656495069480849
229,15,0.7894736842105263,0.41804907641440786
229,16,0.8421052631578947,0.42090124679294755
229,17,0.894736842105263,0.4691574723258657
229,18,0.9473684210526315,0.3898212555882242
229,19,1.0,0.46861429130411075
230,0,0.0,0.5571653921997964
230,1,0.05263157894736842,0.572216126704015
230,2,0.10526315789473684,0.5497727614357371
230,3,0.15789473684210525,0.47660286817285635
230,4,0.21052631578947367,0.5823049314223845
230,5,0.2631578947368421,0.5237347447812684
230,6,0.3157894736842105,0.5850132997005878
230,7,0.3684210526315789,0.37525179789404306
230,8,0.42105263157894735,0.5065041066942626
230,9,0.47368421052631576,0.45178541455283927
230,10,0.5263157894736842,0.3974201073822966
230,11,0.5789473684210527,0.3913897065849707
230,12,0.631578947368421,0.45241061064266525
230,13,0.6842105263157894,0.459168491320216
230,14,0.7368421052631579,0.4456396400075881
230,15,0.7894736842105263,0.42613126251290184
230,16,0.8421052631578947,0.483670477070308
230,17,0.894736842105263,0.4755485687036786
230,18,0.9473684210526315,0.48927418927847105
230,19,1.0,0.5248573009985329
231,0,0.0,0.6070568458925115
231,1,0.05263157894736842,0.5089872805265478
231,2,0.10526315789473684,0.5577278626980035
231,3,0.15789473684210525,0.6039529916522632
231,4,0.21052631578947367,0.6090663771881025
231,5,0.2631578947368421,0.5251663941297539
231,6,0.3157894736842105,0.48784439272014135
231,7,0.3684210526315789,0.5307093692143716
231,8,0.42105263157894735,0.6334230474699684
231,9,0.47368421052631576,0.5052041538206749
231,10,0.5263157894736842,0.40118791419621314
231,11,0.5789473684210527,0.49458732968425695
231,12,0.631578947368421,0.5420092807231263
231,13,0.6842105263157894,0.43307518189466454
231,14,0.7368421052631579,0.4147757768184845
231,15,0.7894736842105263,0.42382263360552835
231,16,0.8421052631578947,0.48928626366591166
231,17,0.894736842105263,0.34437317884523183
231,18,0.9473684210526315,0.49945254712885956
231,19,1.0,0.39735529760829996
232,0,0.0,0.4988620322752913
232,1,0.05263157894736842,0.4498056634062154
232,2,0.10526315789473684,0.451476339860419
232,3,0.15789473684210525,0.42506926108017146
232,4,0.21052631578947367,0.46019753764248433
232,5,0.2631578947368421,0.45050891746231664
232,6,0.3157894736842105,0.5236474262409924
232,7,0.3684210526315789,0.4762701013911108
232,8,0.42105263157894735,0.4965197185556773
232,9,0.47368421052631576,0.5246875125108933
232,10,0.5263157894736842,0.46564889191158026
232,11,0.5789473684210527,0.4728292669828572
232,12,0.631578947368421,0.3397683360335808
232,13,0.6842105263157894,0.3915510528330913
232,14,0.7368421052631579,0.503600034135253
232,15,0.7894736842105263,0.5209888405202198
232,16,0.8421052631578947,0.4282934310895353
232,17,0.894736842105263,0.5266138824413427
232,18,0.9473684210526315,0.4925222993332814
232,19,1.0,0.5251806816918908
233,0,0.0,0.6384343427837542
233,1,0.05263157894736842,0.39187876764060037
233,2,0.10526315789473684,0.5619361866091661
233,3,0.15789473684210525,0.3984828737387912
233,4,0.21052631578947367,0.5249838091675212
233,5,0.2631578947368421,0.5096734435614564
233,6,0.3157894736842105,0.5118755439238365
233,7,0.3684210526315789,0.558992818794446
233,8,0.42105263157894735,0.4955118613257921
233,9,0.47368421052631576,0.5686433085014643
233,10,0.5263157894736842,0.5948492089709719
233,11,0.5789473684210527,0.5326955882792145
233,12,0.631578947368421,0.6221745240720494
233,13,0.6842105263157894,0.5750082464571834
233,14,0.7368421052631579,0.5523025890590396
233,15,0.7894736842105263,0.5463535735058623
233,16,0.8421052631578947,0.5386162657747084
233,17,0.894736842105263,0.5250045921630974
233,18,0.9473684210526315,0.4960331896283614
233,19,1.0,0.5491847421681573
234,0,0.0,0.3960446383047623
234,1,0.05263157894736842,0.48871943341026564
234,2,0.10526315789473684,0.42056368155198504
234,3,0.15789473684210525,0.4833775578069371
234,4,0.21052631578947367,0.4258618162869996
234,5,0.2631578947368421,0.5602513973668677
234,6,0.3157894736842105,0.4934664724594406
234,7,0.3684210526315789,0.5259616997254448
234,8,0.42105263157894735,0.5448578417399511
234,9,0.47368421052631576,0.5576902693895522
234,10,0.5263157894736842,0.48291938342525953
234,11,0.5789473684210527,0.5164902711233712
234,12,0.631578947368421,0.5718989495315824
234,13,0.6842105263157894,0.5198034766204775
234,14,0.7368421052631579,0.4171310635200711
234,15,0.7894736842105263,0.5295855699158903
234,16,0.8421052631578947,0.49268937148048036
234,17,0.894736842105263,0.4562844815193049
234,18,0.9473684210526315,0.4608579490611825
234,19,1.0,0.4070644557707812
235,0,0.0,0.42733466558573263
235,1,0.05263157894736842,0.3978727153657187
235,2,0.10526315789473684,0.4718494810344984
235,3,0.15789473684210525,0.4034415741800437
235,4,0.21052631578947367,0.4778224889259559
235,5,0.2631578947368421,0.48419173814241745
235,6,0.3157894736842105,0.4355080038490219
235,7,0.3684210526315789,0.5789587507312104
235,8,0.42105263157894735,0.5303883562111504
235,9,0.47368421052631576,0.5725895564792474
235,10,0.5263157894736842,0.415745363825304
235,11,0.5789473684210527,0.47750517307056767
235,12,0.631578947368421,0.5166940263928099
235,13,0.6842105263157894,0.6035777157690881
235,14,0.7368421052631579,0.5810407953440011
235,15,0.7894736842105263,0.45665305209168
235,16,0.8421052631578947,0.509855269078399
235,17,0.894736842105263,0.4227992230877605
235,18,0.9473684210526315,0.47743162241358195
235,19,1.0,0.4442283858712135
236,0,0.0,0.5568348598097322
236,1,0.05263157894736842,0.5468070165835972
236,2,0.10526315789473684,0.618025642751592
236,3,0.15789473684210525,0.5591846638767524
236,4,0.21052631578947367,0.5928721968579905
236,5,0.2631578947368421,0.5225757180530243
236,6,0.3157894736842105,0.5565545937489822
236,7,0.3684210526315789,0.6486703181901039
236,8,0.42105263157894735,0.5298027604853737
236,9,0.47368421052631576,0.5793914286834365
236,10,0.5263157894736842,0.5731765858704534
236,11,0.5789473684210527,0.5347534113155614
236,12,0.631578947368421,0.5046121850698259
236,13,0.6842105263157894,0.5969301046620107
236,14,0.7368421052631579,0.4931899402532023
236,15,0.7894736842105263,0.5422470641751823
236,16,0.8421052631578947,0.48870506060245983
236,17,0.894736842105263,0.5958450526358865
236,18,0.9473684210526315,0.44692565004937396
236,19,1.0,0.5385134663959545
237,0,0.0,0.45132704281442027
237,1,0.05263157894736842,0.452584705764547
237,2,0.10526315789473684,0.39637450614638636
237,3,0.15789473684210525,0.45946964102058085
237,4,0.21052631578947367,0.4329831234243396
237,5,0.2631578947368421,0.6047002807894288
237,6,0.3157894736842105,0.5607952744314505
237,7,0.3684210526315789,0.6010811764436442
237,8,0.42105263157894735,0.5432284275838868
237,9,0.47368421052631576,0.5875848707930568
237,10,0.5263157894736842,0.5003923283893238
237,11,0.5789473684210527,0.5807046990907846
237,12,0.631578947368421,0.5833632437580016
237,13,0.6842105263157894,0.554653553164116
237,14,0.7368421052631579,0.50118717877668
237,15,0.7894736842105263,0.4896159637788145
237,16,0.8421052631578947,0.4875420963455692
237,17,0.894736842105263,0.5273487860099555
237,18,0.9473684210526315,0.36950286523070325
237,19,1.0,0.5072257269538286
238,0,0.0,0.2802813712734212
238,1,0.05263157894736842,0.4274999939146956
238,2,0.10526315789473684,0.5173931743998931
238,3,0.15789473684210525,0.4771033673064839
238,4,0.21052631578947367,0.4573405420566179
238,5,0.2631578947368421,0.5029769309629684
238,6,0.3157894736842105,0.4521561090036839
238,7,0.3684210526315789,0.4823676888362886
238,8,0.42105263157894735,0.5569372493640397
238,9,0.47368421052631576,0.46764092396390694
238,10,0.5263157894736842,0.5059818977504051
238,11,0.5789473684210527,0.5369480325578175
238,12,0.631578947368421,0.5179118515567952
238,13,0.6842105263157894,0.5761050664516042
238,14,0.7368421052631579,0.49643375753571994
238,15,0.7894736842105263,0.5455850411085815
238,16,0.8421052631578947,0.5202850777493984
238,17,0.894736842105263,0.5308631331895404
238,18,0.9473684210526315,0.5758566987729287
238,19,1.0,0.6395559903794227
239,0,0.0,0.5281659647294863
239,1,0.05263157894736842,0.4455904546065874
239,2,0.10526315789473684,0.4177563924519021
239,3,0.15789473684210525,0.38699090648149836
239,4,0.21052631578947367,0.5100516015563203
239,5,0.2631578947368421,0.5247388466743237
239,6,0.3157894736842105,0.5979241916186662
239,7,0.3684210526315789,0.4934851094778277
239,8,0.42105263157894735,0.6203964333811964
239,9,0.47368421052631576,0.5740714988239947
239,10,0.5263157894736842,0.5824406309695769
239,11,0.5789473684210527,0.5871464010049237
239,12,0.631578947368421,0.6026146425923155
239,13,0.6842105263157894,0.6062981287877307
239,14,0.7368421052631579,0.5505388994872341
239,15,0.7894736842105263,0.5400201102873285
239,16,0.8421052631578947,0.5514519529438364
239,17,0.894736842105263,0.47277849111148673
239,18,0.9473684210526315,0.5225927764792213
239,19,1.0,0.42402566497632344
240,0,0.0,0.45742830828407344
240,1,0.05263157894736842,0.5629505547299616
240,2,0.10526315789473684,0.46545895267593673
240,3,0.15789473684210525,0.6179119850239634
240,4,0.21052631578947367,0.4680910318586023
240,5,0.2631578947368421,0.5074861048210663
240,6,0.3157894736842105,0.4745890317532697
240,7,0.3684210526315789,0.4732243072262223
240,8,0.42105263157894735,0.46073077093212444
240,9,0.47368421052631576,0.38495223872640916
240,10,0.5263157894736842,0.4515863982885506
240,11,0.5789473684210527,0.49576497196038727
240,12,0.631578947368421,0.4477598811398595
240,13,0.6842105263157894,0.46574869257851426
240,14,0.7368421052631579,0.5122466906306944
240,15,0.7894736842105263,0.4736088070521742
240,16,0.8421052631578947,0.5288615311245501
240,17,0.894736842105263,0.5234144557991901
240,18,0.9473684210526315,0.47921043458098267
240,19,1.0,0.6356170952306698
241,0,0.0,0.5153003304285312
241,1,0.05263157894736842,0.5085725513157441
241,2,0.10526315789473684,0.5553429065397654
241,3,0.15789473684210525,0.45105173647354924
241,4,0.21052631578947367,0.5183023489123431
241,5,0.2631578947368421,0.49538375007819596
241,6,0.3157894736842105,0.5819633312368325
241,7,0.3684210526315789,0.5092370063264147
241,8,0.42105263157894735,0.5881894764757858
241,9,0.47368421052631576,0.5286202101210555
241,10,0.5263157894736842,0.5322027562701944
241,11,0.5789473684210527,0.5493003535263882
241,12,0.631578947368421,0.5706172461949026
241,13,0.6842105263157894,0.4671977932332244
241,14,0.7368421052631579,0.506026294548552
241,15,0.7894736842105263,0.5581743215915634
241,16,0.8421052631578947,0.51453624949791
241,17,0.894736842105263,0.5144598293492282
241,18,0.9473684210526315,0.525218594222987
241,19,1.0,0.43335756043756
242,0,0.0,0.49536302600056076
242,1,0.05263157894736842,0.48322367937100436
242,2,0.10526315789473684,0.5597206655509386
242,3,0.15789473684210525,0.5111770261312506
242,4,0.21052631578947367,0.537910231674283
242,5,0.2631578947368421,0.6276499454968275
242,6,0.3157894736842105,0.5715907932220378
242,7,0.3684210526315789,0.6041599972343469
242,8,0.42105263157894735,0.5805696383577512
242,9,0.47368421052631576,0.5908573312722938
242,10,0.5263157894736842,0.5855229909043906
242,11,0.5789473684210527,0.6098305728468387
242,12,0.631578947368421,0.590838303945944
242,13,0.6842105263157894,0.5530175849262791
242,14,0.7368421052631579,0.5110112891704908
242,15,0.7894736842105263,0.4324740836230871
242,16,0.8421052631578947,0.48280080950803517
242,17,0.894736842105263,0.4280012193566302
242,18,0.9473684210526315,0.3666998040276725
242,19,1.0,0.4334615467708527
243,0,0.0,0.427421572507753
243,1,0.05263157894736842,0.492925443040453
243,2,0.10526315789473684,0.5651216394846275
243,3,0.15789473684210525,0.5510555725015297
243,4,0.21052631578947367,0.4495255732351227
243,5,0.2631578947368421,0.49054393690643205
243,6,0.3157894736842105,0.366927058381652
243,7,0.3684210526315789,0.5805062981356737
243,8,0.42105263157894735,0.5806654244741466
243,9,0.47368421052631576,0.5058352078266535
243,10,0.5263157894736842,0.5191958156280095
243,11,0.5789473684210527,0.5018772932749239
243,12,0.631578947368421,0.478159245989283
243,13,0.6842105263157894,0.5339439262440525
243,14,0.7368421052631579,0.5923880762052176
243,15,0.7894736842105263,0.6792696492051152
243,16,0.8421052631578947,0.5854486531211731
243,17,0.894736842105263,0.5163484566249235
243,18,0.9473684210526315,0.513256781482505
243,19,1.0,0.5635086031856336
244,0,0.0,0.505493791571922
244,1,0.05263157894736842,0.37737265009070897
244,2,0.10526315789473684,0.3363048180317951
244,3,0.15789473684210525,0.4363461736183394
244,4,0.21052631578947367,0.39205294554224324
244,5,0.2631578947368421,0.4004252491033071
244,6,0.3157894736842105,0.5185132278955599
244,7,0.3684210526315789,0.5161504626862343
244,8,0.42105263157894735,0.5330922496271229
244,9,0.47368421052631576,0.4409786088265303
244,10,0.5263157894736842,0.5373979852487617
244,11,0.5789473684210527,0.49428164426557486
244,12,0.631578947368421,0.6113732757291008
244,13,0.6842105263157894,0.5729511145233145
244,14,0.7368421052631579,0.4968746435170986
244,15,0.7894736842105263,0.5715398666499938
244,16,0.8421052631578947,0.4950144355845291
244,17,0.894736842105263,0.4928217115872949
244,18,0.9473684210526315,0.6087478909639864
244,19,1.0,0.5903937109836929
245,0,0.0,0.47888993739523444
245,1,0.05263157894736842,0.3430897183590712
245,2,0.10526315789473684,0.43154208372579017
245,3,0.15789473684210525,0.39893966054567503
245,4,0.21052631578947367,0.45447285370498275
245,5,0.2631578947368421,0.4530974701828206
245,6,0.3157894736842105,0.4423169809645129
245,7,0.3684210526315789,0.39160699046264125
245,8,0.42105263157894735,0.4715439032359135
245,9,0.47368421052631576,0.47338056468831685
245,10,0.5263157894736842,0.4331513495973235
245,11,0.5789473684210527,0.3877860761998515
245,12,0.631578947368421,0.4887196100849418
245,13,0.6842105263157894,0.5385468163471764
245,14,0.7368421052631579,0.5300905420955137
245,15,0.7894736842105263,0.45715282650330213
245,16,0.8421052631578947,0.48811349999003295
245,17,0.894736842105263,0.5971066822388358
245,18,0.9473684210526315,0.5085384677973265
245,19,1.0,0.47944501300686754
246,0,0.0,0.4395651463374366
246,1,0.05263157894736842,0.44396263789113705
246,2,0.10526315789473684,0.4186213909369003
246,3,0.15789473684210525,0.4583252214872791
246,4,0.21052631578947367,0.4693569000761206
246,5,0.2631578947368421,0.4747702373604539
246,6,0.3157894736842105,0.4990775599139043
246,7,0.3684210526315789,0.5043443162581782
246,8,0.42105263157894735,0.5389678805250775
246,9,0.47368421052631576,0.4634141554952738
246,10,0.5263157894736842,0.47768204942847675
246,11,0.5789473684210527,0.4958862245076674
246,12,0.631578947368421,0.45657722706972537
246,13,0.6842105263157894,0.48633646404517505
246,14,0.7368421052631579,0.5991934702213273
246,15,0.7894736842105263,0.5594990410587973
246,16,0.8421052631578947,0.505655127369108
246,17,0.894736842105263,0.5053555894328137
246,18,0.9473684210526315,0.5130347939911338
246,19,1.0,0.46732598526009755
247,0,0.0,0.65017109077036
247,1,0.05263157894736842,0.511725838905179
247,2,0.10526315789473684,0.4486001622821172
247,3,0.15789473684210525,0.5080996711233674
247,4,0.21052631578947367,0.5190825923909563
247,5,0.2631578947368421,0.4489292495541465
247,6,0.3157894736842105,0.4309806230797932
247,7,0.3684210526315789,0.4187233069017455
247,8,0.42105263157894735,0.4498253676186326
247,9,0.47368421052631576,0.4946282436319732
247,10,0.5263157894736842,0.45621754192529357
247,11,0.5789473684210527,0.4524578946181454
247,12,0.631578947368421,0.452621468159509
247,13,0.6842105263157894,0.41066336469899506
247,14,0.7368421052631579,0.44556168092167037
247,15,0.7894736842105263,0.46527780327281604
247,16,0.8421052631578947,0.3877181246095413
247,17,0.894736842105263,0.46617537346475413
247,18,0.9473684210526315,0.521392604359892
247,19,1.0,0.5428924784551725
248,0,0.0,0.42794213430327044
248,1,0.05263157894736842,0.3752826486678308
248,2,0.10526315789473684,0.42136846733668837
248,3,0.15789473684210525,0.4580613054861211
248,4,0.21052631578947367,0.4626130484274599
248,5,0.2631578947368421,0.4103886837809
248,6,0.3157894736842105,0.5409944111001777
248,7,0.3684210526315789,0.45021611125900485
248,8,0.42105263157894735,0.5020491011265904
248,9,0.47368421052631576,0.4551468020091949
248,10,0.5263157894736842,0.46508813754712813
248,11,0.5789473684210527,0.46942423972917385
248,12,0.631578947368421,0.47052316195444427
248,13,0.6842105263157894,0.5340897995248184
248,14,0.7368421052631579,0.5068963519382632
248,15,0.7894736842105263,0.5159651689163479
248,16,0.8421052631578947,0.5044488669717004
248,17,0.894736842105263,0.4667274883866593
248,18,0.9473684210526315,0.45337328384533704
248,19,1.0,0.5070637278264605
249,0,0.0,0.467750298096725
249,1,0.05263157894736842,0.3566588724150943
249,2,0.10526315789473684,0.5036110645901245
249,3,0.15789473684210525,0.4971805302707325
249,4,0.21052631578947367,0.5177777935974686
249,5,0.2631578947368421,0.5483892191224228
249,6,0.3157894736842105,0.5426968573420434
249,7,0.3684210526315789,0.5175893574375462
249,8,0.42105263157894735,0.623314526618606
249,9,0.47368421052631576,0.5436060957691831
249,10,0.5263157894736842,0.5163254155156465
249,11,0.5789473684210527,0.4682373774958271
249,12,0.631578947368421,0.5096229311150708
249,13,0.6842105263157894,0.5221571727438874
249,14,0.7368421052631579,0.3943026927330974
249,15,0.7894736842105263,0.48971810220830647
249,16,0.8421052631578947,0.4310031010331868
249,17,0.894736842105263,0.5047656103340443
249,18,0.9473684210526315,0.5140574664092636
249,19,1.0,0.4725614504312091
250,0,0.0,0.5478757125150494
250,1,0.05263157894736842,0.49010359691899646
250,2,0.10526315789473684,0.4824067780176585
250,3,0.15789473684210525,0.5246166260092517
250,4,0.21052631578947367,0.49931812824055
250,5,0.2631578947368421,0.4949737865138465
250,6,0.3157894736842105,0.5826821392377062
250,7,0.3684210526315789,0.5687262180358552
250,8,0.42105263157894735,0.4433453253920592
250,9,0.47368421052631576,0.5484796855033139
250,10,0.5263157894736842,0.41166278864315176
250,11,0.5789473684210527,0.4239296220039175
250,12,0.631578947368421,0.4338294531011148
250,13,0.6842105263157894,0.4942749946342557
250,14,0.7368421052631579,0.42541419585510215
250,15,0.7894736842105263,0.5431045360944315
250,16,0.8421052631578947,0.4649379660418636
250,17,0.894736842105263,0.35525941316167814
250,18,0.9473684210526315,0.47380325875099477
250,19,1.0,0.44576634102334745
251,0,0.0,0.44376714232318043
251,1,0.05263157894736842,0.5827609154431332
251,2,0.10526315789473684,0.5012896486967314
251,3,0.15789473684210525,0.5082595606655963
251,4,0.21052631578947367,0.5378220345815609
251,5,0.2631578947368421,0.5206888666516652
251,6,0.3157894736842105,0.5103760449921646
251,7,0.3684210526315789,0.5416381883854571
251,8,0.42105263157894735,0.4898150412241339
251,9,0.47368421052631576,0.5068559578243235
251,10,0.5263157894736842,0.5409973434593094
251,11,0.5789473684210527,0.5856824956950343
251,12,0.631578947368421,0.5586452991033473
251,13,0.6842105263157894,0.500933228216693
251,14,0.7368421052631579,0.44065392181331176
251,15,0.7894736842105263,0.508615696997129
251,16,0.8421052631578947,0.5223140703383815
251,17,0.894736842105263,0.5258500266992967
251,18,0.9473684210526315,0.5451366673277773
251,19,1.0,0.5873531885571299
252,0,0.0,0.5947700645667862
252,1,0.05263157894736842,0.5058723545293103
252,2,0.10526315789473684,0.48112534186044226
252,3,0.15789473684210525,0.5897327048393033
252,4,0.21052631578947367,0.5111877747631012
252,5,0.2631578947368421,0.5374254865462939
252,6,0.3157894736842105,0.6255862948816141
252,7,0.3684210526315789,0.581874212632735
252,8,0.42105263157894735,0.48331464126885626
252,9,0.47368421052631576,0.49799229164554865
252,10,0.5263157894736842,0.48539180975039575
252,11,0.5789473684210527,0.5163148582739285
252,12,0.631578947368421,0.4801983643212852
252,13,0.6842105263157894,0.41296393472019877
252,14,0.7368421052631579,0.4606988478630197
252,15,0.7894736842105263,0.5166719110123981
252,16,0.8421052631578947,0.5053605759377263
252,17,0.894736842105263,0.48352503182919776
252,18,0.9473684210526315,0.5175216939148598
252,19,1.0,0.4510553082287546
253,0,0.0,0.4557115484300565
253,1,0.05263157894736842,0.3967830903948788
253,2,0.10526315789473684,0.44963543144821333
253,3,0.15789473684210525,0.44101849245257163
253,4,0.21052631578947367,0.335654553293243
253,5,0.2631578947368421,0.3493298329166541
253,6,0.3157894736842105,0.5200279356376876
253,7,0.3684210526315789,0.38241220369917434
253,8,0.42105263157894735,0.4010048588666491
253,9,0.47368421052631576,0.4160454963777912
253,10,0.5263157894736842,0.45208763695490034
253,11,0.5789473684210527,0.42157418502796007
253,12,0.631578947368421,0.43228239418602743
253,13,0.6842105263157894,0.38824284604900317
253,14,0.7368421052631579,0.4530290535512858
253,15,0.7894736842105263,0.5028424410055499
253,16,0.8421052631578947,0.5265975692450052
253,17,0.894736842105263,0.5622970123635934
253,18,0.9473684210526315,0.5443849935523882
253,19,1.0,0.5464416074691296
254,0,0.0,0.6014061182901781
254,1,0.05263157894736842,0.6199399895894229
254,2,0.10526315789473684,0.5977281055011194
254,3,0.15789473684210525,0.547809820971908
254,4,0.21052631578947367,0.6627829130674515
254,5,0.2631578947368421,0.5329399882179026
254,6,0.3157894736842105,0.5042323659310838
254,7,0.3684210526315789,0.5660632865806322
254,8,0.42105263157894735,0.6591557401036103
254,9,0.47368421052631576,0.5459940431722315
254,10,0.5263157894736842,0.5602224897672085
254,11,0.5789473684210527,0.6150259872059206
254,12,0.631578947368421,0.5734158635982083
254,13,0.6842105263157894,0.5406947758491629
254,14,0.7368421052631579,0.5131386524531004
254,15,0.7894736842105263,0.5077562718841117
254,16,0.8421052631578947,0.4907588158535601
254,17,0.894736842105263,0.46842527508040377
254,18,0.9473684210526315,0.4868439158862804
254,19,1.0,0.4890687402929353
255,0,0.0,0.4345774245060828
255,1,0.05263157894736842,0.4386867326219266
255,2,0.10526315789473684,0.4776901663970706
255,3,0.15789473684210525,0.5268267611043533
255,4,0.21052631578947367,0.49966601804851796
255,5,0.2631578947368421,0.4456486272487854
255,6,0.3157894736842105,0.37427529131955845
255,7,0.3684210526315789,0.5075674533049436
255,8,0.42105263157894735,0.40120567570329335
255,9,0.47368421052631576,0.4090666204064604
255,10,0.5263157894736842,0.459735344729366
255,11,0.5789473684210527,0.4709870031431323
255,12,0.631578947368421,0.4535051803245417
255,13,0.6842105263157894,0.44583354738952563
255,14,0.7368421052631579,0.4370200936820005
255,15,0.7894736842105263,0.49848807514361027
255,16,0.8421052631578947,0.5734600215575771
255,17,0.894736842105263,0.5119068054589966
255,18,0.9473684210526315,0.7038747941847782
255,19,1.0,0.5171733183350381
256,0,0.0,0.5496478382656148
256,1,0.05263157894736842,0.49560180483003646
256,2,0.10526315789473684,0.4875501188688458
256,3,0.15789473684210525,0.4772264279863353
256,4,0.21052631578947367,0.635129275477691
256,5,0.2631578947368421,0.5283823115942846
256,6,0.3157894736842105,0.5140586297248848
256,7,0.3684210526315789,0.5418118721340358
256,8,0.42105263157894735,0.5542459031275316
256,9,0.47368421052631576,0.5306946709542889
256,10,0.5263157894736842,0.5134016226546003
256,11,0.5789473684210527,0.47243920357591584
256,12,0.631578947368421,0.487757251912051
256,13,0.6842105263157894,0.5854456632341858
256,14,0.7368421052631579,0.5854232431721383
256,15,0.7894736842105263,0.5374550972923664
256,16,0.8421052631578947,0.5041853026746173
256,17,0.894736842105263,0.5625135524117469
256,18,0.9473684210526315,0.5536874119388259
256,19,1.0,0.5642398764131134
257,0,0.0,0.4278196505571395
257,1,0.05263157894736842,0.35127519103287413
257,2,0.10526315789473684,0.4503890999751134
257,3,0.15789473684210525,0.4538006355640182
257,4,0.21052631578947367,0.3858445944430656
257,5,0.2631578947368421,0.42485271169230987
257,6,0.3157894736842105,0.4245843469829763
257,7,0.3684210526315789,0.5760498638206218
257,8,0.42105263157894735,0.4925537660998796
257,9,0.47368421052631576,0.4989599421010902
257,10,0.5263157894736842,0.3750145350771516
257,11,0.5789473684210527,0.5136748398464657
257,12,0.631578947368421,0.4734678544426012
257,13,0.6842105263157894,0.3843345024505979
257,14,0.7368421052631579,0.5235909271555776
257,15,0.7894736842105263,0.48077118278915004
257,16,0.8421052631578947,0.44161018906074884
257,17,0.894736842105263,0.41995954969448124
257,18,0.9473684210526315,0.4823996791680837
257,19,1.0,0.4917253023301775
258,0,0.0,0.42873282396288553
258,1,0.05263157894736842,0.38018044045346244
258,2,0.10526315789473684,0.4081226664952677
258,3,0.15789473684210525,0.41617576873260664
258,4,0.21052631578947367,0.356301716240056
258,5,0.2631578947368421,0.43217360121045606
258,6,0.3157894736842105,0.5201215527621037
258,7,0.3684210526315789,0.46880894093673187
258,8,0.42105263157894735,0.5662150262446477
258,9,0.47368421052631576,0.5542934074672816
258,10,0.5263157894736842,0.504172528665188
258,11,0.5789473684210527,0.5407803586732851
258,12,0.631578947368421,0.516984815335185
258,13,0.6842105263157894,0.5170981038101101
258,14,0.7368421052631579,0.578301066138427
258,15,0.7894736842105263,0.5888581042932917
258,16,0.8421052631578947,0.603280491348864
258,17,0.894736842105263,0.5450689878750249
258,18,0.9473684210526315,0.635966860669916
258,19,1.0,0.5570996806657381
259,0,0.0,0.4448443694295911
259,1,0.05263157894736842,0.46742597235430344
259,2,0.10526315789473684,0.46463639595251854
259,3,0.15789473684210525,0.4204482946174617
259,4,0.21052631578947367,0.4646925538743129
259,5,0.2631578947368421,0.5154611651916886
259,6,0.3157894736842105,0.42683658689997406
259,7,0.3684210526315789,0.4878903128029215
259,8,0.42105263157894735,0.54626957112285
259,9,0.47368421052631576,0.4776385792213354
259,10,0.5263157894736842,0.5123132234072605
259,11,0.5789473684210527,0.49280188201263
259,12,0.631578947368421,0.4983462635547768
259,13,0.6842105263157894,0.4895890735519441
259,14,0.7368421052631579,0.5154691198950948
259,15,0.7894736842105263,0.5505959299176342
259,16,0.8421052631578947,0.5252028219342599
259,17,0.894736842105263,0.5573325765228514
259,18,0.9473684210526315,0.5482010067341497
259,19,1.0,0.5392816897204544
260,0,0.0,0.5560933428964081
260,1,0.05263157894736842,0.5350832788265794
260,2,0.10526315789473684,0.44474295883493653
260,3,0.15789473684210525,0.5045260555915567
260,4,0.21052631578947367,0.45235834141708253
260,5,0.2631578947368421,0.5300679729800124
260,6,0.3157894736842105,0.41865078657759114
260,7,0.3684210526315789,0.4258071030918107
260,8,0.42105263157894735,0.4780462376444036
260,9,0.47368421052631576,0.48316051048413733
260,10,0.5263157894736842,0.38664386991989375
260,11,0.5789473684210527,0.3874471481704287
260,12,0.631578947368421,0.4219608977705729
260,13,0.6842105263157894,0.38062459465642917
260,14,0.7368421052631579,0.43305291624562814
260,15,0.7894736842105263,0.5514337064675447
260,16,0.8421052631578947,0.559589524684925
260,17,0.894736842105263,0.556569386434304
260,18,0.9473684210526315,0.5363594502521918
260,19,1.0,0.5800657845070514
261,0,0.0,0.5242130918138135
261,1,0.05263157894736842,0.38427099490306804
261,2,0.10526315789473684,0.5827191576908795
261,3,0.15789473684210525,0.40138449595772047
261,4,0.21052631578947367,0.3654051965216092
261,5,0.2631578947368421,0.4879997979156606
261,6,0.3157894736842105,0.4428244795577089
261,7,0.3684210526315789,0.45880554281412245
261,8,0.42105263157894735,0.49965202505342043
261,9,0.47368421052631576,0.44688616976358975
261,10,0.5263157894736842,0.5564061161272492
261,11,0.5789473684210527,0.40198248572656214
261,12,0.631578947368421,0.5197738181838856
261,13,0.6842105263157894,0.4778725359909622
261,14,0.7368421052631579,0.5352083820969655
261,15,0.7894736842105263,0.3350899761802266
261,16,0.8421052631578947,0.38572062897221315
261,17,0.894736842105263,0.5622278800879753
261,18,0.9473684210526315,0.4749872701575933
261,19,1.0,0.4488862957546337
262,0,0.0,0.6163023752934108
262,1,0.05263157894736842,0.5499701861949151
262,2,0.10526315789473684,0.6452411804518766
262,3,0.15789473684210525,0.5693083615718418
262,4,0.21052631578947367,0.5986044055484787
262,5,0.2631578947368421,0.6408197656917054
262,6,0.3157894736842105,0.5687759061215453
262,7,0.3684210526315789,0.5018020770073057
262,8,0.42105263157894735,0.4916077402881873
262,9,0.47368421052631576,0.5002559055242793
262,10,0.5263157894736842,0.47441447202320636
262,11,0.5789473684210527,0.4323833808345786
262,12,0.631578947368421,0.4090361396610394
262,13,0.6842105263157894,0.4680956122476052
262,14,0.7368421052631579,0.3972448376502975
262,15,0.7894736842105263,0.4525419138395158
262,16,0.8421052631578947,0.42640213575831787
262,17,0.894736842105263,0.4448975073596389
262,18,0.9473684210526315,0.4712143592467863
262,19,1.0,0.45067308981708615
263,0,0.0,0.47135364195345447
263,1,0.05263157894736842,0.4580533173385711
263,2,0.10526315789473684,0.4334005554989842
263,3,0.15789473684210525,0.3962963254056463
263,4,0.21052631578947367,0.42962365519902784
263,5,0.2631578947368421,0.5399736762933509
263,6,0.3157894736842105,0.38101188135322095
263,7,0.3684210526315789,0.3633896325652629
263,8,0.42105263157894735,0.4844154437789973
263,9,0.47368421052631576,0.5692478710208716
263,10,0.5263157894736842,0.46741957365813613
263,11,0.5789473684210527,0.5171777634360031
263,12,0.631578947368421,0.5228539554983161
263,13,0.6842105263157894,0.5554823772506283
263,14,0.7368421052631579,0.5719484335898204
263,15,0.7894736842105263,0.5952193656348086
263,16,0.8421052631578947,0.6445511445220269
263,17,0.894736842105263,0.5963827851954003
263,18,0.9473684210526315,0.4724192939127937
263,19,1.0,0.524364622301219
264,0,0.0,0.4979719665202924
264,1,0.05263157894736842,0.4969465043926298
264,2,0.10526315789473684,0.5207509991245064
264,3,0.15789473684210525,0.515152465063171
264,4,0.21052631578947367,0.45103444753064303
264,5,0.2631578947368421,0.510210225229096
264,6,0.3157894736842105,0.3614483140380167
264,7,0.3684210526315789,0.4493801197654051
264,8,0.42105263157894735,0.45611547200348773
264,9,0.47368421052631576,0.46452790937842553
264,10,0.5263157894736842,0.48254360439766386
264,11,0.5789473684210527,0.5098340913308742
264,12,0.631578947368421,0.43973913006499904
264,13,0.6842105263157894,0.4086853460801471
264,14,0.7368421052631579,0.4377161097951061
264,15,0.7894736842105263,0.4581032056233975
264,16,0.8421052631578947,0.4992758009159287
264,17,0.894736842105263,0.5246070443546299
264,18,0.9473684210526315,0.4948292630440155
264,19,1.0,0.5238599776718011
265,0,0.0,0.38583212930963084
265,1,0.05263157894736842,0.40926354596723397
265,2,0.10526315789473684,0.40292108700051615
265,3,0.15789473684210525,0.45637210086086394
265,4,0.21052631578947367,0.374071563108964
265,5,0.2631578947368421,0.35860085698625555
265,6,0.3157894736842105,0.4422984062620022
265,7,0.3684210526315789,0.40370593237569236
265,8,0.42105263157894735,0.4109649716606186
265,9,0.47368421052631576,0.43345851269783026
265,10,0.5263157894736842,0.5774754993192337
265,11,0.5789473684210527,0.5390394005039092
265,12,0.631578947368421,0.3826157350741034
265,13,0.6842105263157894,0.4692393712471147
265,14,0.7368421052631579,0.5257972283603384
265,15,0.7894736842105263,0.41596360006753935
265,16,0.8421052631578947,0.5239350194528344
265,17,0.894736842105263,0.6021979725367018
265,18,0.9473684210526315,0.5737405706243374
265,19,1.0,0.6001919024507507
266,0,0.0,0.4619217611514957
266,1,0.05263157894736842,0.5180398379421406
266,2,0.10526315789473684,0.45212236852886445
266,3,0.15789473684210525,0.5012153743950628
266,4,0.21052631578947367,0.47376493213152426
266,5,0.2631578947368421,0.46318472075892503
266,6,0.3157894736842105,0.44230884917907126
266,7,0.3684210526315789,0.506236398447554
266,8,0.42105263157894735,0.3841208257802091
266,9,0.47368421052631576,0.37974703136053123
266,10,0.5263157894736842,0.45015320261703656
266,11,0.5789473684210527,0.4203747189274445
266,12,0.631578947368421,0.43761879635706175
266,13,0.6842105263157894,0.48577595683034724
266,14,0.7368421052631579,0.4327195487092941
266,15,0.7894736842105263,0.45789921043291165
266,16,0.8421052631578947,0.49771431490869916
266,17,0.894736842105263,0.5106032940359034
266,18,0.9473684210526315,0.5579502471624798
266,19,1.0,0.5346926616059513
267,0,0.0,0.6040027508513803
267,1,0.05263157894736842,0.5535592377653041
267,2,0.10526315789473684,0.5227392610405989
267,3,0.15789473684210525,0.6383885876938337
267,4,0.21052631578947367,0.5444546400213208
267,5,0.2631578947368421,0.5667564093231036
267,6,0.3157894736842105,0.5122313387771927
267,7,0.3684210526315789,0.6242842771117605
267,8,0.42105263157894735,0.5496932122837772
267,9,0.47368421052631576,0.48546959681088403
267,10,0.5263157894736842,0.4886595783798557
267,11,0.5789473684210527,0.5168356120088102
267,12,0.631578947368421,0.5146955355689843
267,13,0.6842105263157894,0.4955792538835122
267,14,0.7368421052631579,0.5587824228947168
267,15,0.7894736842105263,0.56584599930842
267,16,0.8421052631578947,0.5533529103393564
267,17,0.894736842105263,0.46882329761715075
267,18,0.9473684210526315,0.5138881595183878
267,19,1.0,0.6249992640571302
268,0,0.0,0.4090699314533654
268,1,0.05263157894736842,0.5012279705448269
268,2,0.10526315789473684,0.5577180207492686
268,3,0.15789473684210525,0.5618712637728149
268,4,0.21052631578947367,0.5807376226962865
268,5,0.2631578947368421,0.5308273541906872
268,6,0.3157894736842105,0.6814903561455949
268,7,0.3684210526315789,0.5264239532027105
268,8,0.42105263157894735,0.639839552483813
268,9,0.47368421052631576,0.5780997050751525
268,10,0.5263157894736842,0.5494161298082635
268,11,0.5789473684210527,0.530379490096459
268,12,0.631578947368421,0.5218685970828845
268,13,0.6842105263157894,0.5444470708795817
268,14,0.7368421052631579,0.5084944996656311
268,15,0.7894736842105263,0.4453636209295649
268,16,0.8421052631578947,0.36667710852728075
268,17,0.894736842105263,0.48283175136117035
268,18,0.9473684210526315,0.46756728183525753
268,19,1.0,0.4596868594423289
269,0,0.0,0.6498836948671535
269,1,0.05263157894736842,0.573953576609011
269,2,0.10526315789473684,0.5252152440359251
269,3,0.15789473684210525,0.5200663416098266
269,4,0.21052631578947367,0.6197774909518884
269,5,0.2631578947368421,0.44980936283857736
269,6,0.3157894736842105,0.5545846788929626
269,7,0.3684210526315789,0.545006030848321
269,8,0.42105263157894735,0.46438144722492647
269,9,0.47368421052631576,0.5725821598519649
269,10,0.5263157894736842,0.5032904936298918
269,11,0.5789473684210527,0.5049125597075995
269,12,0.631578947368421,0.4919950393925093
269,13,0.6842105263157894,0.5284441895325968
269,14,0.7368421052631579,0.5329544922495325
269,15,0.7894736842105263,0.48142795996513654
269,16,0.8421052631578947,0.5087822200989628
269,17,0.894736842105263,0.486648661320018
269,18,0.9473684210526315,0.4074281429230075
269,19,1.0,0.5977618098599162
270,0,0.0,0.4524138494001169
270,1,0.05263157894736842,0.46391053012912664
270,2,0.10526315789473684,0.4265282978011847
270,3,0.15789473684210525,0.41334180363012657
270,4,0.21052631578947367,0.434246501477174
270,5,0.2631578947368421,0.5847249596643724
270,6,0.3157894736842105,0.42951142435380996
270,7,0.3684210526315789,0.4615941813894803
270,8,0.42105263157894735,0.4356676688378614
270,9,0.47368421052631576,0.5046571966681209
270,10,0.5263157894736842,0.569344070200642
270,11,0.5789473684210527,0.4570438114186395
270,12,0.631578947368421,0.49333655400571347
270,13,0.6842105263157894,0.5096653073909011
270,14,0.7368421052631579,0.47204411948228886
270,15,0.7894736842105263,0.5094325844266058
270,16,0.8421052631578947,0.5614987811119692
270,17,0.894736842105263,0.5712927295243134
270,18,0.9473684210526315,0.4985480929779149
270,19,1.0,0.4884163311076391
271,0,0.0,0.5408581523180039
271,1,0.05263157894736842,0.5096688571326122
271,2,0.10526315789473684,0.49089791534791477
271,3,0.15789473684210525,0.5945423691159085
271,4,0.21052631578947367,0.5132711837638441
271,5,0.2631578947368421,0.5354218389145352
271,6,0.3157894736842105,0.5960846076088995
271,7,0.3684210526315789,0.5805215787024038
271,8,0.42105263157894735,0.5247706973379123
271,9,0.47368421052631576,0.6059920836203546
271,10,0.5263157894736842,0.5533935004021137
271,11,0.5789473684210527,0.5600178418888349
271,12,0.631578947368421,0.4689901667193512
271,13,0.6842105263157894,0.603072662273043
271,14,0.7368421052631579,0.4738851359052628
271,15,0.7894736842105263,0.5149127075485069
271,16,0.8421052631578947,0.5239348931505341
271,17,0.894736842105263,0.49764603462770635
271,18,0.9473684210526315,0.5031556167373934
271,19,1.0,0.5101871622871632
272,0,0.0,0.5695069287057118
272,1,0.05263157894736842,0.623381359841969
272,2,0.10526315789473684,0.5582317634564264
272,3,0.15789473684210525,0.6229343212326617
272,4,0.21052631578947367,0.4998313578672848
272,5,0.2631578947368421,0.5817879949139856
272,6,0.3157894736842105,0.5974400458932193
272,7,0.3684210526315789,0.6057431631929812
272,8,0.42105263157894735,0.5655212449553446
272,9,0.47368421052631576,0.5664388291040692
272,10,0.5263157894736842,0.6220721870585268
272,11,0.5789473684210527,0.5223470261230517
272,12,0.631578947368421,0.4073622978972975
272,13,0.6842105263157894,0.4670464642857866
272,14,0.7368421052631579,0.4487752667793978
272,15,0.7894736842105263,0.5136081909329059
272,16,0.8421052631578947,0.47956996110133565
272,17,0.894736842105263,0.47073114185102954
272,18,0.9473684210526315,0.4293522298639099
272,19,1.0,0.4326128133881172
273,0,0.0,0.5077933495911787
273,1,0.05263157894736842,0.6152915849331029
273,2,0.10526315789473684,0.5517588014261753
273,3,0.15789473684210525,0.5226295392967407
273,4,0.21052631578947367,0.5528223835275188
273,5,0.2631578947368421,0.5325518493551064
273,6,0.3157894736842105,0.5936901989580119
273,7,0.3684210526315789,0.6021146053354065
273,8,0.42105263157894735,0.5912911369009949
273,9,0.47368421052631576,0.5472300049786784
273,10,0.5263157894736842,0.5551232529386891
273,11,0.5789473684210527,0.505901474883185
273,12,0.631578947368421,0.5716864949751405
273,13,0.6842105263157894,0.557117334452796
273,14,0.7368421052631579,0.5892160667374398
273,15,0.7894736842105263,0.5434002785319201
273,16,0.8421052631578947,0.6094549688554666
273,17,0.894736842105263,0.5845400361577425
273,18,0.9473684210526315,0.5121157520219967
273,19,1.0,0.568575765733724
274,0,0.0,0.4659039459650632
274,1,0.05263157894736842,0.47448935061093206
274,2,0.10526315789473684,0.4700528855635545
274,3,0.15789473684210525,0.3412500821078205
274,4,0.21052631578947367,0.4151164207974137
274,5,0.2631578947368421,0.5100650667159977
274,6,0.3157894736842105,0.39338286197856054
274,7,0.3684210526315789,0.4422755942058379
274,8,0.42105263157894735,0.4458309446268654
274,9,0.47368421052631576,0.4961711431256313
274,10,0.5263157894736842,0.5967669537943008
274,11,0.5789473684210527,0.4584926984091566
274,12,0.631578947368421,0.44123158136681734
274,13,0.6842105263157894,0.5232757710386851
274,14,0.7368421052631579,0.5191735540808357
274,15,0.7894736842105263,0.42898486334922636
274,16,0.8421052631578947,0.5590252564996117
274,17,0.894736842105263,0.5848331342884764
274,18,0.9473684210526315,0.617635817899239
274,19,1.0,0.6069349104158053
275,0,0.0,0.5575490890768675
275,1,0.05263157894736842,0.5436328256288471
275,2,0.10526315789473684,0.5674095207121755
275,3,0.15789473684210525,0.5465489122760084
275,4,0.21052631578947367,0.5329904999558247
275,5,0.2631578947368421,0.6031924465816648
275,6,0.3157894736842105,0.538178327442105
275,7,0.3684210526315789,0.6042727689757603
275,8,0.42105263157894735,0.5419554584362857
275,9,0.47368421052631576,0.3930189252224823
275,10,0.5263157894736842,0.4858990527822712
275,11,0.5789473684210527,0.4822132640365586
275,12,0.631578947368421,0.40832435620413166
275,13,0.6842105263157894,0.5453662139231791
275,14,0.7368421052631579,0.49017947149993923
275,15,0.7894736842105263,0.49780422981557126
275,16,0.8421052631578947,0.41215918557882547
275,17,0.894736842105263,0.3244907174425874
275,18,0.9473684210526315,0.520145490073149
275,19,1.0,0.47362972403792386
276,0,0.0,0.397013862254779
276,1,0.05263157894736842,0.5057061133400854
276,2,0.10526315789473684,0.43551019497766075
276,3,0.15789473684210525,0.45033137614491414
276,4,0.21052631578947367,0.39374209935679516
276,5,0.2631578947368421,0.5056176616360024
276,6,0.3157894736842105,0.4920600947189966
276,7,0.3684210526315789,0.5140508625354323
276,8,0.42105263157894735,0.4972265384418835
276,9,0.47368421052631576,0.4936321982250268
276,10,0.5263157894736842,0.4450305516583787
276,11,0.5789473684210527,0.5027626238575298
276,12,0.631578947368421,0.5094723414233756
276,13,0.6842105263157894,0.5429209487588131
276,14,0.7368421052631579,0.5695456774451013
276,15,0.7894736842105263,0.47381935871659103
276,16,0.8421052631578947,0.5911482444107116
276,17,0.894736842105263,0.540509313895866
276,18,0.9473684210526315,0.6305935332597561
276,19,1.0,0.5546504543516021
277,0,0.0,0.5354193383048924
277,1,0.05263157894736842,0.5911779106360295
277,2,0.10526315789473684,0.5733470436848976
277,3,0.15789473684210525,0.542989753889408
277,4,0.21052631578947367,0.5443772624384385
277,5,0.2631578947368421,0.43765955892255193
277,6,0.3157894736842105,0.5964509683492366
277,7,0.3684210526315789,0.4787316539745307
277,8,0.42105263157894735,0.5165209888550429
277,9,0.47368421052631576,0.49431078352712965
277,10,0.5263157894736842,0.5615461652527421
277,11,0.5789473684210527,0.4685744758785216
277,12,0.631578947368421,0.43841993086655195
277,13,0.6842105263157894,0.4837271984991317
277,14,0.7368421052631579,0.4299788258988642
277,15,0.7894736842105263,0.48619298644066067
277,16,0.8421052631578947,0.45633277680963963
277,17,0.894736842105263,0.4097345332757128
277,18,0.9473684210526315,0.3527299741009028
277,19,1.0,0.48085076127226334
278,0,0.0,0.5109770458049622
278,1,0.05263157894736842,0.5055270444331259
278,2,0.10526315789473684,0.47745005129542606
278,3,0.15789473684210525,0.4463002102058693
278,4,0.21052631578947367,0.4031368893841121
278,5,0.2631578947368421,0.4487271728211481
278,6,0.3157894736842105,0.4413480454336868
278,7,0.3684210526315789,0.48172540187093726
278,8,0.42105263157894735,0.5254213566836221
278,9,0.47368421052631576,0.42381555827099165
278,10,0.5263157894736842,0.5315838471174295
278,11,0.5789473684210527,0.4565438218091387
278,12,0.631578947368421,0.541301690665807
278,13,0.6842105263157894,0.5038868619953955
278,14,0.7368421052631579,0.48167084063396126
278,15,0.7894736842105263,0.4348874514694264
278,16,0.8421052631578947,0.5290985243808779
278,17,0.894736842105263,0.44885898745276287
278,18,0.9473684210526315,0.43594588491436026
278,19,1.0,0.5229874718466686
279,0,0.0,0.37083847760523414
279,1,0.05263157894736842,0.5095423324107435
279,2,0.10526315789473684,0.4602803959149431
279,3,0.15789473684210525,0.40701389285382866
279,4,0.21052631578947367,0.5007239582974734
279,5,0.2631578947368421,0.4557417226104996
279,6,0.3157894736842105,0.49053481850261693
279,7,0.3684210526315789,0.536843224220954
279,8,0.42105263157894735,0.624763134931092
279,9,0.47368421052631576,0.47974418185471507
279,10,0.5263157894736842,0.5606796976172583
279,11,0.5789473684210527,0.596848855813139
279,12,0.631578947368421,0.5605551787217491
279,13,0.6842105263157894,0.5211186331291966
279,14,0.7368421052631579,0.5424249923475253
279,15,0.7894736842105263,0.5713471473756119
279,16,0.8421052631578947,0.4691032673936062
279,17,0.894736842105263,0.40050740302596466
279,18,0.9473684210526315,0.47795865939899995
279,19,1.0,0.4458149924198767
280,0,0.0,0.44326711439187694
280,1,0.05263157894736842,0.4964389202347108
280,2,0.10526315789473684,0.44851681245646446
280,3,0.15789473684210525,0.47561641390750947
280,4,0.21052631578947367,0.4583388755589312
280,5,0.2631578947368421,0.4322325061070269
280,6,0.3157894736842105,0.40758414499761436
280,7,0.3684210526315789,0.522347262952481
280,8,0.42105263157894735,0.5473473166200271
280,9,0.47368421052631576,0.5038903433761297
280,10,0.5263157894736842,0.5089263368066617
280,11,0.5789473684210527,0.5211055224968603
280,12,0.631578947368421,0.4448913873275163
280,13,0.6842105263157894,0.4938700864824931
280,14,0.7368421052631579,0.5337972260088711
280,15,0.7894736842105263,0.6074950903014846
280,16,0.8421052631578947,0.567925376963436
280,17,0.894736842105263,0.44756921476183753
280,18,0.9473684210526315,0.48960282535147837
280,19,1.0,0.6140768572230424
281,0,0.0,0.5618816110515243
281,1,0.05263157894736842,0.6158350039889456
281,2,0.10526315789473684,0.5565656825854894
281,3,0.15789473684210525,0.4688950501936482
281,4,0.21052631578947367,0.45675425678786313
281,5,0.2631578947368421,0.5577013772043706
281,6,0.3157894736842105,0.46371374416503364
281,7,0.3684210526315789,0.4377535492858727
281,8,0.42105263157894735,0.47854651557042344
281,9,0.47368421052631576,0.462887789616987
281,10,0.5263157894736842,0.48142433749071395
281,11,0.5789473684210527,0.3751786494959892
281,12,0.631578947368421,0.42018400075098095
281,13,0.6842105263157894,0.4912416415598264
281,14,0.7368421052631579,0.34849436698957587
281,15,0.7894736842105263,0.45603307978613933
281,16,0.8421052631578947,0.3883134479486058
281,17,0.894736842105263,0.5193269217172857
281,18,0.9473684210526315,0.3935114558910348
281,19,1.0,0.4606171472077491
282,0,0.0,0.47163627486682663
282,1,0.05263157894736842,0.47107291627764836
282,2,0.10526315789473684,0.39116492150129806
282,3,0.15789473684210525,0.4228776628252222
282,4,0.21052631578947367,0.5443504244156007
282,5,0.2631578947368421,0.49391991562741056
282,6,0.3157894736842105,0.4759767812373054
282,7,0.3684210526315789,0.49291216567107576
282,8,0.42105263157894735,0.49237354919200316
282,9,0.47368421052631576,0.48624470024848926
282,10,0.5263157894736842,0.41973163815685094
282,11,0.5789473684210527,0.5349879831201168
282,12,0.631578947368421,0.4649315972495032
282,13,0.6842105263157894,0.5699022313145027
282,14,0.7368421052631579,0.45529259830034474
282,15,0.7894736842105263,0.4546524148379416
282,16,0.8421052631578947,0.5121167151355044
282,17,0.894736842105263,0.5761109522104728
282,18,0.9473684210526315,0.5339017922390127
282,19,1.0,0.5710503406831515
283,0,0.0,0.5182185975194841
283,1,0.05263157894736842,0.4860307267166499
283,2,0.10526315789473684,0.5448471437382097
283,3,0.15789473684210525,0.49447195794077814
283,4,0.21052631578947367,0.48570147560759547
283,5,0.2631578947368421,0.6642962960321827
283,6,0.3157894736842105,0.5935933843245402
283,7,0.3684210526315789,0.5063038552684097
283,8,0.42105263157894735,0.5248452756886802
283,9,0.47368421052631576,0.44206366964590305
283,10,0.5263157894736842,0.5030473682944825
283,11,0.5789473684210527,0.5243153339126653
283,12,0.631578947368421,0.6089657711946802
283,13,0.6842105263157894,0.4853841354914216
283,14,0.7368421052631579,0.4652413373403617
283,15,0.7894736842105263,0.433583550296001
283,16,0.8421052631578947,0.47822136138087823
283,17,0.894736842105263,0.5203849240336893
283,18,0.9473684210526315,0.4588488167703942
283,19,1.0,0.4705660070562641
284,0,0.0,0.5709566071343617
284,1,0.05263157894736842,0.5213797902561144
284,2,0.10526315789473684,0.5302173756826722
284,3,0.15789473684210525,0.5401441090254051
284,4,0.21052631578947367,0.38770579004476513
284,5,0.2631578947368421,0.3787007843236942
284,6,0.3157894736842105,0.43181191011659614
284,7,0.3684210526315789,0.4900268621160168
284,8,0.42105263157894735,0.41425610191621487
284,9,0.47368421052631576,0.4420805278842155
284,10,0.5263157894736842,0.5504206803463456
284,11,0.5789473684210527,0.5109147000186477
284,12,0.631578947368421,0.48196218286136694
284,13,0.6842105263157894,0.44733702233061257
284,14,0.7368421052631579,0.47005212782890593
284,15,0.7894736842105263,0.5629027696069973
284,16,0.8421052631578947,0.5573370007326933
284,17,0.894736842105263,0.5280231786984231
284,18,0.9473684210526315,0.5819854437498206
284,19,1.0,0.5507762950986469
285,0,0.0,0.5567009444237854
285,1,0.05263157894736842,0.5867738903926499
285,2,0.10526315789473684,0.5676434787734894
285,3,0.15789473684210525,0.459591122012065
285,4,0.21052631578947367,0.6109290613854033
285,5,0.2631578947368421,0.619550816597018
285,6,0.3157894736842105,0.5869144596834933
285,7,0.3684210526315789,0.6015378406896525
285,8,0.42105263157894735,0.47610386430239937
285,9,0.47368421052631576,0.46259656107022834
285,10,0.5263157894736842,0.6348467346899447
285,11,0.5789473684210527,0.5331133063015815
285,12,0.631578947368421,0.4823844838584075
285,13,0.6842105263157894,0.4399757439272602
285,14,0.7368421052631579,0.48527405849624966
285,15,0.7894736842105263,0.4411339315075682
285,16,0.8421052631578947,0.4813024688083732
285,17,0.894736842105263,0.37496864887632964
285,18,0.9473684210526315,0.37782273527677224
285,19,1.0,0.47683076865883894
286,0,0.0,0.3789996573312428
286,1,0.05263157894736842,0.43542042595304736
286,2,0.10526315789473684,0.4892910160800256
286,3,0.15789473684210525,0.4512515504215372
286,4,0.21052631578947367,0.5510523746643391
286,5,0.2631578947368421,0.494504287524875
286,6,0.3157894736842105,0.4825151670756312
286,7,0.3684210526315789,0.5253243388113584
286,8,0.42105263157894735,0.5009433552737144
286,9,0.47368421052631576,0.5849162251501108
286,10,0.5263157894736842,0.6361941257629338
286,11,0.5789473684210527,0.5567533977535463
286,12,0.631578947368421,0.5167929837584126
286,13,0.6842105263157894,0.5875357709987545
286,14,0.7368421052631579,0.5668805473800672
286,15,0.7894736842105263,0.5836992003603888
286,16,0.8421052631578947,0.5644820605602405
286,17,0.894736842105263,0.4854287082707963
286,18,0.9473684210526315,0.5176405889949642
286,19,1.0,0.5833660144972662
287,0,0.0,0.4843556403355674
287,1,0.05263157894736842,0.49395354703408134
287,2,0.10526315789473684,0.41253716597981016
287,3,0.15789473684210525,0.4764321899204438
287,4,0.21052631578947367,0.4092785026104656
287,5,0.2631578947368421,0.48409430987999547
287,6,0.3157894736842105,0.5819596794671403
287,7,0.3684210526315789,0.5361522229576622
287,8,0.42105263157894735,0.5449459945524482
287,9,0.47368421052631576,0.4498107443579641
287,10,0.5263157894736842,0.5877119240390086
287,11,0.5789473684210527,0.6319962496829368
287,12,0.631578947368421,0.47862649822313363
287,13,0.6842105263157894,0.49060317109579027
287,14,0.7368421052631579,0.5702420278934912
287,15,0.7894736842105263,0.5266343764345088
287,16,0.8421052631578947,0.5705072250176253
287,17,0.894736842105263,0.5342702267267002
287,18,0.9473684210526315,0.5804994160845608
287,19,1.0,0.5687588675153029
288,0,0.0,0.5678930001778588
288,1,0.05263157894736842,0.6225401210094271
288,2,0.10526315789473684,0.553547972277048
288,3,0.15789473684210525,0.5248613903221848
288,4,0.21052631578947367,0.5087490227461664
288,5,0.2631578947368421,0.42890085964077024
288,6,0.3157894736842105,0.5506933734091847
288,7,0.3684210526315789,0.46245898632279603
288,8,0.42105263157894735,0.556406588854204
288,9,0.47368421052631576,0.5455010118633211
288,10,0.5263157894736842,0.5213115005761793
288,11,0.5789473684210527,0.4801488192684473
288,12,0.631578947368421,0.6013750445928833
288,13,0.6842105263157894,0.48394651523672866
288,14,0.7368421052631579,0.4142231559337649
288,15,0.7894736842105263,0.6119782651043117
288,16,0.8421052631578947,0.4504005038348967
288,17,0.894736842105263,0.5131077298948513
288,18,0.9473684210526315,0.3961357516061374
288,19,1.0,0.4755304663195069
289,0,0.0,0.465441030906468
289,1,0.05263157894736842,0.5480596834536948
289,2,0.10526315789473684,0.42408912959605405
289,3,0.15789473684210525,0.4544954280085213
289,4,0.21052631578947367,0.47096430173224085
289,5,0.2631578947368421,0.44674495675056125
289,6,0.3157894736842105,0.49454671165030106
289,7,0.3684210526315789,0.49026603276937
289,8,0.42105263157894735,0.4755062999181552
289,9,0.47368421052631576,0.4888371759221019
289,10,0.5263157894736842,0.40229874246642316
289,11,0.5789473684210527,0.43969056992394595
289,12,0.631578947368421,0.4464850245319043
289,13,0.6842105263157894,0.4196451708207599
289,14,0.7368421052631579,0.46004109883625716
289,15,0.7894736842105263,0.5468525550267631
289,16,0.8421052631578947,0.4434838154457943
289,17,0.894736842105263,0.4626745893624742
289,18,0.9473684210526315,0.42623532852173457
289,19,1.0,0.49803767699791346
290,0,0.0,0.489228380885938
290,1,0.05263157894736842,0.513217194790066
290,2,0.10526315789473684,0.3648572401163785
290,3,0.15789473684210525,0.43893527763893936
290,4,0.21052631578947367,0.45988441287132314
290,5,0.2631578947368421,0.449463629604482
290,6,0.3157894736842105,0.40013944215699365
290,7,0.3684210526315789,0.39595677839029697
290,8,0.42105263157894735,0.49519434440447035
290,9,0.47368421052631576,0.4554274408221427
290,10,0.5263157894736842,0.4550843209576467
290,11,0.5789473684210527,0.46955714745085586
290,12,0.631578947368421,0.5666778744165857
290,13,0.6842105263157894,0.561822814568588
290,14,0.7368421052631579,0.6004976100659623
290,15,0.7894736842105263,0.6540341962203148
290,16,0.8421052631578947,0.45772054022913977
290,17,0.894736842105263,0.599782448482076
290,18,0.9473684210526315,0.6771920625920679
290,19,1.0,0.554062425242999
291,0,0.0,0.4827350612827367
291,1,0.05263157894736842,0.46735241830418517
291,2,0.10526315789473684,0.4529741526347444
291,3,0.15789473684210525,0.5200775858563395
291,4,0.21052631578947367,0.48789163952399695
291,5,0.2631578947368421,0.5008209666452961
291,6,0.3157894736842105,0.5008310565093221
291,7,0.3684210526315789,0.41730513690300525
291,8,0.42105263157894735,0.45767281043245517
291,9,0.47368421052631576,0.37816060374340116
291,10,0.5263157894736842,0.4425952643520153
291,11,0.5789473684210527,0.42946744963675304
291,12,0.631578947368421,0.35962813258218485
291,13,0.6842105263157894,0.40253590482074647
291,14,0.7368421052631579,0.5288724743012096
291,15,0.7894736842105263,0.34311948702339534
291,16,0.8421052631578947,0.44321503676706114
291,17,0.894736842105263,0.4864227551125917
291,18,0.9473684210526315,0.4434282629619932
291,19,1.0,0.43926723347873853
292,0,0.0,0.49300516094697755
292,1,0.05263157894736842,0.5804496356246743
292,2,0.10526315789473684,0.6251685761668175
292,3,0.15789473684210525,0.5126743849584041
292,4,0.21052631578947367,0.5584259280369682
292,5,0.2631578947368421,0.6783370861923947
292,6,0.3157894736842105,0.6996726638935751
292,7,0.3684210526315789,0.6101818755961717
292,8,0.42105263157894735,0.7082411901106258
292,9,0.47368421052631576,0.5688675563443445
292,10,0.5263157894736842,0.5488642806819556
292,11,0.5789473684210527,0.6267510866572165
292,12,0.631578947368421,0.44164864421023964
292,13,0.6842105263157894,0.48931408183009834
292,14,0.7368421052631579,0.5267660321209092
292,15,0.7894736842105263,0.4923427531182788
292,16,0.8421052631578947,0.43802934278703587
292,17,0.894736842105263,0.412492469491365
292,18,0.9473684210526315,0.43717315608586166
292,19,1.0,0.39394013481393503
293,0,0.0,0.4415110428330385
293,1,0.05263157894736842,0.4253362280478104
293,2,0.10526315789473684,0.44373101885731125
293,3,0.15789473684210525,0.43777993954078276
293,4,0.21052631578947367,0.46672668495744823
293,5,0.2631578947368421,0.4057283165446123
293,6,0.3157894736842105,0.3475571825511947
293,7,0.3684210526315789,0.44443238437199134
293,8,0.42105263157894735,0.45305399393697404
293,9,0.47368421052631576,0.4816734111788439
293,10,0.5263157894736842,0.605855490154639
293,11,0.5789473684210527,0.5840897555665892
293,12,0.631578947368421,0.4124163340699808
293,13,0.6842105263157894,0.4645390196634407
293,14,0.7368421052631579,0.5374019896676481
293,15,0.7894736842105263,0.6051784567377896
293,16,0.8421052631578947,0.5382997878746135
293,17,0.894736842105263,0.5794156348463264
293,18,0.9473684210526315,0.4423609572876961
293,19,1.0,0.5186354033521796
294,0,0.0,0.447962366247502
294,1,0.05263157894736842,0.4692283594432165
294,2,0.10526315789473684,0.5186216362731031
294,3,0.15789473684210525,0.46552147816160716
294,4,0.21052631578947367,0.4301406488506789
294,5,0.2631578947368421,0.413743812026709
294,6,0.3157894736842105,0.4158925483972051
294,7,0.3684210526315789,0.40042730029033097
294,8,0.42105263157894735,0.4817988521301453
294,9,0.47368421052631576,0.44995083021768184
294,10,0.5263157894736842,0.4047272698902202
294,11,0.5789473684210527,0.4147584127468149
294,12,0.631578947368421,0.3800243184960237
294,13,0.6842105263157894,0.5673187278212445
294,14,0.7368421052631579,0.41129333433815596
294,15,0.7894736842105263,0.5889733746467424
294,16,0.8421052631578947,0.4749614597736963
294,17,0.894736842105263,0.49126539194678703
294,18,0.9473684210526315,0.5111652554677911
294,19,1.0,0.4148984898386108
295,0,0.0,0.5426775138159857
295,1,0.05263157894736842,0.48747768709416295
295,2,0.10526315789473684,0.5308993051223939
295,3,0.15789473684210525,0.4483752384890666
295,4,0.21052631578947367,0.5570585643638565
295,5,0.2631578947368421,0.45876171066048266
295,6,0.3157894736842105,0.4864570488090342
295,7,0.3684210526315789,0.5136862685337376
295,8,0.42105263157894735,0.5321994695975014
295,9,0.47368421052631576,0.45567046796215077
295,10,0.5263157894736842,0.6014792935181498
295,11,0.5789473684210527,0.6033379322499955
295,12,0.631578947368421,0.4903920856125071
295,13,0.6842105263157894,0.4680924001901939
295,14,0.7368421052631579,0.4685234752817795
295,15,0.7894736842105263,0.4864774679966288
295,16,0.8421052631578947,0.3992407152603297
295,17,0.894736842105263,0.48033321202410517
295,18,0.9473684210526315,0.5188063888488071
295,19,1.0,0.4707602621039014
296,0,0.0,0.6072966627444141
296,1,0.05263157894736842,0.5530505344064894
296,2,0.10526315789473684,0.5356826058526051
296,3,0.15789473684210525,0.45814872671802154
296,4,0.21052631578947367,0.4869114078420876
296,5,0.2631578947368421,0.5010891308438803
296,6,0.3157894736842105,0.4943335212103324
296,7,0.3684210526315789,0.47298467823977164
296,8,0.42105263157894735,0.5109673849440894
296,9,0.47368421052631576,0.4822730862791339
296,10,0.5263157894736842,0.5474119758790634
296,11,0.5789473684210527,0.3888942919131983
296,12,0.631578947368421,0.5061013510343815
296,13,0.6842105263157894,0.42852029548189846
296,14,0.7368421052631579,0.5225847536595757
296,15,0.7894736842105263,0.4597375980896413
296,16,0.8421052631578947,0.5103144351235498
296,17,0.894736842105263,0.461641347791874
296,18,0.9473684210526315,0.503046701204883
296,19,1.0,0.44934814818206803
297,0,0.0,0.5435132685828422
297,1,0.05263157894736842,0.5288930256131801
297,2,0.10526315789473684,0.48294881400653616
297,3,0.15789473684210525,0.5737803456114685
297,4,0.21052631578947367,0.6206270107706332
297,5,0.2631578947368421,0.5982736314094309
297,6,0.3157894736842105,0.5736399110968726
297,7,0.3684210526315789,0.5349155039792727
297,8,0.42105263157894735,0.5874644397499411
297,9,0.47368421052631576,0.5728047514349672
297,10,0.5263157894736842,0.5811270242096661
297,11,0.5789473684210527,0.5779429791100966
297,12,0.631578947368421,0.5260250662772231
297,13,0.6842105263157894,0.5250728657199163
297,14,0.7368421052631579,0.5120747919775945
297,15,0.7894736842105263,0.5312457669283713
297,16,0.8421052631578947,0.5188706356943237
297,17,0.894736842105263,0.4696271639278006
297,18,0.9473684210526315,0.5119991858767758
297,19,1.0,0.44420298738393665
298,0,0.0,0.34845646531521973
298,1,0.05263157894736842,0.3395367064629243
298,2,0.10526315789473684,0.34795588481138184
298,3,0.15789473684210525,0.4905090018957666
298,4,0.21052631578947367,0.5008385466191251
298,5,0.2631578947368421,0.43677228690080105
298,6,0.3157894736842105,0.350926384101512
298,7,0.3684210526315789,0.3718497894225684
298,8,0.42105263157894735,0.3843261688163619
298,9,0.47368421052631576,0.43907342427913043
298,10,0.5263157894736842,0.4489030230672032
298,11,0.5789473684210527,0.4455633476297278
298,12,0.631578947368421,0.40399723023383477
298,13,0.6842105263157894,0.4825912514999857
298,14,0.7368421052631579,0.3933087087686445
298,15,0.7894736842105263,0.5660421597995083
298,16,0.8421052631578947,0.4497694839194175
298,17,0.894736842105263,0.5043619761559589
298,18,0.9473684210526315,0.43766560258682996
298,19,1.0,0.37960396036633137
299,0,0.0,0.49727593423285243
299,1,0.05263157894736842,0.595662006363698
299,2,0.10526315789473684,0.4416225153005758
299,3,0.15789473684210525,0.48075889321998644
299,4,0.21052631578947367,0.4712237598849905
299,5,0.2631578947368421,0.48158747428260534
299,6,0.3157894736842105,0.5207689201282181
299,7,0.3684210526315789,0.43567709893454654
299,8,0.42105263157894735,0.455066664471948
299,9,0.47368421052631576,0.4614648921094261
299,10,0.5263157894736842,0.391883390012301
299,11,0.5789473684210527,0.42381915288694144
299,12,0.631578947368421,0.3162687661311102
299,13,0.6842105263157894,0.4769653386812911
299,14,0.7368421052631579,0.43299579803916133
299,15,0.7894736842105263,0.3808544427619067
299,16,0.8421052631578947,0.39652293730958255
299,17,0.894736842105263,0.38076378354978535
299,18,0.9473684210526315,0.404271891606222
299,19,1.0,0.4954939569374024
300,0,0.0,0.4687679917639954
300,1,0.05263157894736842,0.5379619858793251
300,2,0.10526315789473684,0.493786231081089
300,3,0.15789473684210525,0.48908940212928836
300,4,0.21052631578947367,0.47931542118571596
300,5,0.2631578947368421,0.5375009643565614
300,6,0.3157894736842105,0.5556725496781141
300,7,0.3684210526315789,0.6115341370841574
300,8,0.42105263157894735,0.44994828121726416
300,9,0.47368421052631576,0.5905060100997905
300,10,0.5263157894736842,0.5162298292449194
300,11,0.5789473684210527,0.4859281406012075
300,12,0.631578947368421,0.5172998566416169
300,13,0.6842105263157894,0.444407846708626
300,14,0.7368421052631579,0.6271960045863533
300,15,0.7894736842105263,0.5629864572780154
300,16,0.8421052631578947,0.5276987958508814
300,17,0.894736842105263,0.5066045808660824
300,18,0.9473684210526315,0.581893687217959
300,19,1.0,0.5648717310059711
301,0,0.0,0.42539038861427064
301,1,0.05263157894736842,0.452581366297572
301,2,0.10526315789473684,0.3746966054105685
301,3,0.15789473684210525,0.4139771725135098
301,4,0.21052631578947367,0.43230301962622286
301,5,0.2631578947368421,0.4435157699827935
301,6,0.3157894736842105,0.4725439892080255
301,7,0.3684210526315789,0.42265114902517653
301,8,0.42105263157894735,0.500693195625064
301,9,0.47368421052631576,0.4805784520566018
301,10,0.5263157894736842,0.4688491632105396
301,11,0.5789473684210527,0.43854910250250095
301,12,0.631578947368421,0.4690767797790546
301,13,0.6842105263157894,0.5070241061138013
301,14,0.7368421052631579,0.4783501530704813
301,15,0.7894736842105263,0.490614976731021
301,16,0.8421052631578947,0.5052110116743407
301,17,0.894736842105263,0.4536031649270519
301,18,0.9473684210526315,0.5071742492064382
301,19,1.0,0.4373151987815049
302,0,0.0,0.5246792246751006
302,1,0.05263157894736842,0.47847662189326534
302,2,0.10526315789473684,0.4858022987173436
302,3,0.15789473684210525,0.488757531412528
302,4,0.21052631578947367,0.5224712889725759
302,5,0.2631578947368421,0.5184515016680974
302,6,0.3157894736842105,0.4071822069798891
302,7,0.3684210526315789,0.4454810240466788
302,8,0.42105263157894735,0.3724744995938332
302,9,0.47368421052631576,0.3788918990902469
302,10,0.5263157894736842,0.540513528650811
302,11,0.5789473684210527,0.4545040091945432
302,12,0.631578947368421,0.44808484081074557
302,13,0.6842105263157894,0.5185053242314616
302,14,0.7368421052631579,0.49760859787091105
302,15,0.7894736842105263,0.3856509835182324
302,16,0.8421052631578947,0.3886763224445909
302,17,0.894736842105263,0.48197636716512765
302,18,0.9473684210526315,0.48193784222021946
302,19,1.0,0.46529490688691194
303,0,0.0,0.4159572027482225
303,1,0.05263157894736842,0.38708147506592966
303,2,0.10526315789473684,0.43388615403862574
303,3,0.15789473684210525,0.5415883477409233
303,4,0.21052631578947367,0.5141513744195529
303,5,0.2631578947368421,0.5292783686430103
303,6,0.3157894736842105,0.441876998316595
303,7,0.3684210526315789,0.47184474526399334
303,8,0.42105263157894735,0.47894798930666815
303,9,0.47368421052631576,0.49559567694432394
303,10,0.5263157894736842,0.5085780693046963
303,11,0.5789473684210527,0.5257955784574376
303,12,0.631578947368421,0.48757973673091326
303,13,0.6842105263157894,0.5450858580809498
303,14,0.7368421052631579,0.5139050035205018
303,15,0.7894736842105263,0.4315758446444637
303,16,0.8421052631578947,0.5230767229331418
303,17,0.894736842105263,0.6183341861885643
303,18,0.9473684210526315,0.49501557243195615
303,19,1.0,0.6501863262677077
304,0,0.0,0.3620201606314311
304,1,0.05263157894736842,0.487649995484708
304,2,0.10526315789473684,0.44982297369937385
304,3,0.15789473684210525,0.3996558647411285
304,4,0.21052631578947367,0.5417623705643977
304,5,0.2631578947368421,0.44052673264840553
304,6,0.3157894736842105,0.44982092007323515
304,7,0.3684210526315789,0.5196669398713989
304,8,0.42105263157894735,0.5051000468285377
304,9,0.47368421052631576,0.4874050202993874
304,10,0.5263157894736842,0.4538106709492377
304,11,0.5789473684210527,0.4320553597000604
304,12,0.631578947368421,0.4877977057314031
304,13,0.6842105263157894,0.42367747462453464
304,14,0.7368421052631579,0.5009087908099086
304,15,0.7894736842105263,0.5400933539350489
304,16,0.8421052631578947,0.4849076385610874
304,17,0.894736842105263,0.4752502264896116
304,18,0.9473684210526315,0.4824883818967124
304,19,1.0,0.46055295063578894
305,0,0.0,0.5470524598967564
305,1,0.05263157894736842,0.43668827604795574
305,2,0.10526315789473684,0.3892861464246441
305,3,0.15789473684210525,0.5381071780280051
305,4,0.21052631578947367,0.4607248648848538
305,5,0.2631578947368421,0.5724499884797448
305,6,0.3157894736842105,0.5270245241337735
305,7,0.3684210526315789,0.4125434101677933
305,8,0.42105263157894735,0.4250693412034694
305,9,0.47368421052631576,0.3926952975115
305,10,0.5263157894736842,0.4198552407180107
305,11,0.5789473684210527,0.4994317175416936
305,12,0.631578947368421,0.48054649765160995
305,13,0.6842105263157894,0.4468298578012279
305,14,0.7368421052631579,0.38304483941020556
305,15,0.7894736842105263,0.4672316693156707
305,16,0.8421052631578947,0.4487719776785431
305,17,0.894736842105263,0.49432738624966543
305,18,0.9473684210526315,0.46922645155781173
305,19,1.0,0.39399949774283816
306,0,0.0,0.4550309859340978
306,1,0.05263157894736842,0.5316240000041532
306,2,0.10526315789473684,0.5356512694530797
306,3,0.15789473684210525,0.5762964683366041
306,4,0.21052631578947367,0.6359040108771208
306,5,0.2631578947368421,0.5537540941335874
306,6,0.3157894736842105,0.6263405071841242
306,7,0.3684210526315789,0.529420600895726
306,8,0.42105263157894735,0.5687337692700428
306,9,0.47368421052631576,0.5297064822990903
306,10,0.5263157894736842,0.5743247387788191
306,11,0.5789473684210527,0.6014763568826412
306,12,0.631578947368421,0.6050513517911733
306,13,0.6842105263157894,0.6158807454953479
306,14,0.7368421052631579,0.5164395596997511
306,15,0.7894736842105263,0.5692070910696827
306,16,0.8421052631578947,0.48678890478266246
306,17,0.894736842105263,0.49723600805667456
306,18,0.9473684210526315,0.5221437833036117
306,19,1.0,0.4957722830736658
307,0,0.0,0.4545121265802796
307,1,0.05263157894736842,0.4287670110553745
307,2,0.10526315789473684,0.39933071133516895
307,3,0.15789473684210525,0.3908840146178751
307,4,0.21052631578947367,0.30947718715964434
307,5,0.2631578947368421,0.35829602886556366
307,6,0.3157894736842105,0.4840189462826813
307,7,0.3684210526315789,0.46913663325081445
307,8,0.42105263157894735,0.5191170774469402
307,9,0.47368421052631576,0.48504791909546846
307,10,0.5263157894736842,0.4325432915783431
307,11,0.5789473684210527,0.47609767348498216
307,12,0.631578947368421,0.6207608374774322
307,13,0.6842105263157894,0.5221552707895449
307,14,0.7368421052631579,0.5685194144478453
307,15,0.7894736842105263,0.4601132505237242
307,16,0.8421052631578947,0.5130149886969435
307,17,0.894736842105263,0.5964753707864324
307,18,0.9473684210526315,0.5704697488587697
307,19,1.0,0.634510904201044
308,0,0.0,0.47384310569030996
308,1,0.05263157894736842,0.4240370346095241
308,2,0.10526315789473684,0.4624033525386961
308,3,0.15789473684210525,0.4149793355135998
308,4,0.21052631578947367,0.4042521556829853
308,5,0.2631578947368421,0.4764040865209828
308,6,0.3157894736842105,0.46306663488048916
308,7,0.3684210526315789,0.38631470925515954
308,8,0.42105263157894735,0.44844946013768355
308,9,0.47368421052631576,0.3627393793678059
308,10,0.5263157894736842,0.4557442418638816
308,11,0.5789473684210527,0.4017733570356896
308,12,0.631578947368421,0.4329802891654974
308,13,0.6842105263157894,0.41809619800069053
308,14,0.7368421052631579,0.41210630879795784
308,15,0.7894736842105263,0.4512772309265245
308,16,0.8421052631578947,0.4705423520523287
308,17,0.894736842105263,0.5294564807265713
308,18,0.9473684210526315,0.5102248546570375
308,19,1.0,0.53730276703088
309,0,0.0,0.5536885287671959
309,1,0.05263157894736842,0.5500623696267839
309,2,0.10526315789473684,0.6381191703186871
309,3,0.15789473684210525,0.542436536751216
309,4,0.21052631578947367,0.5620621615393355
309,5,0.2631578947368421,0.5399271880145493
309,6,0.3157894736842105,0.48536661743056586
309,7,0.3684210526315789,0.5269029960075445
309,8,0.42105263157894735,0.4763649592523304
309,9,0.47368421052631576,0.47138838468078226
309,10,0.5263157894736842,0.4202722834577322
309,11,0.5789473684210527,0.5081177251779286
309,12,0.631578947368421,0.4201297546497995
309,13,0.6842105263157894,0.45045352396674604
309,14,0.7368421052631579,0.3844463735417922
309,15,0.7894736842105263,0.4203066663152105
309,16,0.8421052631578947,0.4592709691338603
309,17,0.894736842105263,0.4514097210997286
309,18,0.9473684210526315,0.5458162001383655
309,19,1.0,0.5245862475092751
310,0,0.0,0.4890418790655979
310,1,0.05263157894736842,0.5026028060449498
310,2,0.10526315789473684,0.5213416264360052
310,3,0.15789473684210525,0.4710479081348427
310,4,0.21052631578947367,0.5234040961939492
310,5,0.2631578947368421,0.40777796835735536
310,6,0.3157894736842105,0.4740024041105522
310,7,0.3684210526315789,0.3008818502177944
310,8,0.42105263157894735,0.4452522920276364
310,9,0.47368421052631576,0.3897051718577123
310,10,0.5263157894736842,0.48082863360342304
310,11,0.5789473684210527,0.4214279894946236
310,12,0.631578947368421,0.4684446958226939
310,13,0.6842105263157894,0.41382442748364073
310,14,0.7368421052631579,0.4366513553529613
310,15,0.7894736842105263,0.447444030960429
310,16,0.8421052631578947,0.5557030537805097
310,17,0.894736842105263,0.49242032155264254
310,18,0.9473684210526315,0.4371608177433989
310,19,1.0,0.4675794467710257
311,0,0.0,0.6190735077215844
311,1,0.05263157894736842,0.5265991426634349
311,2,0.10526315789473684,0.5793256264486414
311,3,0.15789473684210525,0.6237032469334962
311,4,0.21052631578947367,0.4912242507016718
311,5,0.2631578947368421,0.49192175009459466
311,6,0.3157894736842105,0.5293938835471805
311,7,0.3684210526315789,0.47219583883748945
311,8,0.42105263157894735,0.3996924371569441
311,9,0.47368421052631576,0.46055365917618385
311,10,0.5263157894736842,0.5065103162705107
311,11,0.5789473684210527,0.5261389564514656
311,12,0.631578947368421,0.5525612477784421
311,13,0.6842105263157894,0.47085629401428075
311,14,0.7368421052631579,0.505014974912046
311,15,0.7894736842105263,0.46381275151170276
311,16,0.8421052631578947,0.4831732462443899
311,17,0.894736842105263,0.4181493361461624
311,18,0.9473684210526315,0.49231131075202367
311,19,1.0,0.37852571489443354
312,0,0.0,0.4476071329616839
312,1,0.05263157894736842,0.437095095881079
312,2,0.10526315789473684,0.4761585444721385
312,3,0.15789473684210525,0.43287286469918773
312,4,0.21052631578947367,0.45426076000999577
312,5,0.2631578947368421,0.42442324108154894
312,6,0.3157894736842105,0.4169856846030477
312,7,0.3684210526315789,0.3589778091478927
312,8,0.42105263157894735,0.4196863062436221
312,9,0.47368421052631576,0.5594403048308881
312,10,0.5263157894736842,0.4110529837070535
312,11,0.5789473684210527,0.48825993546981267
312,12,0.631578947368421,0.38685405306287907
312,13,0.6842105263157894,0.5603718745218917
312,14,0.7368421052631579,0.5734382191830015
312,15,0.7894736842105263,0.558554743156497
312,16,0.8421052631578947,0.5918790812884988
312,17,0.894736842105263,0.5166987035921652
312,18,0.9473684210526315,0.6258607379320176
312,19,1.0,0.4400433804976071
313,0,0.0,0.4000047094491659
313,1,0.05263157894736842,0.4277852968785305
313,2,0.10526315789473684,0.4046580492623713
313,3,0.15789473684210525,0.5149481987646001
313,4,0.21052631578947367,0.3710879268076595
313,5,0.2631578947368421,0.4084854078077638
313,6,0.3157894736842105,0.3941470054180501
313,7,0.3684210526315789,0.39499953032074636
313,8,0.42105263157894735,0.530186517880105
313,9,0.47368421052631576,0.5105139780896278
313,10,0.5263157894736842,0.5381540175897125
313,11,0.5789473684210527,0.5596500551079279
313,12,0.631578947368421,0.6239148823063186
313,13,0.6842105263157894,0.5684254325299797
313,14,0.7368421052631579,0.481476219655332
313,15,0.7894736842105263,0.6363859217129755
313,16,0.8421052631578947,0.5151097224921379
313,17,0.894736842105263,0.7161803849072435
313,18,0.9473684210526315,0.6655131740156202
313,19,1.0,0.6166296078558127
314,0,0.0,0.571561958356154
314,1,0.05263157894736842,0.5187078995548735
314,2,0.10526315789473684,0.6020356426778466
314,3,0.15789473684210525,0.5496293609166819
314,4,0.21052631578947367,0.4927025556674684
314,5,0.2631578947368421,0.6089631186020303
314,6,0.3157894736842105,0.5466413448211273
314,7,0.3684210526315789,0.5475839872592302
314,8,0.42105263157894735,0.4837432206453731
314,9,0.47368421052631576,0.46437432228590214
314,10,0.5263157894736842,0.3854356602329296
314,11,0.5789473684210527,0.4690610319195401
314,12,0.631578947368421,0.4284350809252219
314,13,0.6842105263157894,0.4750722113740328
314,14,0.7368421052631579,0.44054793402310033
314,15,0.7894736842105263,0.5044450300278848
314,16,0.8421052631578947,0.4738310655684729
314,17,0.894736842105263,0.4625904579154187
314,18,0.9473684210526315,0.3301389630620177
314,19,1.0,0.345451419316582
315,0,0.0,0.5016393002951312
315,1,0.05263157894736842,0.447689066131137
315,2,0.10526315789473684,0.5912073025666228
315,3,0.15789473684210525,0.5647125260945323
315,4,0.21052631578947367,0.4848307630796758
315,5,0.2631578947368421,0.5363545683891701
315,6,0.3157894736842105,0.49369625373300663
315,7,0.3684210526315789,0.5265870274589246
315,8,0.42105263157894735,0.5798428502671846
315,9,0.47368421052631576,0.4258871022989083
315,10,0.5263157894736842,0.5351511748182952
315,11,0.5789473684210527,0.40074798786707405
315,12,0.631578947368421,0.520942130122578
315,13,0.6842105263157894,0.35176308313544224
315,14,0.7368421052631579,0.5639342418967239
315,15,0.7894736842105263,0.4013686066364228
315,16,0.8421052631578947,0.4349123514584152
315,17,0.894736842105263,0.4424780527952174
315,18,0.9473684210526315,0.48721666697510285
315,19,1.0,0.4684725108072373
316,0,0.0,0.4997531453360117
316,1,0.05263157894736842,0.4815576718788649
316,2,0.10526315789473684,0.4855621605649829
316,3,0.15789473684210525,0.5319372919160883
316,4,0.21052631578947367,0.5118693367463389
316,5,0.2631578947368421,0.48550797962669545
316,6,0.3157894736842105,0.4700061931823051
316,7,0.3684210526315789,0.502082128896869
316,8,0.42105263157894735,0.552636864190461
316,9,0.47368421052631576,0.5703626069305884
316,10,0.5263157894736842,0.5837383400608096
316,11,0.5789473684210527,0.5406940740583849
316,12,0.631578947368421,0.5885252761903778
316,13,0.6842105263157894,0.6891522938409238
316,14,0.7368421052631579,0.59866014204277
316,15,0.7894736842105263,0.5243196857355399
316,16,0.8421052631578947,0.46496066144627457
316,17,0.894736842105263,0.567604383360414
316,18,0.9473684210526315,0.5556487333164442
316,19,1.0,0.49701108932965865
317,0,0.0,0.4356935195710575
317,1,0.05263157894736842,0.42644944758692227
317,2,0.10526315789473684,0.46542749539886163
317,3,0.15789473684210525,0.44505726495566916
317,4,0.21052631578947367,0.4689046647357993
317,5,0.2631578947368421,0.46259451340156027
317,6,0.3157894736842105,0.34874029433253373
317,7,0.3684210526315789,0.44897375393826233
317,8,0.42105263157894735,0.4684875664427328
317,9,0.47368421052631576,0.5336711238002132
317,10,0.5263157894736842,0.47067206275522383
317,11,0.5789473684210527,0.48776511819611545
317,12,0.631578947368421,0.49768803556116376
317,13,0.6842105263157894,0.4593535227860997
317,14,0.7368421052631579,0.48431423700116233
317,15,0.7894736842105263,0.3951128545138281
317,16,0.8421052631578947,0.5638058675992649
317,17,0.894736842105263,0.4607184682149277
317,18,0.9473684210526315,0.4525653875829962
317,19,1.0,0.542413240669317
318,0,0.0,0.6760777295101615
318,1,0.05263157894736842,0.5290910147488257
318,2,0.10526315789473684,0.5567634085524419
318,3,0.15789473684210525,0.6117851772498247
318,4,0.21052631578947367,0.5923526926866696
318,5,0.2631578947368421,0.5982348195284304
318,6,0.3157894736842105,0.526967469504009
318,7,0.3684210526315789,0.5176879935862763
318,8,0.42105263157894735,0.5098533801056253
318,9,0.47368421052631576,0.5725479932986118
318,10,0.5263157894736842,0.5876429422790173
318,11,0.5789473684210527,0.4983597222795203
318,12,0.631578947368421,0.49228688196639014
318,13,0.6842105263157894,0.5044706209364033
318,14,0.7368421052631579,0.48641240198326713
318,15,0.7894736842105263,0.5223063930806678
318,16,0.8421052631578947,0.5741026018218619
318,17,0.894736842105263,0.5368446081222495
318,18,0.9473684210526315,0.5552735264455769
318,19,1.0,0.5978122059666295
319,0,0.0,0.4083070222294707
319,1,0.05263157894736842,0.48143394544979334
319,2,0.10526315789473684,0.4503148630791395
319,3,0.15789473684210525,0.35494823342564613
319,4,0.21052631578947367,0.3923783517162324
319,5,0.2631578947368421,0.369732205235709
319,6,0.3157894736842105,0.46798192121352233
319,7,0.3684210526315789,0.36889856030498985
319,8,0.42105263157894735,0.4414683298488068
319,9,0.47368421052631576,0.4508832851296912
319,10,0.5263157894736842,0.38971091046604
319,11,0.5789473684210527,0.4285227435866897
319,12,0.631578947368421,0.5399895851042462
319,13,0.6842105263157894,0.47769515411316044
319,14,0.7368421052631579,0.5497175016002347
319,15,0.7894736842105263,0.593093657499708
319,16,0.8421052631578947,0.4741388965170486
319,17,0.894736842105263,0.5228975599139061
319,18,0.9473684210526315,0.6165012474866539
319,19,1.0,0.5215743200257882
320,0,0.0,0.5628144426439852
320,1,0.05263157894736842,0.4724791420458221
320,2,0.10526315789473684,0.42467429814535307
320,3,0.15789473684210525,0.47117656669054897
320,4,0.21052631578947367,0.5963983293458902
320,5,0.2631578947368421,0.5377457718676695
320,6,0.3157894736842105,0.5165795327146042
320,7,0.3684210526315789,0.46787913824819377
320,8,0.42105263157894735,0.4507057361579937
320,9,0.47368421052631576,0.42695282145908975
320,10,0.5263157894736842,0.4571262488873921
320,11,0.5789473684210527,0.502846539464332
320,12,0.631578947368421,0.47992040195772045
320,13,0.6842105263157894,0.5220455141046567
320,14,0.7368421052631579,0.4917133817193455
320,15,0.7894736842105263,0.3797972156639256
320,16,0.8421052631578947,0.4224081016874377
320,17,0.894736842105263,0.4871746324655406
320,18,0.9473684210526315,0.3999560297038046
320,19,1.0,0.5277159372084193
321,0,0.0,0.4017973072986635
321,1,0.05263157894736842,0.4522391041701047
321,2,0.10526315789473684,0.6063110497653733
321,3,0.15789473684210525,0.5802925450252682
321,4,0.21052631578947367,0.5205873574788725
321,5,0.2631578947368421,0.4931884105150821
321,6,0.3157894736842105,0.5051819959736975
321,7,0.3684210526315789,0.466791957209143
321,8,0.42105263157894735,0.5598311465771023
321,9,0.47368421052631576,0.5865101822881384
321,10,0.5263157894736842,0.606163882991591
321,11,0.5789473684210527,0.5309038419157753
321,12,0.631578947368421,0.5729244075634295
321,13,0.6842105263157894,0.5629278099171886
321,14,0.7368421052631579,0.4441309547472704
321,15,0.7894736842105263,0.5927831646123444
321,16,0.8421052631578947,0.5132266858044429
321,17,0.894736842105263,0.58269278325087
321,18,0.9473684210526315,0.4870193098693111
321,19,1.0,0.5149693954967604
322,0,0.0,0.45091625852726835
322,1,0.05263157894736842,0.5558672846312723
322,2,0.10526315789473684,0.5406590581096148
322,3,0.15789473684210525,0.5298177118210267
322,4,0.21052631578947367,0.48330783412030975
322,5,0.2631578947368421,0.47462085369915785
322,6,0.3157894736842105,0.6034800785206741
322,7,0.3684210526315789,0.5735901052822757
322,8,0.42105263157894735,0.5596826969824569
322,9,0.47368421052631576,0.5337951293744831
322,10,0.5263157894736842,0.5763366102069839
322,11,0.5789473684210527,0.5458565281235217
322,12,0.631578947368421,0.5558980772020365
322,13,0.6842105263157894,0.5033027055115823
322,14,0.7368421052631579,0.5117367510471582
322,15,0.7894736842105263,0.46294155318172714
322,16,0.8421052631578947,0.5422077496583669
322,17,0.894736842105263,0.48521468770013343
322,18,0.9473684210526315,0.3955133655606496
322,19,1.0,0.4604882492265936
323,0,0.0,0.5954450091399246
323,1,0.05263157894736842,0.47197789527021994
323,2,0.10526315789473684,0.4521404835892907
323,3,0.15789473684210525,0.416663187995351
323,4,0.21052631578947367,0.4379669481217647
323,5,0.2631578947368421,0.46192691671791036
323,6,0.3157894736842105,0.3669308176126406
323,7,0.3684210526315789,0.503077157975003
323,8,0.42105263157894735,0.4682745427136323
323,9,0.47368421052631576,0.42341173485392836
323,10,0.5263157894736842,0.4866051431086996
323,11,0.5789473684210527,0.521182419892136
323,12,0.631578947368421,0.5664622352172453
323,13,0.6842105263157894,0.4628963874515018
323,14,0.7368421052631579,0.4118323780132856
323,15,0.7894736842105263,0.33724257597494767
323,16,0.8421052631578947,0.42806124498926756
323,17,0.894736842105263,0.4627121808171923
323,18,0.9473684210526315,0.3863914504832584
323,19,1.0,0.46525894719963073
324,0,0.0,0.46817191060175145
324,1,0.05263157894736842,0.4329897642874737
324,2,0.10526315789473684,0.5304613646688451
324,3,0.15789473684210525,0.5510380655369524
324,4,0.21052631578947367,0.5942340236482437
324,5,0.2631578947368421,0.4848549972466615
324,6,0.3157894736842105,0.5359709642603724
324,7,0.3684210526315789,0.5272806436996155
324,8,0.42105263157894735,0.587206626154175
324,9,0.47368421052631576,0.5120355772465425
324,10,0.5263157894736842,0.5819646493812866
324,11,0.5789473684210527,0.6044720173622344
324,12,0.631578947368421,0.46717809634455193
324,13,0.6842105263157894,0.5009883538721653
324,14,0.7368421052631579,0.523222473520437
324,15,0.7894736842105263,0.5250716414222364
324,16,0.8421052631578947,0.36942622989607415
324,17,0.894736842105263,0.4357549722905767
324,18,0.9473684210526315,0.46132445216439083
324,19,1.0,0.5337693351414747
325,0,0.0,0.48021917673405734
325,1,0.05263157894736842,0.5945156776045932
325,2,0.10526315789473684,0.5059689292888152
325,3,0.15789473684210525,0.549765760089154
325,4,0.21052631578947367,0.4771159364439919
325,5,0.2631578947368421,0.49858396925352444
325,6,0.3157894736842105,0.5626879847833939
325,7,0.3684210526315789,0.4695869117417219
325,8,0.42105263157894735,0.46174960646841057
325,9,0.47368421052631576,0.5253503661356478
325,10,0.5263157894736842,0.4560954991939773
325,11,0.5789473684210527,0.5304517792891361
325,12,0.631578947368421,0.43069919090320663
325,13,0.6842105263157894,0.5371239847556601
325,14,0.7368421052631579,0.4837129045346685
325,15,0.7894736842105263,0.46162210109147106
325,16,0.8421052631578947,0.5251301328685872
325,17,0.894736842105263,0.5023971384494345
325,18,0.9473684210526315,0.5200256108027657
325,19,1.0,0.43929890588922726
326,0,0.0,0.45367433694255155
326,1,0.05263157894736842,0.469473977089506
326,2,0.10526315789473684,0.39582729369119296
326,3,0.15789473684210525,0.46148342459808417
326,4,0.21052631578947367,0.4004914591434118
326,5,0.2631578947368421,0.496709958609977
326,6,0.3157894736842105,0.46105294414923986
326,7,0.3684210526315789,0.5100248258453594
326,8,0.42105263157894735,0.6548921853392681
326,9,0.47368421052631576,0.4799456184606815
326,10,0.5263157894736842,0.5988479581775691
326,11,0.5789473684210527,0.4761709931692514
326,12,0.631578947368421,0.5164683229241248
326,13,0.6842105263157894,0.5977835427643137
326,14,0.7368421052631579,0.6607496981929336
326,15,0.7894736842105263,0.534812325368669
326,16,0.8421052631578947,0.5486477006418631
326,17,0.894736842105263,0.5442309017069575
326,18,0.9473684210526315,0.502988761785313
326,19,1.0,0.4529661125853566
327,0,0.0,0.4702489419108419
327,1,0.05263157894736842,0.6472698739758546
327,2,0.10526315789473684,0.5856673725894068
327,3,0.15789473684210525,0.5684861563741805
327,4,0.21052631578947367,0.5779468310967275
327,5,0.2631578947368421,0.5811963940395718
327,6,0.3157894736842105,0.5479331894893551
327,7,0.3684210526315789,0.5428284826517249
327,8,0.42105263157894735,0.6057210221612123
327,9,0.47368421052631576,0.45784519771251386
327,10,0.5263157894736842,0.5385308930303718
327,11,0.5789473684210527,0.611881219893476
327,12,0.631578947368421,0.43394662169359677
327,13,0.6842105263157894,0.44667117244008736
327,14,0.7368421052631579,0.49661911017534877
327,15,0.7894736842105263,0.47883459553496094
327,16,0.8421052631578947,0.38521174684952775
327,17,0.894736842105263,0.35897538466238754
327,18,0.9473684210526315,0.46862314100381014
327,19,1.0,0.4309448086112411
328,0,0.0,0.5318505919039755
328,1,0.05263157894736842,0.5309255892214386
328,2,0.10526315789473684,0.4079259723405868
328,3,0.15789473684210525,0.5330847086211369
328,4,0.21052631578947367,0.4216685801315075
328,5,0.2631578947368421,0.368844998844163
328,6,0.3157894736842105,0.4018031027582272
328,7,0.3684210526315789,0.5351500446067187
328,8,0.42105263157894735,0.41341872774565225
328,9,0.47368421052631576,0.41882525012421273
328,10,0.5263157894736842,0.4752254532607809
328,11,0.5789473684210527,0.46307722662681705
328,12,0.631578947368421,0.4621568143795811
328,13,0.6842105263157894,0.46940948364075263
328,14,0.7368421052631579,0.50700606970181
328,15,0.7894736842105263,0.5249644584041664
328,16,0.8421052631578947,0.5947562012217825
328,17,0.894736842105263,0.5995395688333545
328,18,0.9473684210526315,0.4823336052699451
328,19,1.0,0.554568628380023
329,0,0.0,0.455304130838759
329,1,0.05263157894736842,0.4624986169111962
329,2,0.10526315789473684,0.43377422375883634
329,3,0.15789473684210525,0.48102473977530846
329,4,0.21052631578947367,0.44840195619144796
329,5,0.2631578947368421,0.5053568881689597
329,6,0.3157894736842105,0.4928980910245022
329,7,0.3684210526315789,0.6240845298780634
329,8,0.42105263157894735,0.5290060449500669
329,9,0.47368421052631576,0.5461075433626228
329,10,0.5263157894736842,0.5664763745960757
329,11,0.5789473684210527,0.6134080446014833
329,12,0.631578947368421,0.6389673167520611
329,13,0.6842105263157894,0.480098701243445
329,14,0.7368421052631579,0.6282146832965666
329,15,0.7894736842105263,0.5849596408325831
329,16,0.8421052631578947,0.5405605749318665
329,17,0.894736842105263,0.5701963517576969
329,18,0.9473684210526315,0.576500775171967
329,19,1.0,0.6486435507510857
330,0,0.0,0.35542909450301674
330,1,0.05263157894736842,0.45553370180617114
330,2,0.10526315789473684,0.5121110036591086
330,3,0.15789473684210525,0.48339466841009815
330,4,0.21052631578947367,0.47805586542155654
330,5,0.2631578947368421,0.5039385501592757
330,6,0.3157894736842105,0.42311548256305115
330,7,0.3684210526315789,0.4191189654410073
330,8,0.42105263157894735,0.44380184502921327
330,9,0.47368421052631576,0.5075121010291932
330,10,0.5263157894736842,0.49896838796543014
330,11,0.5789473684210527,0.6116441592101347
330,12,0.631578947368421,0.5372057017390947
330,13,0.6842105263157894,0.5717036515211951
330,14,0.7368421052631579,0.5416258063689624
330,15,0.7894736842105263,0.4738895913504953
330,16,0.8421052631578947,0.5567949651113552
330,17,0.894736842105263,0.5806168036890905
330,18,0.9473684210526315,0.4579365061069197
330,19,1.0,0.45989402996194717
331,0,0.0,0.47975002222915497
331,1,0.05263157894736842,0.48493288765890863
331,2,0.10526315789473684,0.5683541151108228
331,3,0.15789473684210525,0.45027863106813704
331,4,0.21052631578947367,0.5982711034427814
331,5,0.2631578947368421,0.5478529671566273
331,6,0.3157894736842105,0.5460428710331691
331,7,0.3684210526315789,0.5588480488546876
331,8,0.42105263157894735,0.5733728882509421
331,9,0.47368421052631576,0.6000838755813838
331,10,0.5263157894736842,0.5818467259203548
331,11,0.5789473684210527,0.5525330582362944
331,12,0.631578947368421,0.44832006216650566
331,13,0.6842105263157894,0.439807268752583
331,14,0.7368421052631579,0.46915436287220674
331,15,0.7894736842105263,0.5284236804459088
331,16,0.8421052631578947,0.46055510997475463
331,17,0.894736842105263,0.45066260186154683
331,18,0.9473684210526315,0.43201981924070676
331,19,1.0,0.4560103074597018
332,0,0.0,0.4668460521236681
332,1,0.05263157894736842,0.3964562991861795
332,2,0.10526315789473684,0.47612006239498955
332,3,0.15789473684210525,0.5741844147522006
332,4,0.21052631578947367,0.524002977480756
332,5,0.2631578947368421,0.4953556188377805
332,6,0.3157894736842105,0.4943986718657541
332,7,0.3684210526315789,0.5085677514141993
332,8,0.42105263157894735,0.5699467682001319
332,9,0.47368421052631576,0.5530869217313767
332,10,0.5263157894736842,0.5662414663703209
332,11,0.5789473684210527,0.4094039287403811
332,12,0.631578947368421,0.5487773206983911
332,13,0.6842105263157894,0.6183040730024605
332,14,0.7368421052631579,0.5751624540150828
332,15,0.7894736842105263,0.5814824448062859
332,16,0.8421052631578947,0.5183614795943468
332,17,0.894736842105263,0.5227627360670536
332,18,0.9473684210526315,0.4578877328315024
332,19,1.0,0.5425294467438087
333,0,0.0,0.5877264379996389
333,1,0.05263157894736842,0.5661930825947865
333,2,0.10526315789473684,0.5209037167042923
333,3,0.15789473684210525,0.6316302948503213
333,4,0.21052631578947367,0.581991901784538
333,5,0.2631578947368421,0.5727965278757299
333,6,0.3157894736842105,0.6503958007600099
333,7,0.3684210526315789,0.4576954197007685
333,8,0.42105263157894735,0.5069855818715882
333,9,0.47368421052631576,0.5600681789423572
333,10,0.5263157894736842,0.45867320236604375
333,11,0.5789473684210527,0.4373944316680416
333,12,0.631578947368421,0.5902007064217916
333,13,0.6842105263157894,0.5256783470907416
333,14,0.7368421052631579,0.4746978857675962
333,15,0.7894736842105263,0.4625113184568415
333,16,0.8421052631578947,0.5286824860051454
333,17,0.894736842105263,0.4597835860220038
333,18,0.9473684210526315,0.44164465810743236
333,19,1.0,0.43696237012484596
334,0,0.0,0.48751387614975195
334,1,0.05263157894736842,0.5264490149572876
334,2,0.10526315789473684,0.5224865302409142
334,3,0.15789473684210525,0.6183697704049484
334,4,0.21052631578947367,0.5036942818569261
334,5,0.2631578947368421,0.5365419723387762
334,6,0.3157894736842105,0.5421161155125782
334,7,0.3684210526315789,0.556448856428491
334,8,0.42105263157894735,0.49698635474523156
334,9,0.47368421052631576,0.5385390982444975
334,10,0.5263157894736842,0.536748586925743
334,11,0.5789473684210527,0.5834040299550411
334,12,0.631578947368421,0.5314481567218585
334,13,0.6842105263157894,0.4855586364732954
334,14,0.7368421052631579,0.4324012646975728
334,15,0.7894736842105263,0.5194037990216525
334,16,0.8421052631578947,0.5815689150692009
334,17,0.894736842105263,0.4660156385740715
334,18,0.9473684210526315,0.5528260002591368
334,19,1.0,0.5289492603517063
335,0,0.0,0.5255761066117406
335,1,0.05263157894736842,0.5586806414985495
335,2,0.10526315789473684,0.6302069141071893
335,3,0.15789473684210525,0.6061765789624948
335,4,0.21052631578947367,0.6519020817974261
335,5,0.2631578947368421,0.5314087389804174
335,6,0.3157894736842105,0.5427165589459779
335,7,0.3684210526315789,0.44308993476553016
335,8,0.42105263157894735,0.5055111620657099
335,9,0.47368421052631576,0.4953889422647903
335,10,0.5263157894736842,0.5258292717665813
335,11,0.5789473684210527,0.48302623616286916
335,12,0.631578947368421,0.4285014488353044
335,13,0.6842105263157894,0.4595832107192284
335,14,0.7368421052631579,0.4000840607632142
335,15,0.7894736842105263,0.463661179082803
335,16,0.8421052631578947,0.5538471194565802
335,17,0.894736842105263,0.44147840462296284
335,18,0.9473684210526315,0.4665885148659175
335,19,1.0,0.4391507035379101
336,0,0.0,0.5035748444934235
336,1,0.05263157894736842,0.5044773802831575
336,2,0.10526315789473684,0.4862647383549121
336,3,0.15789473684210525,0.42054094978886397
336,4,0.21052631578947367,0.4274204154047115
336,5,0.2631578947368421,0.49657871632333955
336,6,0.3157894736842105,0.4745023029015784
336,7,0.3684210526315789,0.5683556696485346
336,8,0.42105263157894735,0.4366690854739461
336,9,0.47368421052631576,0.5655205642263876
336,10,0.5263157894736842,0.5082544204849601
336,11,0.5789473684210527,0.4840598557570208
336,12,0.631578947368421,0.5332528744284444
336,13,0.6842105263157894,0.5977961738467608
336,14,0.7368421052631579,0.5424557547826443
336,15,0.7894736842105263,0.4646942130745605
336,16,0.8421052631578947,0.5826226575463398
336,17,0.894736842105263,0.5035742852670312
336,18,0.9473684210526315,0.5329189280442872
336,19,1.0,0.519250015800626
337,0,0.0,0.5086291272773615
337,1,0.05263157894736842,0.4690889825185121
337,2,0.10526315789473684,0.4741418207811077
337,3,0.15789473684210525,0.5851967782735521
337,4,0.21052631578947367,0.5031906037398799
337,5,0.2631578947368421,0.5973606401895115
337,6,0.3157894736842105,0.6076180499117779
337,7,0.3684210526315789,0.5335779706753941
337,8,0.42105263157894735,0.5789783612614887
337,9,0.47368421052631576,0.5194746614631273
337,10,0.5263157894736842,0.45787746742194835
337,11,0.5789473684210527,0.5288943081690821
337,12,0.631578947368421,0.5081740649563695
337,13,0.6842105263157894,0.5519189747926838
337,14,0.7368421052631579,0.5386588897427149
337,15,0.7894736842105263,0.48304417339066263
337,16,0.8421052631578947,0.5230504407820761
337,17,0.894736842105263,0.4519856570473142
337,18,0.9473684210526315,0.4778546419331254
337,19,1.0,0.5047522273571527
338,0,0.0,0.43745705172756777
338,1,0.05263157894736842,0.36920252596177183
338,2,0.10526315789473684,0.4703481092114759
338,3,0.15789473684210525,0.4388817309081224
338,4,0.21052631578947367,0.4227392208816816
338,5,0.2631578947368421,0.40245762114315864
338,6,0.3157894736842105,0.4634175339372083
338,7,0.3684210526315789,0.5092938673012684
338,8,0.42105263157894735,0.40410958163861777
338,9,0.47368421052631576,0.5981602285970966
338,10,0.5263157894736842,0.4162011883039062
338,11,0.5789473684210527,0.4698750322237349
338,12,0.631578947368421,0.5159013689313153
338,13,0.6842105263157894,0.4579772802644968
338,14,0.7368421052631579,0.495113179778926
338,15,0.7894736842105263,0.45203774543196984
338,16,0.8421052631578947,0.5009828483910809
338,17,0.894736842105263,0.5843944471541507
338,18,0.9473684210526315,0.5613703435274497
338,19,1.0,0.4952804829853069
339,0,0.0,0.3871507331947138
339,1,0.05263157894736842,0.47958901921426955
339,2,0.10526315789473684,0.5179816867818452
339,3,0.15789473684210525,0.5647280936557334
339,4,0.21052631578947367,0.5057533811699646
339,5,0.2631578947368421,0.4901645927600935
339,6,0.3157894736842105,0.5239797465956588
339,7,0.3684210526315789,0.5723588797439653
339,8,0.42105263157894735,0.5483820201215852
339,9,0.47368421052631576,0.5756007843800884
339,10,0.5263157894736842,0.5883627911727067
339,11,0.5789473684210527,0.5692418999479278
339,12,0.631578947368421,0.6069440119530507
339,13,0.6842105263157894,0.5320288519478362
339,14,0.7368421052631579,0.6438557184959759
339,15,0.7894736842105263,0.5538166225382836
339,16,0.8421052631578947,0.6264520932640886
339,17,0.894736842105263,0.5562954296292011
339,18,0.9473684210526315,0.5453214497995579
339,19,1.0,0.566288220208051
340,0,0.0,0.618049391114176
340,1,0.05263157894736842,0.56748443401645
340,2,0.10526315789473684,0.5807222458633713
340,3,0.15789473684210525,0.5654484072287315
340,4,0.21052631578947367,0.5705558726781206
340,5,0.2631578947368421,0.4561853912865354
340,6,0.3157894736842105,0.442162379465837
340,7,0.3684210526315789,0.48452258311755125
340,8,0.42105263157894735,0.4892470255964963
340,9,0.47368421052631576,0.485955608032125
340,10,0.5263157894736842,0.5026043525854104
340,11,0.5789473684210527,0.4035375816790493
340,12,0.631578947368421,0.35644379465617454
340,13,0.6842105263157894,0.4847229895580394
340,14,0.7368421052631579,0.4317758846087551
340,15,0.7894736842105263,0.44787180015740546
340,16,0.8421052631578947,0.4606353110097737
340,17,0.894736842105263,0.5036234895630365
340,18,0.9473684210526315,0.483217864226298
340,19,1.0,0.4603303385317621
341,0,0.0,0.5832315171937503
341,1,0.05263157894736842,0.4859864048932297
341,2,0.10526315789473684,0.4659554300888933
341,3,0.15789473684210525,0.5813738838328284
341,4,0.21052631578947367,0.6010968567015191
341,5,0.2631578947368421,0.48172633128796516
341,6,0.3157894736842105,0.5864816733680174
341,7,0.3684210526315789,0.5787599376366565
341,8,0.42105263157894735,0.5178624754530438
341,9,0.47368421052631576,0.6062668105753911
341,10,0.5263157894736842,0.47723792710888535
341,11,0.5789473684210527,0.471138519008052
341,12,0.631578947368421,0.5554289435857238
341,13,0.6842105263157894,0.4856456100607335
341,14,0.7368421052631579,0.4408491269606398
341,15,0.7894736842105263,0.4606298496863239
341,16,0.8421052631578947,0.33752455523485153
341,17,0.894736842105263,0.4032286031072523
341,18,0.9473684210526315,0.5210430952075047
341,19,1.0,0.4015870689136519
342,0,0.0,0.5310005594034658
342,1,0.05263157894736842,0.6226399571827661
342,2,0.10526315789473684,0.6523481358480829
342,3,0.15789473684210525,0.6179320974661643
342,4,0.21052631578947367,0.5539982822328472
342,5,0.2631578947368421,0.5874234475667619
342,6,0.3157894736842105,0.5264477594553444
342,7,0.3684210526315789,0.48208913972688167
342,8,0.42105263157894735,0.57779130101393
342,9,0.47368421052631576,0.573731007537498
342,10,0.5263157894736842,0.4942738989364762
342,11,0.5789473684210527,0.4790957617839732
342,12,0.631578947368421,0.5252811449076696
342,13,0.6842105263157894,0.504848114899099
342,14,0.7368421052631579,0.5067716936168083
342,15,0.7894736842105263,0.47212553068830393
342,16,0.8421052631578947,0.47094837078720736
342,17,0.894736842105263,0.3952577662198248
342,18,0.9473684210526315,0.5838589551504791
342,19,1.0,0.4703331318052116
343,0,0.0,0.5498606439982362
343,1,0.05263157894736842,0.5640358155737818
343,2,0.10526315789473684,0.6038776092635674
343,3,0.15789473684210525,0.6196071196323416
343,4,0.21052631578947367,0.6176380716013476
343,5,0.2631578947368421,0.6301144800084362
343,6,0.3157894736842105,0.5329508686987101
343,7,0.3684210526315789,0.5833864159661493
343,8,0.42105263157894735,0.5309667435489547
343,9,0.47368421052631576,0.5751657509671554
343,10,0.5263157894736842,0.4502206574599935
343,11,0.5789473684210527,0.5514420863716116
343,12,0.631578947368421,0.4549883551271202
343,13,0.6842105263157894,0.45490203643850796
343,14,0.7368421052631579,0.5370308888502091
343,15,0.7894736842105263,0.5106217980621848
343,16,0.8421052631578947,0.42658301143072336
343,17,0.894736842105263,0.4409431255241746
343,18,0.9473684210526315,0.4819286687807557
343,19,1.0,0.40871354706302027
344,0,0.0,0.5739299715355585
344,1,0.05263157894736842,0.5345911420928191
344,2,0.10526315789473684,0.4734791854589186
344,3,0.15789473684210525,0.5262182995033703
344,4,0.21052631578947367,0.527942514749959
344,5,0.2631578947368421,0.49740858045085234
344,6,0.3157894736842105,0.526887817848818
344,7,0.3684210526315789,0.6146466927497067
344,8,0.42105263157894735,0.4520674740135058
344,9,0.47368421052631576,0.5177260256399133
344,10,0.5263157894736842,0.5386666131456055
344,11,0.5789473684210527,0.548821975005779
344,12,0.631578947368421,0.5557935022600944
344,13,0.6842105263157894,0.5384815058112775
344,14,0.7368421052631579,0.5707650909148537
344,15,0.7894736842105263,0.6111294225232153
344,16,0.8421052631578947,0.5585621354637375
344,17,0.894736842105263,0.5162779367070787
344,18,0.9473684210526315,0.5421743403382453
344,19,1.0,0.5008213462805082
345,0,0.0,0.6416196328410269
345,1,0.05263157894736842,0.5426778292692497
345,2,0.10526315789473684,0.6335063083099296
345,3,0.15789473684210525,0.4806071788160552
345,4,0.21052631578947367,0.578211632753825
345,5,0.2631578947368421,0.52284621522521
345,6,0.3157894736842105,0.5290467426114396
345,7,0.3684210526315789,0.5393247916909051
345,8,0.42105263157894735,0.5799431671844183
345,9,0.47368421052631576,0.6252089584117668
345,10,0.5263157894736842,0.5337921376814609
345,11,0.5789473684210527,0.4624180118976606
345,12,0.631578947368421,0.48638796546157254
345,13,0.6842105263157894,0.5049998879550219
345,14,0.7368421052631579,0.4675991656867441
345,15,0.7894736842105263,0.43429588019147586
345,16,0.8421052631578947,0.5774642425038004
345,17,0.894736842105263,0.562965487551346
345,18,0.9473684210526315,0.4141764926400977
345,19,1.0,0.4125100682702753
346,0,0.0,0.5392738304205705
346,1,0.05263157894736842,0.5259039148410937
346,2,0.10526315789473684,0.5500203445135418
346,3,0.15789473684210525,0.5596696457716748
346,4,0.21052631578947367,0.6036865865248698
346,5,0.2631578947368421,0.6173355663634833
346,6,0.3157894736842105,0.5898086199341731
346,7,0.3684210526315789,0.6049536525359472
346,8,0.42105263157894735,0.6408228629078034
346,9,0.47368421052631576,0.5769507772835188
346,10,0.5263157894736842,0.581308447585848
346,11,0.5789473684210527,0.6286273666418354
346,12,0.631578947368421,0.5176928739069145
346,13,0.6842105263157894,0.5435770328891352
346,14,0.7368421052631579,0.6014134242516425
346,15,0.7894736842105263,0.6153459102098608
346,16,0.8421052631578947,0.49203789092950323
346,17,0.894736842105263,0.4952830057101851
346,18,0.9473684210526315,0.5386186471651403
346,19,1.0,0.4612572236610375
347,0,0.0,0.5452480078955773
347,1,0.05263157894736842,0.46261958227224326
347,2,0.10526315789473684,0.5093355866851905
347,3,0.15789473684210525,0.49360638173623045
347,4,0.21052631578947367,0.4629452341532302
347,5,0.2631578947368421,0.4661924849387986
347,6,0.3157894736842105,0.4168416572191181
347,7,0.3684210526315789,0.3527526061845475
347,8,0.42105263157894735,0.4185188589653537
347,9,0.47368421052631576,0.4314491687582018
347,10,0.5263157894736842,0.42011097262691355
347,11,0.5789473684210527,0.4299477646451904
347,12,0.631578947368421,0.4153147103182058
347,13,0.6842105263157894,0.47437864477154446
347,14,0.7368421052631579,0.4711316853174119
347,15,0.7894736842105263,0.4283504783329466
347,16,0.8421052631578947,0.5024789752235863
347,17,0.894736842105263,0.45965775907481565
347,18,0.9473684210526315,0.5994729242521724
347,19,1.0,0.5462533431967772
348,0,0.0,0.3889077761467185
348,1,0.05263157894736842,0.5060877191510769
348,2,0.10526315789473684,0.5193722981439144
348,3,0.15789473684210525,0.5748643792975258
348,4,0.21052631578947367,0.4442054740275925
348,5,0.2631578947368421,0.48241947021702114
348,6,0.3157894736842105,0.5179140747151986
348,7,0.3684210526315789,0.5576877661439538
348,8,0.42105263157894735,0.5895608134807442
348,9,0.47368421052631576,0.5593098304823345
348,10,0.5263157894736842,0.5061658672779268
348,11,0.5789473684210527,0.46555944490149376
348,12,0.631578947368421,0.4713909910322796
348,13,0.6842105263157894,0.5431495453439964
348,14,0.7368421052631579,0.5195648197781499
348,15,0.7894736842105263,0.4835335359245622
348,16,0.8421052631578947,0.5091015514649391
348,17,0.894736842105263,0.47690640969293846
348,18,0.9473684210526315,0.4877886803329908
348,19,1.0,0.4267894418899125
349,0,0.0,0.6469691040571448
349,1,0.05263157894736842,0.5281620012838883
349,2,0.10526315789473684,0.5416630734716192
349,3,0.15789473684210525,0.520844623756216
349,4,0.21052631578947367,0.44527398472386404
349,5,0.2631578947368421,0.4031204301871367
349,6,0.3157894736842105,0.5013630894147584
349,7,0.3684210526315789,0.45367299770368075
349,8,0.42105263157894735,0.4831968831075719
349,9,0.47368421052631576,0.5619052382105376
349,10,0.5263157894736842,0.4300882255827738
349,11,0.5789473684210527,0.4918583520811131
349,12,0.631578947368421,0.5129636309892563
349,13,0.6842105263157894,0.43846234511332544
349,14,0.7368421052631579,0.4819279458905523
349,15,0.7894736842105263,0.4280253562619336
349,16,0.8421052631578947,0.4413126860373701
349,17,0.894736842105263,0.44287004954282966
349,18,0.9473684210526315,0.4665654114586326
349,19,1.0,0.46167223039462607
350,0,0.0,0.47182182805620954
350,1,0.05263157894736842,0.42411458699577587
350,2,0.10526315789473684,0.5447878251534026
350,3,0.15789473684210525,0.4848611641242416
350,4,0.21052631578947367,0.5014577818384208
350,5,0.2631578947368421,0.5231328943843716
350,6,0.3157894736842105,0.5370576804499753
350,7,0.3684210526315789,0.3521801204759374
350,8,0.42105263157894735,0.44506963603122324
350,9,0.47368421052631576,0.41589046426784804
350,10,0.5263157894736842,0.46117768121332964
350,11,0.5789473684210527,0.3495328840108775
350,12,0.631578947368421,0.5356289366463535
350,13,0.6842105263157894,0.5452088179688379
350,14,0.7368421052631579,0.40966497291915416
350,15,0.7894736842105263,0.5107010975911158
350,16,0.8421052631578947,0.5365391480666617
350,17,0.894736842105263,0.4977619713819657
350,18,0.9473684210526315,0.5072895787519985
350,19,1.0,0.3636837215104618
351,0,0.0,0.5447056707838612
351,1,0.05263157894736842,0.41840193867073994
351,2,0.10526315789473684,0.42471525495331086
351,3,0.15789473684210525,0.49584799989411416
351,4,0.21052631578947367,0.38078173139497434
351,5,0.2631578947368421,0.49170132396131716
351,6,0.3157894736842105,0.5367956419476516
351,7,0.3684210526315789,0.5102192496357036
351,8,0.42105263157894735,0.44533726478975444
351,9,0.47368421052631576,0.44171914679331525
351,10,0.5263157894736842,0.5387281652336273
351,11,0.5789473684210527,0.4401670246606392
351,12,0.631578947368421,0.60399024983014
351,13,0.6842105263157894,0.5712940576484602
351,14,0.7368421052631579,0.5413455895822662
351,15,0.7894736842105263,0.5099640012849858
351,16,0.8421052631578947,0.6343187499292205
351,17,0.894736842105263,0.5869876629091705
351,18,0.9473684210526315,0.5490103852014356
351,19,1.0,0.5042246334070658
352,0,0.0,0.5029201665834429
352,1,0.05263157894736842,0.49575983077578234
352,2,0.10526315789473684,0.43328646008936916
352,3,0.15789473684210525,0.40628301958325924
352,4,0.21052631578947367,0.3470952077467387
352,5,0.2631578947368421,0.4997966723351163
352,6,0.3157894736842105,0.5062708930202802
352,7,0.3684210526315789,0.41755878236713784
352,8,0.42105263157894735,0.4820536834280304
352,9,0.47368421052631576,0.5562878913044031
352,10,0.5263157894736842,0.46492472967197107
352,11,0.5789473684210527,0.4653953890234767
352,12,0.631578947368421,0.5037658062937573
352,13,0.6842105263157894,0.47166242358208665
352,14,0.7368421052631579,0.6065331566738708
352,15,0.7894736842105263,0.4935488509633742
352,16,0.8421052631578947,0.5317435306088176
352,17,0.894736842105263,0.6151343068664393
352,18,0.9473684210526315,0.6366760777363598
352,19,1.0,0.5210500681411088
353,0,0.0,0.5905762888919099
353,1,0.05263157894736842,0.5060051921732318
353,2,0.10526315789473684,0.5133629204664961
353,3,0.15789473684210525,0.59693907841198
353,4,0.21052631578947367,0.5233501298816841
353,5,0.2631578947368421,0.5054320381995716
353,6,0.3157894736842105,0.3986463022411881
353,7,0.3684210526315789,0.41261109860682454
353,8,0.42105263157894735,0.43681636959369013
353,9,0.47368421052631576,0.47000924410154477
353,10,0.5263157894736842,0.5374794888253209
353,11,0.5789473684210527,0.4631013269456192
353,12,0.631578947368421,0.40188840120745256
353,13,0.6842105263157894,0.36881124069657945
353,14,0.7368421052631579,0.5073466540754717
353,15,0.7894736842105263,0.4267161103415087
353,16,0.8421052631578947,0.47545859408652885
353,17,0.894736842105263,0.518181091759653
353,18,0.9473684210526315,0.46328459622993345
353,19,1.0,0.41145521955608494
354,0,0.0,0.5379826539553408
354,1,0.05263157894736842,0.5650072336773595
354,2,0.10526315789473684,0.5381590035315913
354,3,0.15789473684210525,0.5182582981747677
354,4,0.21052631578947367,0.5201768276677143
354,5,0.2631578947368421,0.4687743145672793
354,6,0.3157894736842105,0.4702367848581419
354,7,0.3684210526315789,0.36925091614271555
354,8,0.42105263157894735,0.4374811066655434
354,9,0.47368421052631576,0.3918070593480078
354,10,0.5263157894736842,0.40056360151697884
354,11,0.5789473684210527,0.46135418671585765
354,12,0.631578947368421,0.423887468808785
354,13,0.6842105263157894,0.5024332570781341
354,14,0.7368421052631579,0.5009455406297156
354,15,0.7894736842105263,0.48864128129763124
354,16,0.8421052631578947,0.42687058565396785
354,17,0.894736842105263,0.48662798052610634
354,18,0.9473684210526315,0.4535820726429806
354,19,1.0,0.5306952279589839
355,0,0.0,0.5074671126714321
355,1,0.05263157894736842,0.6243741495923112
355,2,0.10526315789473684,0.45433765406021137
355,3,0.15789473684210525,0.5372008230290131
355,4,0.21052631578947367,0.4411687566496542
355,5,0.2631578947368421,0.5949346125958656
355,6,0.3157894736842105,0.6335190756219412
355,7,0.3684210526315789,0.49788691874302815
355,8,0.42105263157894735,0.5224597942410631
355,9,0.47368421052631576,0.5040999531423711
355,10,0.5263157894736842,0.4961968727764994
355,11,0.5789473684210527,0.3738528431294626
355,12,0.631578947368421,0.49973487215042106
355,13,0.6842105263157894,0.5291518807157833
355,14,0.7368421052631579,0.47136085052063426
355,15,0.7894736842105263,0.4665375224570096
355,16,0.8421052631578947,0.4823205276747425
355,17,0.894736842105263,0.46450005730369337
355,18,0.9473684210526315,0.37874763061641903
355,19,1.0,0.49269270233626616
356,0,0.0,0.4581938521671673
356,1,0.05263157894736842,0.47183316967567396
356,2,0.10526315789473684,0.4916966335530698
356,3,0.15789473684210525,0.45794609479905835
356,4,0.21052631578947367,0.42251461150146513
356,5,0.2631578947368421,0.4091892991286705
356,6,0.3157894736842105,0.4256836049301308
356,7,0.3684210526315789,0.5000569525492775
356,8,0.42105263157894735,0.4664834387754232
356,9,0.47368421052631576,0.578849162196244
356,10,0.5263157894736842,0.5807021312806896
356,11,0.5789473684210527,0.48709140630776476
356,12,0.631578947368421,0.5832662724501286
356,13,0.6842105263157894,0.5955911494980233
356,14,0.7368421052631579,0.5891137473223133
356,15,0.7894736842105263,0.5741305407247218
356,16,0.8421052631578947,0.506030918878671
356,17,0.894736842105263,0.5376643521832274
356,18,0.9473684210526315,0.5201465231821946
356,19,1.0,0.6015642198741825
357,0,0.0,0.4758850726109365
357,1,0.05263157894736842,0.42493530637032983
357,2,0.10526315789473684,0.48488366652595805
357,3,0.15789473684210525,0.44987717573003605
357,4,0.21052631578947367,0.4201649533589507
357,5,0.2631578947368421,0.45208405111865263
357,6,0.3157894736842105,0.38536998150737434
357,7,0.3684210526315789,0.5162004840662
357,8,0.42105263157894735,0.4027220626756507
357,9,0.47368421052631576,0.460535100606586
357,10,0.5263157894736842,0.4318131890768458
357,11,0.5789473684210527,0.5777494869993031
357,12,0.631578947368421,0.5270616673513421
357,13,0.6842105263157894,0.5037892369191064
357,14,0.7368421052631579,0.5445627765461023
357,15,0.7894736842105263,0.478794778966872
357,16,0.8421052631578947,0.4531639657218676
357,17,0.894736842105263,0.5977579732062988
357,18,0.9473684210526315,0.6558303367864539
357,19,1.0,0.6127278983511959
358,0,0.0,0.4696965509917898
358,1,0.05263157894736842,0.4661682192959571
358,2,0.10526315789473684,0.4869501128188677
358,3,0.15789473684210525,0.48324080162932415
358,4,0.21052631578947367,0.5445936350783828
358,5,0.2631578947368421,0.4859973732248418
358,6,0.3157894736842105,0.5389922449818413
358,7,0.3684210526315789,0.5271060744970795
358,8,0.42105263157894735,0.5189178949481811
358,9,0.47368421052631576,0.4813666533550572
358,10,0.5263157894736842,0.5265500124970345
358,11,0.5789473684210527,0.5933709864764627
358,12,0.631578947368421,0.6669597978518278
358,13,0.6842105263157894,0.497274472230869
358,14,0.7368421052631579,0.5909206629953282
358,15,0.7894736842105263,0.4802469946086036
358,16,0.8421052631578947,0.5476081847649052
358,17,0.894736842105263,0.5717072653248129
358,18,0.9473684210526315,0.5741379176102789
358,19,1.0,0.5979426691373257
359,0,0.0,0.6768941889810297
359,1,0.05263157894736842,0.628326573282614
359,2,0.10526315789473684,0.49640248180260954
359,3,0.15789473684210525,0.5497479020901662
359,4,0.21052631578947367,0.6410934882329994
359,5,0.2631578947368421,0.5087835845598173
359,6,0.3157894736842105,0.5108876129416757
359,7,0.3684210526315789,0.5310867496919804
359,8,0.42105263157894735,0.6328900588970716
359,9,0.47368421052631576,0.4814487589574922
359,10,0.5263157894736842,0.513401330764219
359,11,0.5789473684210527,0.5289758077544969
359,12,0.631578947368421,0.4573652625106062
359,13,0.6842105263157894,0.5720208860472962
359,14,0.7368421052631579,0.6228390119439675
359,15,0.7894736842105263,0.5284585357860418
359,16,0.8421052631578947,0.5150079100845271
359,17,0.894736842105263,0.5526858866122257
359,18,0.9473684210526315,0.4754520993915084
359,19,1.0,0.496400439843673
360,0,0.0,0.5244918274745376
360,1,0.05263157894736842,0.5131019495436221
360,2,0.10526315789473684,0.4070027725768287
360,3,0.15789473684210525,0.3396768421051587
360,4,0.21052631578947367,0.41797213143485223
360,5,0.2631578947368421,0.3881244373002021
360,6,0.3157894736842105,0.3316193134240694
360,7,0.3684210526315789,0.4447604269013123
360,8,0.42105263157894735,0.4919459947927427
360,9,0.47368421052631576,0.46264818633536725
360,10,0.5263157894736842,0.4967986955772925
360,11,0.5789473684210527,0.4258458346828824
360,12,0.631578947368421,0.49380389561159077
360,13,0.6842105263157894,0.517265937566753
360,14,0.7368421052631579,0.4954864295738329
360,15,0.7894736842105263,0.45416109304436747
360,16,0.8421052631578947,0.5247225375930246
360,17,0.894736842105263,0.5629310395488398
360,18,0.9473684210526315,0.5567370150788112
360,19,1.0,0.5006083198189708
361,0,0.0,0.5023696856145281
361,1,0.05263157894736842,0.4352752916896774
361,2,0.10526315789473684,0.5356501100505477
361,3,0.15789473684210525,0.5155744211433211
361,4,0.21052631578947367,0.6028744935079857
361,5,0.2631578947368421,0.5212611438857517
361,6,0.3157894736842105,0.5585248011074174
361,7,0.3684210526315789,0.5888739312823849
361,8,0.42105263157894735,0.565453402549158
361,9,0.47368421052631576,0.6438524295686564
361,10,0.5263157894736842,0.6018662462001106
361,11,0.5789473684210527,0.5213436149816925
361,12,0.631578947368421,0.6071828771822338
361,13,0.6842105263157894,0.4989420753257108
361,14,0.7368421052631579,0.6009978005208356
361,15,0.7894736842105263,0.5677903361759306
361,16,0.8421052631578947,0.6286111339111757
361,17,0.894736842105263,0.5673884295784902
361,18,0.9473684210526315,0.6005619847176362
361,19,1.0,0.5546215181940803
362,0,0.0,0.48886639971199897
362,1,0.05263157894736842,0.4421134919824198
362,2,0.10526315789473684,0.48169489896512024
362,3,0.15789473684210525,0.45740792270710184
362,4,0.21052631578947367,0.5480936544082542
362,5,0.2631578947368421,0.6229013568418958
362,6,0.3157894736842105,0.5682199827826265
362,7,0.3684210526315789,0.6449286204884119
362,8,0.42105263157894735,0.5764461748183222
362,9,0.47368421052631576,0.5511816489397264
362,10,0.5263157894736842,0.5127794161237125
362,11,0.5789473684210527,0.5716778649672014
362,12,0.631578947368421,0.5409055055668275
362,13,0.6842105263157894,0.48624643958672964
362,14,0.7368421052631579,0.39923121870646305
362,15,0.7894736842105263,0.42989650839904425
362,16,0.8421052631578947,0.5279633296261603
362,17,0.894736842105263,0.4891366271975737
362,18,0.9473684210526315,0.4204296928844783
362,19,1.0,0.38467818863991554
363,0,0.0,0.5378735083572114
363,1,0.05263157894736842,0.5660005531800092
363,2,0.10526315789473684,0.41726838306430003
363,3,0.15789473684210525,0.5786626954478113
363,4,0.21052631578947367,0.44074277843026066
363,5,0.2631578947368421,0.5160201190933603
363,6,0.3157894736842105,0.48674637924029696
363,7,0.3684210526315789,0.5584598784849587
363,8,0.42105263157894735,0.5613336234709039
363,9,0.47368421052631576,0.4394545910366825
363,10,0.5263157894736842,0.5180554988208658
363,11,0.5789473684210527,0.5206586866402511
363,12,0.631578947368421,0.5171183946582244
363,13,0.6842105263157894,0.4966031016547447
363,14,0.7368421052631579,0.5284617394356372
363,15,0.7894736842105263,0.464988904677049
363,16,0.8421052631578947,0.49186942465969136
363,17,0.894736842105263,0.4646640857526094
363,18,0.9473684210526315,0.47695688819488063
363,19,1.0,0.43754189438520186
364,0,0.0,0.4427998526745074
364,1,0.05263157894736842,0.5302469895375452
364,2,0.10526315789473684,0.498195948289321
364,3,0.15789473684210525,0.43152393135256417
364,4,0.21052631578947367,0.41808416565726575
364,5,0.2631578947368421,0.41431686731950107
364,6,0.3157894736842105,0.5876314036244132
364,7,0.3684210526315789,0.4694814575137833
364,8,0.42105263157894735,0.4798473756205055
364,9,0.47368421052631576,0.42601380100160524
364,10,0.5263157894736842,0.4203415665167374
364,11,0.5789473684210527,0.46398063173904214
364,12,0.631578947368421,0.44062488231069397
364,13,0.6842105263157894,0.46049047531829074
364,14,0.7368421052631579,0.4751672105226374
364,15,0.7894736842105263,0.4914281365962997
364,16,0.8421052631578947,0.5208318471215108
364,17,0.894736842105263,0.4568325961929291
364,18,0.9473684210526315,0.5379941447344232
364,19,1.0,0.45466849306612767
365,0,0.0,0.589524562062877
365,1,0.05263157894736842,0.48142721068235855
365,2,0.10526315789473684,0.5716643117016104
365,3,0.15789473684210525,0.6277771023868929
365,4,0.21052631578947367,0.48719561730415434
365,5,0.2631578947368421,0.5690572373359973
365,6,0.3157894736842105,0.49018914987268664
365,7,0.3684210526315789,0.5041112571547747
365,8,0.42105263157894735,0.5025608531518501
365,9,0.47368421052631576,0.5409076800936744
365,10,0.5263157894736842,0.46172576102109575
365,11,0.5789473684210527,0.4667047862204195
365,12,0.631578947368421,0.4105693688512856
365,13,0.6842105263157894,0.4334489728051174
365,14,0.7368421052631579,0.5725302132174073
365,15,0.7894736842105263,0.4362505750604733
365,16,0.8421052631578947,0.464475284108634
365,17,0.894736842105263,0.4813336785662127
365,18,0.9473684210526315,0.395839621649876
365,19,1.0,0.4430929398767851
366,0,0.0,0.5022290802398529
366,1,0.05263157894736842,0.46265329379795933
366,2,0.10526315789473684,0.5133026521238883
366,3,0.15789473684210525,0.49598400682250754
366,4,0.21052631578947367,0.48941756015712695
366,5,0.2631578947368421,0.5373958729796172
366,6,0.3157894736842105,0.5427996334772405
366,7,0.3684210526315789,0.56654433003635
366,8,0.42105263157894735,0.5328665468796622
366,9,0.47368421052631576,0.5982718973913789
366,10,0.5263157894736842,0.4432410730501732
366,11,0.5789473684210527,0.5510870594643744
366,12,0.631578947368421,0.5539281513569556
366,13,0.6842105263157894,0.5924515047708033
366,14,0.7368421052631579,0.5373954052391038
366,15,0.7894736842105263,0.5445503343134005
366,16,0.8421052631578947,0.58771241114294
366,17,0.894736842105263,0.5303476954641074
366,18,0.9473684210526315,0.4820803951264482
366,19,1.0,0.5211156466747203
367,0,0.0,0.5314098957437767
367,1,0.05263157894736842,0.4986561113110057
367,2,0.10526315789473684,0.4874774869666362
367,3,0.15789473684210525,0.521883684983981
367,4,0.21052631578947367,0.5271112400535192
367,5,0.2631578947368421,0.5082746172493909
367,6,0.3157894736842105,0.45257828938328043
367,7,0.3684210526315789,0.4484757104738076
367,8,0.42105263157894735,0.4571687261837003
367,9,0.47368421052631576,0.38046787206669597
367,10,0.5263157894736842,0.43277640356842606
367,11,0.5789473684210527,0.49764974886276303
367,12,0.631578947368421,0.44616506421272817
367,13,0.6842105263157894,0.46424753108444605
367,14,0.7368421052631579,0.47171514060912106
367,15,0.7894736842105263,0.42302007872324754
367,16,0.8421052631578947,0.4347010661595847
367,17,0.894736842105263,0.3769510591809615
367,18,0.9473684210526315,0.4226855123908582
367,19,1.0,0.4574878617302963
368,0,0.0,0.4002746099817791
368,1,0.05263157894736842,0.5321558568424151
368,2,0.10526315789473684,0.33821893206700626
368,3,0.15789473684210525,0.4734563872571556
368,4,0.21052631578947367,0.5291407018167682
368,5,0.2631578947368421,0.4461605373210472
368,6,0.3157894736842105,0.3907366725466836
368,7,0.3684210526315789,0.4295151872610014
368,8,0.42105263157894735,0.45483135127085333
368,9,0.47368421052631576,0.4518723552602843
368,10,0.5263157894736842,0.5466346203806899
368,11,0.5789473684210527,0.47002690005670167
368,12,0.631578947368421,0.4353994163114924
368,13,0.6842105263157894,0.494754938348989
368,14,0.7368421052631579,0.4293393198951092
368,15,0.7894736842105263,0.5154931513520437
368,16,0.8421052631578947,0.440346349388279
368,17,0.894736842105263,0.49653050381192737
368,18,0.9473684210526315,0.5640525981837068
368,19,1.0,0.47641733221488136
369,0,0.0,0.4993831126019983
369,1,0.05263157894736842,0.6330316813538421
369,2,0.10526315789473684,0.5443401354745213
369,3,0.15789473684210525,0.5273695070608815
369,4,0.21052631578947367,0.4501621687472026
369,5,0.2631578947368421,0.3810764814934159
369,6,0.3157894736842105,0.4456186836238058
369,7,0.3684210526315789,0.504609496257032
369,8,0.42105263157894735,0.5148096748485637
369,9,0.47368421052631576,0.4895391880840305
369,10,0.5263157894736842,0.5025567755917053
369,11,0.5789473684210527,0.48566339775107215
369,12,0.631578947368421,0.4662141123969973
369,13,0.6842105263157894,0.4127750351269799
369,14,0.7368421052631579,0.38634429167339635
369,15,0.7894736842105263,0.4897834752723942
369,16,0.8421052631578947,0.4443028378767319
369,17,0.894736842105263,0.4300140652850142
369,18,0.9473684210526315,0.472269276477644
369,19,1.0,0.44772490595567327
370,0,0.0,0.5059126851676237
370,1,0.05263157894736842,0.5334572966304553
370,2,0.10526315789473684,0.524405067859998
370,3,0.15789473684210525,0.5807891004314842
370,4,0.21052631578947367,0.48289845200640236
370,5,0.2631578947368421,0.4654171076172159
370,6,0.3157894736842105,0.6094103661383022
370,7,0.3684210526315789,0.5704206589725949
370,8,0.42105263157894735,0.45965008799081664
370,9,0.47368421052631576,0.45749843297680065
370,10,0.5263157894736842,0.46098027583692325
370,11,0.5789473684210527,0.3998972633580467
370,12,0.631578947368421,0.3349726409191123
370,13,0.6842105263157894,0.5009246852379713
370,14,0.7368421052631579,0.5390236858282748
370,15,0.7894736842105263,0.377404446179374
370,16,0.8421052631578947,0.3945720644143628
370,17,0.894736842105263,0.3789564680574685
370,18,0.9473684210526315,0.4640196792390348
370,19,1.0,0.3864090145592445
371,0,0.0,0.4446016163620593
371,1,0.05263157894736842,0.40625525388504397
371,2,0.10526315789473684,0.35807510168162743
371,3,0.15789473684210525,0.49677302830080655
371,4,0.21052631578947367,0.4870743347251253
371,5,0.2631578947368421,0.4016520675670756
371,6,0.3157894736842105,0.43737798379391013
371,7,0.3684210526315789,0.4317777598264381
371,8,0.42105263157894735,0.44242173148538694
371,9,0.47368421052631576,0.45310774012020527
371,10,0.5263157894736842,0.3789327001051423
371,11,0.5789473684210527,0.5055949569963423
371,12,0.631578947368421,0.49960110708584665
371,13,0.6842105263157894,0.5004910241383987
371,14,0.7368421052631579,0.5394146515097517
371,15,0.7894736842105263,0.5464922114450493
371,16,0.8421052631578947,0.6032707729312253
371,17,0.894736842105263,0.527547327381974
371,18,0.9473684210526315,0.5570656959764757
371,19,1.0,0.5502424724561775
372,0,0.0,0.4801923089160742
372,1,0.05263157894736842,0.4171713440242028
372,2,0.10526315789473684,0.48813518126361505
372,3,0.15789473684210525,0.44485963106710447
372,4,0.21052631578947367,0.481731429857438
372,5,0.2631578947368421,0.40973845382996155
372,6,0.3157894736842105,0.5323333401279834
372,7,0.3684210526315789,0.6168707832930991
372,8,0.42105263157894735,0.5271458409889598
372,9,0.47368421052631576,0.5523434328851733
372,10,0.5263157894736842,0.49045484650250776
372,11,0.5789473684210527,0.5255351822355171
372,12,0.631578947368421,0.4975452894321857
372,13,0.6842105263157894,0.4416064529052835
372,14,0.7368421052631579,0.5112127746374201
372,15,0.7894736842105263,0.5405750176866904
372,16,0.8421052631578947,0.5413641214935485
372,17,0.894736842105263,0.524564102701375
372,18,0.9473684210526315,0.5872583232150923
372,19,1.0,0.47089806179252724
373,0,0.0,0.5937373311481771
373,1,0.05263157894736842,0.544349969996415
373,2,0.10526315789473684,0.5428158172187971
373,3,0.15789473684210525,0.6405237122851544
373,4,0.21052631578947367,0.4587517336543834
373,5,0.2631578947368421,0.6301187723554259
373,6,0.3157894736842105,0.5854447934018047
373,7,0.3684210526315789,0.4915777431796338
373,8,0.42105263157894735,0.48447025599432186
373,9,0.47368421052631576,0.5240130839637324
373,10,0.5263157894736842,0.5305969218877418
373,11,0.5789473684210527,0.5668533058065824
373,12,0.631578947368421,0.583892105209242
373,13,0.6842105263157894,0.615227398630763
373,14,0.7368421052631579,0.5747955082388811
373,15,0.7894736842105263,0.5324203735699315
373,16,0.8421052631578947,0.44062915334557834
373,17,0.894736842105263,0.44364094698583345
373,18,0.9473684210526315,0.4019353366698881
373,19,1.0,0.5063683157555648
374,0,0.0,0.4214337010504477
374,1,0.05263157894736842,0.4417666006189617
374,2,0.10526315789473684,0.5580816937446612
374,3,0.15789473684210525,0.5657911150485829
374,4,0.21052631578947367,0.615330634891574
374,5,0.2631578947368421,0.5009128210178151
374,6,0.3157894736842105,0.45475787971723897
374,7,0.3684210526315789,0.596636088135859
374,8,0.42105263157894735,0.5690262534136851
374,9,0.47368421052631576,0.6385014493005072
374,10,0.5263157894736842,0.5736495823473904
374,11,0.5789473684210527,0.6373907961830204
374,12,0.631578947368421,0.553610827317003
374,13,0.6842105263157894,0.5178735815200415
374,14,0.7368421052631579,0.5472322090243882
374,15,0.7894736842105263,0.5941995417462855
374,16,0.8421052631578947,0.4780105184801008
374,17,0.894736842105263,0.5596526369495877
374,18,0.9473684210526315,0.5800504447388044
374,19,1.0,0.49743865455644765
375,0,0.0,0.5748604878702688
375,1,0.05263157894736842,0.5250405957165261
375,2,0.10526315789473684,0.4976057451266561
375,3,0.15789473684210525,0.5232613108436134
375,4,0.21052631578947367,0.5394869867858646
375,5,0.2631578947368421,0.5285326055310301
375,6,0.3157894736842105,0.42473626016548816
375,7,0.3684210526315789,0.4498086407281424
375,8,0.42105263157894735,0.42060336762689343
375,9,0.47368421052631576,0.46648457347543204
375,10,0.5263157894736842,0.41456508213015475
375,11,0.5789473684210527,0.4512231844825776
375,12,0.631578947368421,0.48300522691094533
375,13,0.6842105263157894,0.5496017810822516
375,14,0.7368421052631579,0.4455070089962509
375,15,0.7894736842105263,0.37833270337445235
375,16,0.8421052631578947,0.5583930456673765
375,17,0.894736842105263,0.5124753881738137
375,18,0.9473684210526315,0.5449361987849094
375,19,1.0,0.5726238276021531
376,0,0.0,0.49644755701538856
376,1,0.05263157894736842,0.43548734617388934
376,2,0.10526315789473684,0.39931054687059764
376,3,0.15789473684210525,0.42019784026817647
376,4,0.21052631578947367,0.44689465569543996
376,5,0.2631578947368421,0.3934671792502188
376,6,0.3157894736842105,0.536718335268485
376,7,0.3684210526315789,0.3756806921400523
376,8,0.42105263157894735,0.4198282858715423
376,9,0.47368421052631576,0.466086477354994
376,10,0.5263157894736842,0.516015727193061
376,11,0.5789473684210527,0.48596117693533925
376,12,0.631578947368421,0.48340075871059196
376,13,0.6842105263157894,0.5099656723773609
376,14,0.7368421052631579,0.5340203594157599
376,15,0.7894736842105263,0.4640142613493229
376,16,0.8421052631578947,0.4876286160469014
376,17,0.894736842105263,0.48905414845620604
376,18,0.9473684210526315,0.41132243327435564
376,19,1.0,0.5869360883380041
377,0,0.0,0.46789892294579616
377,1,0.05263157894736842,0.32469463469714277
377,2,0.10526315789473684,0.40511012517513845
377,3,0.15789473684210525,0.45911634494927855
377,4,0.21052631578947367,0.533716622454889
377,5,0.2631578947368421,0.4674983927219802
377,6,0.3157894736842105,0.5489685254432087
377,7,0.3684210526315789,0.49969035683776625
377,8,0.42105263157894735,0.5564279365329311
377,9,0.47368421052631576,0.5432649673604755
377,10,0.5263157894736842,0.4828054137953921
377,11,0.5789473684210527,0.5187549470165949
377,12,0.631578947368421,0.4899183243686308
377,13,0.6842105263157894,0.5101037570850061
377,14,0.7368421052631579,0.47253405695440603
377,15,0.7894736842105263,0.5437419556393491
377,16,0.8421052631578947,0.6330636651823442
377,17,0.894736842105263,0.5041650505256534
377,18,0.9473684210526315,0.48175224454745075
377,19,1.0,0.5619661961125245
378,0,0.0,0.43891371015258884
378,1,0.05263157894736842,0.4124035523825184
378,2,0.10526315789473684,0.4953690981470098
378,3,0.15789473684210525,0.4531494024591292
378,4,0.21052631578947367,0.5132791273682844
378,5,0.2631578947368421,0.5923305590976303
378,6,0.3157894736842105,0.4709705806496564
378,7,0.3684210526315789,0.4844800948113815
378,8,0.42105263157894735,0.46237009846931404
378,9,0.47368421052631576,0.45970702001653363
378,10,0.5263157894736842,0.5307604633909645
378,11,0.5789473684210527,0.4592460262791718
378,12,0.631578947368421,0.32161203505548647
378,13,0.6842105263157894,0.4321504307577226
378,14,0.7368421052631579,0.43682437999836576
378,15,0.7894736842105263,0.5958319649858819
378,16,0.8421052631578947,0.5246029117188232
378,17,0.894736842105263,0.49030952404026834
378,18,0.9473684210526315,0.49966949554486745
378,19,1.0,0.5131037278768972
379,0,0.0,0.47313175084199305
379,1,0.05263157894736842,0.5230534571463406
379,2,0.10526315789473684,0.451618227950238
379,3,0.15789473684210525,0.4609620187557745
379,4,0.21052631578947367,0.41525000639905646
379,5,0.2631578947368421,0.5293312308677174
379,6,0.3157894736842105,0.4474845196155128
379,7,0.3684210526315789,0.5203285555704619
379,8,0.42105263157894735,0.46123862478444977
379,9,0.47368421052631576,0.5021040914918143
379,10,0.5263157894736842,0.5236340777282945
379,11,0.5789473684210527,0.5579796965307864
379,12,0.631578947368421,0.525893870699636
379,13,0.6842105263157894,0.6337395455612773
379,14,0.7368421052631579,0.6139247343719834
379,15,0.7894736842105263,0.6815925689318093
379,16,0.8421052631578947,0.5460368699983134
379,17,0.894736842105263,0.5113681164563232
379,18,0.9473684210526315,0.5677259512630052
379,19,1.0,0.5327871886109645
380,0,0.0,0.38342729999123826
380,1,0.05263157894736842,0.5208350781971172
380,2,0.10526315789473684,0.42409595040819953
380,3,0.15789473684210525,0.41801523514056216
380,4,0.21052631578947367,0.42211807843961113
380,5,0.2631578947368421,0.4878084503307635
380,6,0.3157894736842105,0.531731416051121
380,7,0.3684210526315789,0.44046322236206326
380,8,0.42105263157894735,0.3970016143548843
380,9,0.47368421052631576,0.431427645417894
380,10,0.5263157894736842,0.40561626679977414
380,11,0.5789473684210527,0.46638591855897343
380,12,0.631578947368421,0.4187652831376195
380,13,0.6842105263157894,0.43703376286296425
380,14,0.7368421052631579,0.4231851064154956
380,15,0.7894736842105263,0.5056271689392274
380,16,0.8421052631578947,0.5027881807188413
380,17,0.894736842105263,0.5401197339328982
380,18,0.9473684210526315,0.46834328954132204
380,19,1.0,0.42449035692898285
381,0,0.0,0.6455873152930455
381,1,0.05263157894736842,0.5759070402591289
381,2,0.10526315789473684,0.5391611248872002
381,3,0.15789473684210525,0.5876010501039177
381,4,0.21052631578947367,0.5814048732313684
381,5,0.2631578947368421,0.5922224115569638
381,6,0.3157894736842105,0.6354046930803741
381,7,0.3684210526315789,0.5486063337609054
381,8,0.42105263157894735,0.5987450191483654
381,9,0.47368421052631576,0.4992517124414867
381,10,0.5263157894736842,0.533256643696497
381,11,0.5789473684210527,0.5293719102606637
381,12,0.631578947368421,0.5949632384210607
381,13,0.6842105263157894,0.5643374634396698
381,14,0.7368421052631579,0.49729949892924397
381,15,0.7894736842105263,0.464420447284586
381,16,0.8421052631578947,0.4923394937177708
381,17,0.894736842105263,0.5174334529471641
381,18,0.9473684210526315,0.4492219269924212
381,19,1.0,0.5748046857309648
382,0,0.0,0.446509240348736
382,1,0.05263157894736842,0.35765436195565176
382,2,0.10526315789473684,0.45701499337199913
382,3,0.15789473684210525,0.531075864669321
382,4,0.21052631578947367,0.4803159441625947
382,5,0.2631578947368421,0.3759568484768546
382,6,0.3157894736842105,0.38757406642027764
382,7,0.3684210526315789,0.4561591218125357
382,8,0.42105263157894735,0.4623287829199234
382,9,0.47368421052631576,0.4981818769536673
382,10,0.5263157894736842,0.44282940239423946
382,11,0.5789473684210527,0.3859022145779142
382,12,0.631578947368421,0.4401620721858676
382,13,0.6842105263157894,0.444281139872781
382,14,0.7368421052631579,0.4893879195555582
382,15,0.7894736842105263,0.3399560418192964
382,16,0.8421052631578947,0.4033337696361925
382,17,0.894736842105263,0.5025069982662669
382,18,0.9473684210526315,0.5029177732917756
382,19,1.0,0.44638766753924763
383,0,0.0,0.5907181338037261
383,1,0.05263157894736842,0.5334292228965257
383,2,0.10526315789473684,0.43347176493852624
383,3,0.15789473684210525,0.5928113414914206
383,4,0.21052631578947367,0.5030854411973623
383,5,0.2631578947368421,0.4558517253895878
383,6,0.3157894736842105,0.6014766316375022
383,7,0.3684210526315789,0.6002101830888161
383,8,0.42105263157894735,0.5329850264322348
383,9,0.47368421052631576,0.43434498854603415
383,10,0.5263157894736842,0.5787538365410687
383,11,0.5789473684210527,0.5896560245334502
383,12,0.631578947368421,0.4953674474769084
383,13,0.6842105263157894,0.4594384795178227
383,14,0.7368421052631579,0.4917081321063043
383,15,0.7894736842105263,0.3681713630878487
383,16,0.8421052631578947,0.4499956438076138
383,17,0.894736842105263,0.5141045629572052
383,18,0.9473684210526315,0.5054035565371238
383,19,1.0,0.454979253754933
384,0,0.0,0.6095837072989237
384,1,0.05263157894736842,0.46803956858453616
384,2,0.10526315789473684,0.5825819320139889
384,3,0.15789473684210525,0.5705009593166803
384,4,0.21052631578947367,0.49353582524366635
384,5,0.2631578947368421,0.5594985622807785
384,6,0.3157894736842105,0.4594428464443512
384,7,0.3684210526315789,0.46245162808299506
384,8,0.42105263157894735,0.4907957458497624
384,9,0.47368421052631576,0.4689681081404747
384,10,0.5263157894736842,0.38552635660489953
384,11,0.5789473684210527,0.4740900235971931
384,12,0.631578947368421,0.3379976960721788
384,13,0.6842105263157894,0.5068572432607239
384,14,0.7368421052631579,0.5302265931377127
384,15,0.7894736842105263,0.47204878676162704
384,16,0.8421052631578947,0.49843982769793765
384,17,0.894736842105263,0.5122413092733291
384,18,0.9473684210526315,0.5527669291887302
384,19,1.0,0.43867264764084246
385,0,0.0,0.6351008540237721
385,1,0.05263157894736842,0.5105823171416477
385,2,0.10526315789473684,0.5225777150900126
385,3,0.15789473684210525,0.4646827020547196
385,4,0.21052631578947367,0.49408735142877497
385,5,0.2631578947368421,0.5554717664227681
385,6,0.3157894736842105,0.4142850108037219
385,7,0.3684210526315789,0.55076719391723
385,8,0.42105263157894735,0.4641351673215397
385,9,0.47368421052631576,0.4478359555745697
385,10,0.5263157894736842,0.4879985965348178
385,11,0.5789473684210527,0.432875273113348
385,12,0.631578947368421,0.4789320658481012
385,13,0.6842105263157894,0.41028716037972274
385,14,0.7368421052631579,0.5443835550727245
385,15,0.7894736842105263,0.4311437305828312
385,16,0.8421052631578947,0.5391759083328256
385,17,0.894736842105263,0.4727131449687868
385,18,0.9473684210526315,0.45247335667850264
385,19,1.0,0.4469720641131016
386,0,0.0,0.3919357560710592
386,1,0.05263157894736842,0.41884744960790693
386,2,0.10526315789473684,0.5580385264333683
386,3,0.15789473684210525,0.43068394121006653
386,4,0.21052631578947367,0.46753053883870577
386,5,0.2631578947368421,0.5039209021588412
386,6,0.3157894736842105,0.2813733724387824
386,7,0.3684210526315789,0.3848651932089413
386,8,0.42105263157894735,0.5338289256744957
386,9,0.47368421052631576,0.5204709932378889
386,10,0.5263157894736842,0.5440702760136991
386,11,0.5789473684210527,0.5050175968051127
386,12,0.631578947368421,0.5775016910176491
386,13,0.6842105263157894,0.5302924138514276
386,14,0.7368421052631579,0.5288143654298296
386,15,0.7894736842105263,0.48337927935809766
386,16,0.8421052631578947,0.5535380226225315
386,17,0.894736842105263,0.6315054893265809
386,18,0.9473684210526315,0.5250321698791214
386,19,1.0,0.49252152406920247
387,0,0.0,0.6164346467967223
387,1,0.05263157894736842,0.5965110972239712
387,2,0.10526315789473684,0.5149715592215718
387,3,0.15789473684210525,0.5053871051219453
387,4,0.21052631578947367,0.4971330536893339
387,5,0.2631578947368421,0.4764617136527776
387,6,0.3157894736842105,0.5659018095867383
387,7,0.3684210526315789,0.5761693859934752
387,8,0.42105263157894735,0.5914435373785497
387,9,0.47368421052631576,0.5770580505328692
387,10,0.5263157894736842,0.5056437417007397
387,11,0.5789473684210527,0.59271220333586
387,12,0.631578947368421,0.5136886606899458
387,13,0.6842105263157894,0.47913445340606164
387,14,0.7368421052631579,0.47563720246400976
387,15,0.7894736842105263,0.5476182131432784
387,16,0.8421052631578947,0.44604358020906765
387,17,0.894736842105263,0.5329410450020611
387,18,0.9473684210526315,0.5396014891593601
387,19,1.0,0.37966418678342256
388,0,0.0,0.3964432385246281
388,1,0.05263157894736842,0.5381836572570405
388,2,0.10526315789473684,0.45379986235019787
388,3,0.15789473684210525,0.5235263173434604
388,4,0.21052631578947367,0.5618033604500563
388,5,0.2631578947368421,0.5749560858398013
388,6,0.3157894736842105,0.5247255037648014
388,7,0.3684210526315789,0.42839159218556355
388,8,0.42105263157894735,0.48636418066869797
388,9,0.47368421052631576,0.47725974690818046
388,10,0.5263157894736842,0.5142647178637673
388,11,0.5789473684210527,0.5358848771552485
388,12,0.631578947368421,0.535656311057798
388,13,0.6842105263157894,0.5473600529582342
388,14,0.7368421052631579,0.4863365295520186
388,15,0.7894736842105263,0.5494571665174133
388,16,0.8421052631578947,0.5718806974825638
388,17,0.894736842105263,0.41845866331044007
388,18,0.9473684210526315,0.5903860206703233
388,19,1.0,0.4954348316353765
389,0,0.0,0.53391550957761
389,1,0.05263157894736842,0.549703942413676
389,2,0.10526315789473684,0.5145859891254041
389,3,0.15789473684210525,0.5666540784728532
389,4,0.21052631578947367,0.5045908971309486
389,5,0.2631578947368421,0.4933666291784091
389,6,0.3157894736842105,0.553715414987404
389,7,0.3684210526315789,0.5672499195712277
389,8,0.42105263157894735,0.49735090390896025
389,9,0.47368421052631576,0.5137758614508218
389,10,0.5263157894736842,0.5562733455790434
389,11,0.5789473684210527,0.5053941599923837
389,12,0.631578947368421,0.5132350521896554
389,13,0.6842105263157894,0.478534124732838
389,14,0.7368421052631579,0.5104514733129425
389,15,0.7894736842105263,0.5832686715460607
389,16,0.8421052631578947,0.5067191436551087
389,17,0.894736842105263,0.45381361337587034
389,18,0.9473684210526315,0.4035993620230735
389,19,1.0,0.41641327095154573
390,0,0.0,0.5159267578854131
390,1,0.05263157894736842,0.45304113102520027
390,2,0.10526315789473684,0.43813369006972536
390,3,0.15789473684210525,0.5112308671083243
390,4,0.21052631578947367,0.526223778174218
390,5,0.2631578947368421,0.5271992817672823
390,6,0.3157894736842105,0.7062792396077424
390,7,0.3684210526315789,0.4649950027583835
390,8,0.42105263157894735,0.5580587972384227
390,9,0.47368421052631576,0.44004965557738945
390,10,0.5263157894736842,0.5597257826790262
390,11,0.5789473684210527,0.5400556985969333
390,12,0.631578947368421,0.4380656528025333
390,13,0.6842105263157894,0.6146860725722182
390,14,0.7368421052631579,0.6064682578847753
390,15,0.7894736842105263,0.560473227511035
390,16,0.8421052631578947,0.61009583007322
390,17,0.894736842105263,0.5086701202816095
390,18,0.9473684210526315,0.46434947168801993
390,19,1.0,0.5398974019065008
391,0,0.0,0.4576356386152158
391,1,0.05263157894736842,0.5284998697114999
391,2,0.10526315789473684,0.5067095198326175
391,3,0.15789473684210525,0.5320651929533969
391,4,0.21052631578947367,0.5102611256233431
391,5,0.2631578947368421,0.5583099260409934
391,6,0.3157894736842105,0.5506103504702332
391,7,0.3684210526315789,0.5201046298347957
391,8,0.42105263157894735,0.5179447752550005
391,9,0.47368421052631576,0.5984784277648821
391,10,0.5263157894736842,0.5967279356119869
391,11,0.5789473684210527,0.4604121090540896
391,12,0.631578947368421,0.583785561068749
391,13,0.6842105263157894,0.5318780376592623
391,14,0.7368421052631579,0.6064459796603162
391,15,0.7894736842105263,0.5468153938803008
391,16,0.8421052631578947,0.5572399334068648
391,17,0.894736842105263,0.5831432656834025
391,18,0.9473684210526315,0.5348191452832135
391,19,1.0,0.5779302165495915
392,0,0.0,0.5195436610439274
392,1,0.05263157894736842,0.5987318482222076
392,2,0.10526315789473684,0.5382667075576771
392,3,0.15789473684210525,0.5231466598385178
392,4,0.21052631578947367,0.5000089765324915
392,5,0.2631578947368421,0.5264451196199985
392,6,0.3157894736842105,0.5051646084370144
392,7,0.3684210526315789,0.4888526285071945
392,8,0.42105263157894735,0.46410396162492173
392,9,0.47368421052631576,0.5585390452111535
392,10,0.5263157894736842,0.48281776840741264
392,11,0.5789473684210527,0.4889559284446812
392,12,0.631578947368421,0.5019645111481628
392,13,0.6842105263157894,0.46412972388209556
392,14,0.7368421052631579,0.3532259166760115
392,15,0.7894736842105263,0.3828319315254666
392,16,0.8421052631578947,0.4935087711165821
392,17,0.894736842105263,0.48246014046258473
392,18,0.9473684210526315,0.47481799980038386
392,19,1.0,0.5166714756664803
393,0,0.0,0.5000188484806309
393,1,0.05263157894736842,0.4043552198119705
393,2,0.10526315789473684,0.5000850034526415
393,3,0.15789473684210525,0.3943695242739577
393,4,0.21052631578947367,0.5081532883521175
393,5,0.2631578947368421,0.4453558073533009
393,6,0.3157894736842105,0.41138772394577483
393,7,0.3684210526315789,0.5020181157374319
393,8,0.42105263157894735,0.44475005911682164
393,9,0.47368421052631576,0.48312643810809575
393,10,0.5263157894736842,0.3785473628608146
393,11,0.5789473684210527,0.4517153500168823
393,12,0.631578947368421,0.4475224110259686
393,13,0.6842105263157894,0.45361138509880694
393,14,0.7368421052631579,0.47822779050530695
393,15,0.7894736842105263,0.5776795668747399
393,16,0.8421052631578947,0.5388924722589329
393,17,0.894736842105263,0.5709665746501078
393,18,0.9473684210526315,0.5161062868127505
393,19,1.0,0.44715923833978066
394,0,0.0,0.5760812474519159
394,1,0.05263157894736842,0.4493094525118134
394,2,0.10526315789473684,0.5270254421887183
394,3,0.15789473684210525,0.5135610833727308
394,4,0.21052631578947367,0.5750392316411477
394,5,0.2631578947368421,0.5066727670948931
394,6,0.3157894736842105,0.5241420395112308
394,7,0.3684210526315789,0.5866171082082507
394,8,0.42105263157894735,0.5840988966249323
394,9,0.47368421052631576,0.5869567322908336
394,10,0.5263157894736842,0.5608224332262167
394,11,0.5789473684210527,0.5615671177900373
394,12,0.631578947368421,0.5827527464921244
394,13,0.6842105263157894,0.49554786422477826
394,14,0.7368421052631579,0.5244729695141173
394,15,0.7894736842105263,0.49645786531082553
394,16,0.8421052631578947,0.5203787128579154
394,17,0.894736842105263,0.5797636919873327
394,18,0.9473684210526315,0.5273460891371492
394,19,1.0,0.5233719544962642
395,0,0.0,0.41083399914045043
395,1,0.05263157894736842,0.4357766178892617
395,2,0.10526315789473684,0.42452475790442407
395,3,0.15789473684210525,0.4160655367051574
395,4,0.21052631578947367,0.4492949765761278
395,5,0.2631578947368421,0.40178810256297137
395,6,0.3157894736842105,0.4135446411583292
395,7,0.3684210526315789,0.4382379895760077
395,8,0.42105263157894735,0.4194804583006647
395,9,0.47368421052631576,0.4845834536371691
395,10,0.5263157894736842,0.4635550043817229
395,11,0.5789473684210527,0.43416308218227434
395,12,0.631578947368421,0.5066713542559745
395,13,0.6842105263157894,0.3890355224074906
395,14,0.7368421052631579,0.4464957443003324
395,15,0.7894736842105263,0.419494433125625
395,16,0.8421052631578947,0.4810484569806062
395,17,0.894736842105263,0.4575206338428353
395,18,0.9473684210526315,0.45810728070496376
395,19,1.0,0.5315755351662602
396,0,0.0,0.5427685430310565
396,1,0.05263157894736842,0.48444278688739106
396,2,0.10526315789473684,0.4619597442083533
396,3,0.15789473684210525,0.5120345446762216
396,4,0.21052631578947367,0.46931961777917447
396,5,0.2631578947368421,0.5075677578053578
396,6,0.3157894736842105,0.370272434815512
396,7,0.3684210526315789,0.437424335193409
396,8,0.42105263157894735,0.44993247755830007
396,9,0.47368421052631576,0.37871973315683227
396,10,0.5263157894736842,0.4966712475212585
396,11,0.5789473684210527,0.5420157848376664
396,12,0.631578947368421,0.41385198834023573
396,13,0.6842105263157894,0.48457311450181
396,14,0.7368421052631579,0.4623494019143265
396,15,0.7894736842105263,0.5840151099144065
396,16,0.8421052631578947,0.4974250107231337
396,17,0.894736842105263,0.5492981782014824
396,18,0.9473684210526315,0.5483838465499214
396,19,1.0,0.5011865847473691
397,0,0.0,0.4667214862269291
397,1,0.05263157894736842,0.5568659216911918
397,2,0.10526315789473684,0.5101012171858335
397,3,0.15789473684210525,0.55337326313093
397,4,0.21052631578947367,0.5957690167941866
397,5,0.2631578947368421,0.5602922249706125
397,6,0.3157894736842105,0.6400151766432811
397,7,0.3684210526315789,0.6239985041542842
397,8,0.42105263157894735,0.5797201210114933
397,9,0.47368421052631576,0.5673578308011877
397,10,0.5263157894736842,0.5970003373402456
397,11,0.5789473684210527,0.4903943344424611
397,12,0.631578947368421,0.5577700314303762
397,13,0.6842105263157894,0.6484731192166492
397,14,0.7368421052631579,0.505563544428953
397,15,0.7894736842105263,0.5375458553736029
397,16,0.8421052631578947,0.493341764049554
397,17,0.894736842105263,0.4666912631403342
397,18,0.9473684210526315,0.419578683294632
397,19,1.0,0.4099937372627983
398,0,0.0,0.37327580188925724
398,1,0.05263157894736842,0.4547486676566742
398,2,0.10526315789473684,0.46745685796283576
398,3,0.15789473684210525,0.5332382359353334
398,4,0.21052631578947367,0.4637186147211309
398,5,0.2631578947368421,0.6415331281781398
398,6,0.3157894736842105,0.45471577705787397
398,7,0.3684210526315789,0.4736014417252427
398,8,0.42105263157894735,0.4768426921736133
398,9,0.47368421052631576,0.5598168000862931
398,10,0.5263157894736842,0.4746215031424064
398,11,0.5789473684210527,0.5225175897813447
398,12,0.631578947368421,0.6369747189541961
398,13,0.6842105263157894,0.5059867460252903
398,14,0.7368421052631579,0.563527595097366
398,15,0.7894736842105263,0.551130751928761
398,16,0.8421052631578947,0.6158471359945077
398,17,0.894736842105263,0.5527308430370589
398,18,0.9473684210526315,0.511324189825672
398,19,1.0,0.4927732941094411
399,0,0.0,0.4930993187932947
399,1,0.05263157894736842,0.5311075401256994
399,2,0.10526315789473684,0.47633266729322515
399,3,0.15789473684210525,0.5231248630352887
399,4,0.21052631578947367,0.6063470327777574
399,5,0.2631578947368421,0.5924595309680446
399,6,0.3157894736842105,0.5909181756255932
399,7,0.3684210526315789,0.5951072647610451
399,8,0.42105263157894735,0.5932459120280313
399,9,0.47368421052631576,0.5566459784973612
399,10,0.5263157894736842,0.5089386993313886
399,11,0.5789473684210527,0.5012603806214225
399,12,0.631578947368421,0.5008884636782146
399,13,0.6842105263157894,0.43711161745732763
399,14,0.7368421052631579,0.4983813249775686
399,15,0.7894736842105263,0.4813895165792503
399,16,0.8421052631578947,0.496566697235758
399,17,0.894736842105263,0.46444882641836116
399,18,0.9473684210526315,0.501106320788814
399,19,1.0,0.4779972272263239
400,0,0.0,0.5515575107295299
400,1,0.05263157894736842,0.5620129397110349
400,2,0.10526315789473684,0.5025970307113461
400,3,0.15789473684210525,0.5424617183836511
400,4,0.21052631578947367,0.6658352706733405
400,5,0.2631578947368421,0.45755827043521363
400,6,0.3157894736842105,0.4506480094905371
400,7,0.3684210526315789,0.4026715776885471
400,8,0.42105263157894735,0.39392454698919305
400,9,0.47368421052631576,0.361930744696432
400,10,0.5263157894736842,0.4918421209877089
400,11,0.5789473684210527,0.44357020486748217
400,12,0.631578947368421,0.47822985781484495
400,13,0.6842105263157894,0.45324396034342285
400,14,0.7368421052631579,0.40998412478393087
400,15,0.7894736842105263,0.4699887304322704
400,16,0.8421052631578947,0.5362507919604739
400,17,0.894736842105263,0.4439822496969946
400,18,0.9473684210526315,0.4849293732214695
400,19,1.0,0.5399784680605163
401,0,0.0,0.5381631070486887
401,1,0.05263157894736842,0.5170780071106963
401,2,0.10526315789473684,0.5244952967751194
401,3,0.15789473684210525,0.48004306483240694
401,4,0.21052631578947367,0.4257061697794188
401,5,0.2631578947368421,0.4658443225325988
401,6,0.3157894736842105,0.3531385684470364
401,7,0.3684210526315789,0.5214389299057757
401,8,0.42105263157894735,0.5397437859836972
401,9,0.47368421052631576,0.4190318995098162
401,10,0.5263157894736842,0.46071528352400287
401,11,0.5789473684210527,0.45109799482686924
401,12,0.631578947368421,0.4221574713497058
401,13,0.6842105263157894,0.4969685685775191
401,14,0.7368421052631579,0.5592984289785692
401,15,0.7894736842105263,0.4868227924710712
401,16,0.8421052631578947,0.4408706128564002
401,17,0.894736842105263,0.4828411625108595
401,18,0.9473684210526315,0.446352491430549
401,19,1.0,0.5944834931441179
402,0,0.0,0.543910099879221
402,1,0.05263157894736842,0.5392972855719663
402,2,0.10526315789473684,0.5106517904596828
402,3,0.15789473684210525,0.3806538031268008
402,4,0.21052631578947367,0.4894557515958191
402,5,0.2631578947368421,0.5342297221772123
402,6,0.3157894736842105,0.5165905568917027
402,7,0.3684210526315789,0.49947670237702446
402,8,0.42105263157894735,0.5008095848480606
402,9,0.47368421052631576,0.5827942672403216
402,10,0.5263157894736842,0.5057625700824538
402,11,0.5789473684210527,0.6306295881506813
402,12,0.631578947368421,0.5860661090392896
402,13,0.6842105263157894,0.5481358733402679
402,14,0.7368421052631579,0.6456469607142157
402,15,0.7894736842105263,0.596032876478707
402,16,0.8421052631578947,0.5338371978654063
402,17,0.894736842105263,0.6414933142082366
402,18,0.9473684210526315,0.5216793429983391
402,19,1.0,0.5824600614844457
403,0,0.0,0.40594472516020264
403,1,0.05263157894736842,0.45297192503621514
403,2,0.10526315789473684,0.4788478845064772
403,3,0.15789473684210525,0.46584886535989956
403,4,0.21052631578947367,0.453048154199408
403,5,0.2631578947368421,0.5196527218444199
403,6,0.3157894736842105,0.4730562824803557
403,7,0.3684210526315789,0.5496332072464616
403,8,0.42105263157894735,0.44291051433093903
403,9,0.47368421052631576,0.4300473891783599
403,10,0.5263157894736842,0.42968611646621974
403,11,0.5789473684210527,0.5411011620379327
403,12,0.631578947368421,0.5235869532450532
403,13,0.6842105263157894,0.46833122843215297
403,14,0.7368421052631579,0.4647178080067789
403,15,0.7894736842105263,0.5135447400879242
403,16,0.8421052631578947,0.5429281272453675
403,17,0.894736842105263,0.5619653928046799
403,18,0.9473684210526315,0.5758628672096218
403,19,1.0,0.5482966107642527
404,0,0.0,0.44433533814372134
404,1,0.05263157894736842,0.447076558339049
404,2,0.10526315789473684,0.48017707438179213
404,3,0.15789473684210525,0.43287487665783514
404,4,0.21052631578947367,0.4218748811528173
404,5,0.2631578947368421,0.4901758718050861
404,6,0.3157894736842105,0.41597796317600894
404,7,0.3684210526315789,0.4560153751857608
404,8,0.42105263157894735,0.3947375848969786
404,9,0.47368421052631576,0.38246761092849557
404,10,0.5263157894736842,0.47085804309549384
404,11,0.5789473684210527,0.4325694205806038
404,12,0.631578947368421,0.4136899590817306
404,13,0.6842105263157894,0.4986041159716563
404,14,0.7368421052631579,0.3469228963543942
404,15,0.7894736842105263,0.4847838180449747
404,16,0.8421052631578947,0.465322750767489
404,17,0.894736842105263,0.5978032885882727
404,18,0.9473684210526315,0.38360180147674366
404,19,1.0,0.46906314239746366
405,0,0.0,0.4516843090680876
405,1,0.05263157894736842,0.5283244166928279
405,2,0.10526315789473684,0.4808023458643817
405,3,0.15789473684210525,0.4078596430274549
405,4,0.21052631578947367,0.49407284356270326
405,5,0.2631578947368421,0.4715950943623241
405,6,0.3157894736842105,0.48467955502012916
405,7,0.3684210526315789,0.5301831111598797
405,8,0.42105263157894735,0.4955888306196855
405,9,0.47368421052631576,0.3806753672829616
405,10,0.5263157894736842,0.4944832946333813
405,11,0.5789473684210527,0.47759201054238076
405,12,0.631578947368421,0.4466814608825508
405,13,0.6842105263157894,0.47191183668421227
405,14,0.7368421052631579,0.48664505648202605
405,15,0.7894736842105263,0.5196887947739707
405,16,0.8421052631578947,0.4840367999977572
405,17,0.894736842105263,0.5447720656952026
405,18,0.9473684210526315,0.4687772965675962
405,19,1.0,0.5639722602073386
406,0,0.0,0.36211916363201846
406,1,0.05263157894736842,0.5198985123842872
406,2,0.10526315789473684,0.43170357147839966
406,3,0.15789473684210525,0.502374518526395
406,4,0.21052631578947367,0.3825297346789289
406,5,0.2631578947368421,0.42682978872836247
406,6,0.3157894736842105,0.46131226855902263
406,7,0.3684210526315789,0.5104809458896046
406,8,0.42105263157894735,0.45906039068030585
406,9,0.47368421052631576,0.5276496582436997
406,10,0.5263157894736842,0.5310309184703333
406,11,0.5789473684210527,0.5229188565273793
406,12,0.631578947368421,0.4787763694300347
406,13,0.6842105263157894,0.5346124949904856
406,14,0.7368421052631579,0.6265821849984254
406,15,0.7894736842105263,0.5251787445487484
406,16,0.8421052631578947,0.5396287354102217
406,17,0.894736842105263,0.5840203664209922
406,18,0.9473684210526315,0.4582128854671088
406,19,1.0,0.4880587626402795
407,0,0.0,0.3706144431310206
407,1,0.05263157894736842,0.4589043357275704
407,2,0.10526315789473684,0.421522813399541
407,3,0.15789473684210525,0.48634109806239845
407,4,0.21052631578947367,0.4039212993442994
407,5,0.2631578947368421,0.48574281183507423
407,6,0.3157894736842105,0.5135719982040264
407,7,0.3684210526315789,0.44050442393958256
407,8,0.42105263157894735,0.5204957414376904
407,9,0.47368421052631576,0.4668576760589703
407,10,0.5263157894736842,0.4624970576454608
407,11,0.5789473684210527,0.583711183885958
407,12,0.631578947368421,0.5528226787158554
407,13,0.6842105263157894,0.5124712925556257
407,14,0.7368421052631579,0.536355093164144
407,15,0.7894736842105263,0.4555822161463693
407,16,0.8421052631578947,0.5751762959016206
407,17,0.894736842105263,0.61686275565651
407,18,0.9473684210526315,0.6055714213024815
407,19,1.0,0.560006751032381
408,0,0.0,0.41820617695886125
408,1,0.05263157894736842,0.3780147372688015
408,2,0.10526315789473684,0.40061437652265836
408,3,0.15789473684210525,0.5407142972036235
408,4,0.21052631578947367,0.45955958600792585
408,5,0.2631578947368421,0.3965597282850163
408,6,0.3157894736842105,0.40912495387936476
408,7,0.3684210526315789,0.4241226690957667
408,8,0.42105263157894735,0.47446088115093277
408,9,0.47368421052631576,0.5630388860575373
408,10,0.5263157894736842,0.4817718579312701
408,11,0.5789473684210527,0.4352351586482137
408,12,0.631578947368421,0.5949732266628952
408,13,0.6842105263157894,0.5343985709787655
408,14,0.7368421052631579,0.4850119260812545
408,15,0.7894736842105263,0.512411546761062
408,16,0.8421052631578947,0.5153078768798657
408,17,0.894736842105263,0.6036762674068944
408,18,0.9473684210526315,0.5863270456587515
408,19,1.0,0.5718124169866279
409,0,0.0,0.5892163608277882
409,1,0.05263157894736842,0.601646137658427
409,2,0.10526315789473684,0.6583520263020439
409,3,0.15789473684210525,0.5502048790616028
409,4,0.21052631578947367,0.5416712358852097
409,5,0.2631578947368421,0.5802802306047918
409,6,0.3157894736842105,0.533561645095932
409,7,0.3684210526315789,0.6107701324827388
409,8,0.42105263157894735,0.486404746870976
409,9,0.47368421052631576,0.43992235056941786
409,10,0.5263157894736842,0.5662743560124381
409,11,0.5789473684210527,0.5844043212275981
409,12,0.631578947368421,0.46231365539938307
409,13,0.6842105263157894,0.5308896484026089
409,14,0.7368421052631579,0.506931920041481
409,15,0.7894736842105263,0.520506470176692
409,16,0.8421052631578947,0.4842434909148566
409,17,0.894736842105263,0.5124044616004669
409,18,0.9473684210526315,0.45556586155795725
409,19,1.0,0.49268421753270464
410,0,0.0,0.39144368121756334
410,1,0.05263157894736842,0.38710680522904906
410,2,0.10526315789473684,0.4443987079644506
410,3,0.15789473684210525,0.40687224412912065
410,4,0.21052631578947367,0.3927469763257083
410,5,0.2631578947368421,0.3735083480160659
410,6,0.3157894736842105,0.394384105276132
410,7,0.3684210526315789,0.3734610953142551
410,8,0.42105263157894735,0.4611469701027337
410,9,0.47368421052631576,0.3385191518304341
410,10,0.5263157894736842,0.45758231196024446
410,11,0.5789473684210527,0.4831378666865156
410,12,0.631578947368421,0.3641804440108842
410,13,0.6842105263157894,0.3973272877240228
410,14,0.7368421052631579,0.4127813027294068
410,15,0.7894736842105263,0.43584279481247795
410,16,0.8421052631578947,0.47489476926390084
410,17,0.894736842105263,0.5079120758216981
410,18,0.9473684210526315,0.42623788222672226
410,19,1.0,0.4549599057256452
411,0,0.0,0.5485747284357151
411,1,0.05263157894736842,0.7313162357833662
411,2,0.10526315789473684,0.5200193800090767
411,3,0.15789473684210525,0.5302509079956174
411,4,0.21052631578947367,0.5355390942277947
411,5,0.2631578947368421,0.5450339553989696
411,6,0.3157894736842105,0.5739536766277991
411,7,0.3684210526315789,0.5898623125690245
411,8,0.42105263157894735,0.5235141878372063
411,9,0.47368421052631576,0.4951735783380011
411,10,0.5263157894736842,0.45952239172770637
411,11,0.5789473684210527,0.4189236351229272
411,12,0.631578947368421,0.49920359032593786
411,13,0.6842105263157894,0.5026981024543108
411,14,0.7368421052631579,0.48066487316550766
411,15,0.7894736842105263,0.4933433865183576
411,16,0.8421052631578947,0.5471712828625976
411,17,0.894736842105263,0.39875162884665444
411,18,0.9473684210526315,0.5435082701141364
411,19,1.0,0.43589900428304906
412,0,0.0,0.5637367887382781
412,1,0.05263157894736842,0.4752288760700143
412,2,0.10526315789473684,0.574441133457469
412,3,0.15789473684210525,0.5664612952532827
412,4,0.21052631578947367,0.5205599394299275
412,5,0.2631578947368421,0.4371907418622466
412,6,0.3157894736842105,0.5937134233242956
412,7,0.3684210526315789,0.525524123564131
412,8,0.42105263157894735,0.4846749993720657
412,9,0.47368421052631576,0.5625016661275705
412,10,0.5263157894736842,0.5846982255468729
412,11,0.5789473684210527,0.5549010188305428
412,12,0.631578947368421,0.5071819632382043
412,13,0.6842105263157894,0.5446127723658462
412,14,0.7368421052631579,0.5310021940321961
412,15,0.7894736842105263,0.5288034622438835
412,16,0.8421052631578947,0.5966999746994044
412,17,0.894736842105263,0.5022142319992552
412,18,0.9473684210526315,0.6404205259741155
412,19,1.0,0.5630288677264184
413,0,0.0,0.634233068388437
413,1,0.05263157894736842,0.563949959512359
413,2,0.10526315789473684,0.4569343449986618
413,3,0.15789473684210525,0.5535140626899552
413,4,0.21052631578947367,0.564610602625529
413,5,0.2631578947368421,0.5777352764961685
413,6,0.3157894736842105,0.5613283724417965
413,7,0.3684210526315789,0.638423504447677
413,8,0.42105263157894735,0.568437014950125
413,9,0.47368421052631576,0.6309206718462772
413,10,0.5263157894736842,0.5352008634567831
413,11,0.5789473684210527,0.5665840402622588
413,12,0.631578947368421,0.5772905529446577
413,13,0.6842105263157894,0.5546064667209883
413,14,0.7368421052631579,0.511666146147942
413,15,0.7894736842105263,0.6255083316191254
413,16,0.8421052631578947,0.5584973375097888
413,17,0.894736842105263,0.536043841545528
413,18,0.9473684210526315,0.5088190600660388
413,19,1.0,0.5342490734204458
414,0,0.0,0.3893538146575106
414,1,0.05263157894736842,0.41603863373290806
414,2,0.10526315789473684,0.3908068437962718
414,3,0.15789473684210525,0.3558042738963517
414,4,0.21052631578947367,0.41331009234223914
414,5,0.2631578947368421,0.47087420311118977
414,6,0.3157894736842105,0.5122437609693863
414,7,0.3684210526315789,0.568795291325304
414,8,0.42105263157894735,0.49804024155771165
414,9,0.47368421052631576,0.4798042517952734
414,10,0.5263157894736842,0.44342387726645227
414,11,0.5789473684210527,0.47239895444943114
414,12,0.631578947368421,0.49129657383968844
414,13,0.6842105263157894,0.5810107627711568
414,14,0.7368421052631579,0.5276666185904991
414,15,0.7894736842105263,0.525123970064463
414,16,0.8421052631578947,0.5558046878843029
414,17,0.894736842105263,0.5397130527502608
414,18,0.9473684210526315,0.5838300891845665
414,19,1.0,0.5210876768590011
415,0,0.0,0.4700614107818089
415,1,0.05263157894736842,0.4676967832779704
415,2,0.10526315789473684,0.4531838598907699
415,3,0.15789473684210525,0.5190853761996
415,4,0.21052631578947367,0.5027633084952114
415,5,0.2631578947368421,0.5323017412280716
415,6,0.3157894736842105,0.6149742650655025
415,7,0.3684210526315789,0.5136341010163851
415,8,0.42105263157894735,0.4857776346874739
415,9,0.47368421052631576,0.5879488046544648
415,10,0.5263157894736842,0.6015414100931553
415,11,0.5789473684210527,0.6472087708465086
415,12,0.631578947368421,0.6076737980175063
415,13,0.6842105263157894,0.5834828249386846
415,14,0.7368421052631579,0.5278478685613927
415,15,0.7894736842105263,0.5282540084076756
415,16,0.8421052631578947,0.5787489527771693
415,17,0.894736842105263,0.5282421817848549
415,18,0.9473684210526315,0.5694871793283808
415,19,1.0,0.5111912001132828
416,0,0.0,0.4821469539961266
416,1,0.05263157894736842,0.5023899286878744
416,2,0.10526315789473684,0.5052878692486636
416,3,0.15789473684210525,0.4013983071249798
416,4,0.21052631578947367,0.5118071998643628
416,5,0.2631578947368421,0.42746622731049044
416,6,0.3157894736842105,0.46786409917532806
416,7,0.3684210526315789,0.5614934661583666
416,8,0.42105263157894735,0.4152237664643867
416,9,0.47368421052631576,0.49031553242351195
416,10,0.5263157894736842,0.45248141767531297
416,11,0.5789473684210527,0.4483415238742185
416,12,0.631578947368421,0.49250265558911444
416,13,0.6842105263157894,0.4444115136181094
416,14,0.7368421052631579,0.5522346511563043
416,15,0.7894736842105263,0.49995473895405806
416,16,0.8421052631578947,0.4981635085534436
416,17,0.894736842105263,0.49385330109589726
416,18,0.9473684210526315,0.4863243108973255
416,19,1.0,0.5910982788418189
417,0,0.0,0.4459642701409462
417,1,0.05263157894736842,0.4246523237676094
417,2,0.10526315789473684,0.429401987066789
417,3,0.15789473684210525,0.5710707844857807
417,4,0.21052631578947367,0.5395601238713781
417,5,0.2631578947368421,0.47459241148090714
417,6,0.3157894736842105,0.4757641675085065
417,7,0.3684210526315789,0.4968141491509114
417,8,0.42105263157894735,0.48821501514190413
417,9,0.47368421052631576,0.3645849676471911
417,10,0.5263157894736842,0.47710501624808427
417,11,0.5789473684210527,0.4641912990047015
417,12,0.631578947368421,0.44251226662347926
417,13,0.6842105263157894,0.353417028135795
417,14,0.7368421052631579,0.37809580421145184
417,15,0.7894736842105263,0.4038126901992453
417,16,0.8421052631578947,0.4270664233037096
417,17,0.894736842105263,0.413077546213293
417,18,0.9473684210526315,0.4286568355577066
417,19,1.0,0.48390362026630535
418,0,0.0,0.46094957408380327
418,1,0.05263157894736842,0.3757695221059517
418,2,0.10526315789473684,0.5353212358163543
418,3,0.15789473684210525,0.5090612972075289
418,4,0.21052631578947367,0.45361442279083797
418,5,0.2631578947368421,0.5765486896286075
418,6,0.3157894736842105,0.5126600641225992
418,7,0.3684210526315789,0.546847998683494
418,8,0.42105263157894735,0.46145588049714836
418,9,0.47368421052631576,0.5991646180630142
418,10,0.5263157894736842,0.537214840883709
418,11,0.5789473684210527,0.6146647302641024
418,12,0.631578947368421,0.5716064490071358
418,13,0.6842105263157894,0.5185949346566773
418,14,0.7368421052631579,0.516469860127395
418,15,0.7894736842105263,0.5527715479746595
418,16,0.8421052631578947,0.5114513454486479
418,17,0.894736842105263,0.5164424891288167
418,18,0.9473684210526315,0.49739753295683614
418,19,1.0,0.4125128832997066
419,0,0.0,0.47798250733264835
419,1,0.05263157894736842,0.4213262721854275
419,2,0.10526315789473684,0.38857000838295586
419,3,0.15789473684210525,0.41395420808164385
419,4,0.21052631578947367,0.43089573544052323
419,5,0.2631578947368421,0.46632839789013336
419,6,0.3157894736842105,0.45403683531679484
419,7,0.3684210526315789,0.5321026606444573
419,8,0.42105263157894735,0.5180388206418777
419,9,0.47368421052631576,0.4669204492095683
419,10,0.5263157894736842,0.527198090753646
419,11,0.5789473684210527,0.5013767381824561
419,12,0.631578947368421,0.5331227588733677
419,13,0.6842105263157894,0.5408597631923302
419,14,0.7368421052631579,0.506466917313245
419,15,0.7894736842105263,0.5810005498999076
419,16,0.8421052631578947,0.49832103142631007
419,17,0.894736842105263,0.6012860053404528
419,18,0.9473684210526315,0.5498336168083687
419,19,1.0,0.5676242849035265
420,0,0.0,0.47678672280276435
420,1,0.05263157894736842,0.5567837500884387
420,2,0.10526315789473684,0.5562062403479124
420,3,0.15789473684210525,0.451106448882528
420,4,0.21052631578947367,0.5498713962598935
420,5,0.2631578947368421,0.515843833652585
420,6,0.3157894736842105,0.49724502738056625
420,7,0.3684210526315789,0.42756375373056016
420,8,0.42105263157894735,0.3318130175748537
420,9,0.47368421052631576,0.47026223331941347
420,10,0.5263157894736842,0.47582223010398855
420,11,0.5789473684210527,0.4281960601167289
420,12,0.631578947368421,0.40872794373638743
420,13,0.6842105263157894,0.45768858635176524
420,14,0.7368421052631579,0.4098921463138981
420,15,0.7894736842105263,0.563057077946573
420,16,0.8421052631578947,0.5359788524768371
420,17,0.894736842105263,0.5157288931521639
420,18,0.9473684210526315,0.48564154579753094
420,19,1.0,0.6316320284788558
421,0,0.0,0.5609867938255798
421,1,0.05263157894736842,0.656344653536973
421,2,0.10526315789473684,0.5539645766931005
421,3,0.15789473684210525,0.512173473939679
421,4,0.21052631578947367,0.606620587581319
421,5,0.2631578947368421,0.4751163063900537
421,6,0.3157894736842105,0.5502573097621025
421,7,0.3684210526315789,0.5039796287279303
421,8,0.42105263157894735,0.434294587406023
421,9,0.47368421052631576,0.586474870512561
421,10,0.5263157894736842,0.5430142565843504
421,11,0.5789473684210527,0.473234608498862
421,12,0.631578947368421,0.5079140420819619
421,13,0.6842105263157894,0.5933944003754605
421,14,0.7368421052631579,0.5552013034541081
421,15,0.7894736842105263,0.4788692879963072
421,16,0.8421052631578947,0.4318613769394926
421,17,0.894736842105263,0.5328110124640588
421,18,0.9473684210526315,0.4090389403859189
421,19,1.0,0.40440281932497657
422,0,0.0,0.5948658065025544
422,1,0.05263157894736842,0.4742649157166513
422,2,0.10526315789473684,0.5061187358502341
422,3,0.15789473684210525,0.5461099768889178
422,4,0.21052631578947367,0.46472523833308615
422,5,0.2631578947368421,0.5087794188255492
422,6,0.3157894736842105,0.5480519538141405
422,7,0.3684210526315789,0.635676125936903
422,8,0.42105263157894735,0.5664740701843736
422,9,0.47368421052631576,0.5932729521279184
422,10,0.5263157894736842,0.5488858794050672
422,11,0.5789473684210527,0.6058448067234966
422,12,0.631578947368421,0.5836015163641324
422,13,0.6842105263157894,0.6167670870483253
422,14,0.7368421052631579,0.6037375499599901
422,15,0.7894736842105263,0.5940889852973705
422,16,0.8421052631578947,0.6533449023270872
422,17,0.894736842105263,0.46851935879048223
422,18,0.9473684210526315,0.5751052516612026
422,19,1.0,0.5295571436793801
423,0,0.0,0.48085256032356133
423,1,0.05263157894736842,0.46917082471335747
423,2,0.10526315789473684,0.4371679741417535
423,3,0.15789473684210525,0.44752181689527615
423,4,0.21052631578947367,0.4299615370447365
423,5,0.2631578947368421,0.45364432263927806
423,6,0.3157894736842105,0.436052654421967
423,7,0.3684210526315789,0.5626413135945247
423,8,0.42105263157894735,0.5335021425219117
423,9,0.47368421052631576,0.49919905039023243
423,10,0.5263157894736842,0.4280053494373445
423,11,0.5789473684210527,0.5308090544899581
423,12,0.631578947368421,0.48599991731633474
423,13,0.6842105263157894,0.4392616266934925
423,14,0.7368421052631579,0.423547428777349
423,15,0.7894736842105263,0.5009724812032275
423,16,0.8421052631578947,0.48717678279743665
423,17,0.894736842105263,0.5599715079957411
423,18,0.9473684210526315,0.5691459505592062
423,19,1.0,0.49029685817084645
424,0,0.0,0.6172329548078209
424,1,0.05263157894736842,0.5168911038225772
424,2,0.10526315789473684,0.5062579203403811
424,3,0.15789473684210525,0.491628057802838
424,4,0.21052631578947367,0.536605782534277
424,5,0.2631578947368421,0.4820449125052688
424,6,0.3157894736842105,0.4852501396627922
424,7,0.3684210526315789,0.45207968654098873
424,8,0.42105263157894735,0.4817093671386261
424,9,0.47368421052631576,0.41425308353121865
424,10,0.5263157894736842,0.4325266343591823
424,11,0.5789473684210527,0.43734994383078685
424,12,0.631578947368421,0.4846177485576093
424,13,0.6842105263157894,0.42715536882006666
424,14,0.7368421052631579,0.3872170332149
424,15,0.7894736842105263,0.4986171127546405
424,16,0.8421052631578947,0.4257787887067297
424,17,0.894736842105263,0.5015904783043429
424,18,0.9473684210526315,0.49591434459777894
424,19,1.0,0.5298762255925491
425,0,0.0,0.6417139841476553
425,1,0.05263157894736842,0.5432232104396585
425,2,0.10526315789473684,0.5201709903247557
425,3,0.15789473684210525,0.4584171337197068
425,4,0.21052631578947367,0.4826399940479797
425,5,0.2631578947368421,0.5074017496881524
425,6,0.3157894736842105,0.4659060433379879
425,7,0.3684210526315789,0.46970543731991976
425,8,0.42105263157894735,0.422743494636028
425,9,0.47368421052631576,0.4678467062509535
425,10,0.5263157894736842,0.37944301444640705
425,11,0.5789473684210527,0.42579243190950467
425,12,0.631578947368421,0.5125384796583795
425,13,0.6842105263157894,0.4619312743712805
425,14,0.7368421052631579,0.49716311959557913
425,15,0.7894736842105263,0.5149730910183341
425,16,0.8421052631578947,0.49788808841407683
425,17,0.894736842105263,0.5003513555601795
425,18,0.9473684210526315,0.550294631629659
425,19,1.0,0.47542045576337577
426,0,0.0,0.46811993035459637
426,1,0.05263157894736842,0.3348526024046437
426,2,0.10526315789473684,0.4257001141594651
426,3,0.15789473684210525,0.38038879602338954
426,4,0.21052631578947367,0.4531970652499722
426,5,0.2631578947368421,0.4376003160955015
426,6,0.3157894736842105,0.43738682193913286
426,7,0.3684210526315789,0.5095138518712472
426,8,0.42105263157894735,0.4248625028180926
426,9,0.47368421052631576,0.45015436664267894
426,10,0.5263157894736842,0.49344134830221337
426,11,0.5789473684210527,0.5269154680861478
426,12,0.631578947368421,0.4831416297635545
426,13,0.6842105263157894,0.5006674625576455
426,14,0.7368421052631579,0.474135550980108
426,15,0.7894736842105263,0.6108011348781217
426,16,0.8421052631578947,0.47860395647566334
426,17,0.894736842105263,0.577919862631194
426,18,0.9473684210526315,0.5026828914321756
426,19,1.0,0.5802851294097433
427,0,0.0,0.5493160859935485
427,1,0.05263157894736842,0.5853401658513648
427,2,0.10526315789473684,0.5112047620392043
427,3,0.15789473684210525,0.49461996821351345
427,4,0.21052631578947367,0.42175727906494426
427,5,0.2631578947368421,0.48211427102407634
427,6,0.3157894736842105,0.549776581215881
427,7,0.3684210526315789,0.5045524005127625
427,8,0.42105263157894735,0.579567044958174
427,9,0.47368421052631576,0.52613340788527
427,10,0.5263157894736842,0.595526336108609
427,11,0.5789473684210527,0.6001291467622452
427,12,0.631578947368421,0.47311797334801187
427,13,0.6842105263157894,0.530641144818956
427,14,0.7368421052631579,0.513208437782254
427,15,0.7894736842105263,0.5475778626428804
427,16,0.8421052631578947,0.5734739930845861
427,17,0.894736842105263,0.519885675372814
427,18,0.9473684210526315,0.4705678341669463
427,19,1.0,0.6220638846611216
428,0,0.0,0.4822987847801206
428,1,0.05263157894736842,0.4274226458239572
428,2,0.10526315789473684,0.4364408307055011
428,3,0.15789473684210525,0.4957628353814431
428,4,0.21052631578947367,0.5176017409840304
428,5,0.2631578947368421,0.3770373720664484
428,6,0.3157894736842105,0.480418114750223
428,7,0.3684210526315789,0.5929951862844416
428,8,0.42105263157894735,0.5764397019388711
428,9,0.47368421052631576,0.4907580742357718
428,10,0.5263157894736842,0.6271614473991591
428,11,0.5789473684210527,0.5394912717912363
428,12,0.631578947368421,0.51030839206598
428,13,0.6842105263157894,0.640677064313891
428,14,0.7368421052631579,0.5726873915102012
428,15,0.7894736842105263,0.5829107825971184
428,16,0.8421052631578947,0.5283985447721294
428,17,0.894736842105263,0.4824824478648151
428,18,0.9473684210526315,0.43070222472394487
428,19,1.0,0.48099618521018395
429,0,0.0,0.43034239757993986
429,1,0.05263157894736842,0.43946945116990366
429,2,0.10526315789473684,0.5060826610291053
429,3,0.15789473684210525,0.5302045145842761
429,4,0.21052631578947367,0.47573218403265627
429,5,0.2631578947368421,0.5582703011166531
429,6,0.3157894736842105,0.5734934384891327
429,7,0.3684210526315789,0.5904355112537438
429,8,0.42105263157894735,0.5880454981776708
429,9,0.47368421052631576,0.5351565064111525
429,10,0.5263157894736842,0.5516188391797869
429,11,0.5789473684210527,0.4526503070940138
429,12,0.631578947368421,0.5329862993906903
429,13,0.6842105263157894,0.5348032754040569
429,14,0.7368421052631579,0.41019489055013225
429,15,0.7894736842105263,0.4624937874363667
429,16,0.8421052631578947,0.3195575426143552
429,17,0.894736842105263,0.459552331380719
429,18,0.9473684210526315,0.5028606894472775
429,19,1.0,0.37277589477851486
430,0,0.0,0.40070725704872395
430,1,0.05263157894736842,0.5168933432981084
430,2,0.10526315789473684,0.5044998960219075
430,3,0.15789473684210525,0.5134270713882708
430,4,0.21052631578947367,0.5069383782451824
430,5,0.2631578947368421,0.4719648970006281
430,6,0.3157894736842105,0.6031080382812687
430,7,0.3684210526315789,0.5060038576613914
430,8,0.42105263157894735,0.482849750855391
430,9,0.47368421052631576,0.4981345016870397
430,10,0.5263157894736842,0.5428861660110604
430,11,0.5789473684210527,0.48469636865461635
430,12,0.631578947368421,0.48311263264025717
430,13,0.6842105263157894,0.5779276938059172
430,14,0.7368421052631579,0.6165689497543382
430,15,0.7894736842105263,0.5916032654962324
430,16,0.8421052631578947,0.5285319800940307
430,17,0.894736842105263,0.5436771072918368
430,18,0.9473684210526315,0.5483065035359211
430,19,1.0,0.5328537491599378
431,0,0.0,0.4803738831031625
431,1,0.05263157894736842,0.4897039020006776
431,2,0.10526315789473684,0.4645796185719005
431,3,0.15789473684210525,0.41928945344879187
431,4,0.21052631578947367,0.47742751277869816
431,5,0.2631578947368421,0.5030266797154553
431,6,0.3157894736842105,0.5033402076071214
431,7,0.3684210526315789,0.547039514891228
431,8,0.42105263157894735,0.4835641412189401
431,9,0.47368421052631576,0.5298362526256062
431,10,0.5263157894736842,0.4403432361436744
431,11,0.5789473684210527,0.5202638894141576
431,12,0.631578947368421,0.5283823979633939
431,13,0.6842105263157894,0.5249955907117749
431,14,0.7368421052631579,0.5160731279952817
431,15,0.7894736842105263,0.5344506588837814
431,16,0.8421052631578947,0.5420076740104146
431,17,0.894736842105263,0.5105198588839668
431,18,0.9473684210526315,0.42599124256387766
431,19,1.0,0.530541363488418
432,0,0.0,0.5015066934357881
432,1,0.05263157894736842,0.5958862672483729
432,2,0.10526315789473684,0.5342977334942348
432,3,0.15789473684210525,0.522337601088068
432,4,0.21052631578947367,0.4633203046584101
432,5,0.2631578947368421,0.4994717051906348
432,6,0.3157894736842105,0.5501765336145571
432,7,0.3684210526315789,0.5574511480382455
432,8,0.42105263157894735,0.6252643227942583
432,9,0.47368421052631576,0.6008419338965842
432,10,0.5263157894736842,0.5009045734120597
432,11,0.5789473684210527,0.4904448764360352
432,12,0.631578947368421,0.5973362613208787
432,13,0.6842105263157894,0.5276939254018073
432,14,0.7368421052631579,0.5013910922495244
432,15,0.7894736842105263,0.46779257615852393
432,16,0.8421052631578947,0.5149871184407497
432,17,0.894736842105263,0.458833357543824
432,18,0.9473684210526315,0.47411721655235584
432,19,1.0,0.5237244225976379
433,0,0.0,0.45572844135103563
433,1,0.05263157894736842,0.4047456196115733
433,2,0.10526315789473684,0.4735882364408903
433,3,0.15789473684210525,0.49969962178552
433,4,0.21052631578947367,0.496854274527819
433,5,0.2631578947368421,0.45128007710654044
433,6,0.3157894736842105,0.4226962771225057
433,7,0.3684210526315789,0.4291839371707664
433,8,0.42105263157894735,0.4160299169309892
433,9,0.47368421052631576,0.4259329286527783
433,10,0.5263157894736842,0.42784626868622694
433,11,0.5789473684210527,0.3596583858188838
433,12,0.631578947368421,0.4130419618454455
433,13,0.6842105263157894,0.45636894120270793
433,14,0.7368421052631579,0.45743052261631223
433,15,0.7894736842105263,0.46720779746603636
433,16,0.8421052631578947,0.38723639543886695
433,17,0.894736842105263,0.5378272847946866
433,18,0.9473684210526315,0.5023750822238685
433,19,1.0,0.4640783508183735
434,0,0.0,0.5263005069610833
434,1,0.05263157894736842,0.5783963186094347
434,2,0.10526315789473684,0.5010254179722929
434,3,0.15789473684210525,0.5440484766726558
434,4,0.21052631578947367,0.5185351864516519
434,5,0.2631578947368421,0.5483486469155484
434,6,0.3157894736842105,0.5553192460126951
434,7,0.3684210526315789,0.6125855120990205
434,8,0.42105263157894735,0.4742283489918127
434,9,0.47368421052631576,0.424965559371313
434,10,0.5263157894736842,0.49759520007874447
434,11,0.5789473684210527,0.410710655557723
434,12,0.631578947368421,0.5009431100412555
434,13,0.6842105263157894,0.4813461701592846
434,14,0.7368421052631579,0.4279274824387089
434,15,0.7894736842105263,0.4671003069325674
434,16,0.8421052631578947,0.4402577083241655
434,17,0.894736842105263,0.4939852925523723
434,18,0.9473684210526315,0.47223868255528906
434,19,1.0,0.4018531797088116
435,0,0.0,0.47010465287413983
435,1,0.05263157894736842,0.45855639498813183
435,2,0.10526315789473684,0.5494710244662077
435,3,0.15789473684210525,0.48208291447654583
435,4,0.21052631578947367,0.43651410595908036
435,5,0.2631578947368421,0.6032205087925386
435,6,0.3157894736842105,0.399166497332567
435,7,0.3684210526315789,0.49202906654497475
435,8,0.42105263157894735,0.48500063130560706
435,9,0.47368421052631576,0.48020748173048844
435,10,0.5263157894736842,0.4558150669858942
435,11,0.5789473684210527,0.43721036353907267
435,12,0.631578947368421,0.49027414720646384
435,13,0.6842105263157894,0.4793781321233764
435,14,0.7368421052631579,0.45805650315287993
435,15,0.7894736842105263,0.4255250437658917
435,16,0.8421052631578947,0.4804938179546878
435,17,0.894736842105263,0.4638655306549528
435,18,0.9473684210526315,0.4450962068044981
435,19,1.0,0.39734762225184206
436,0,0.0,0.4706377305138799
436,1,0.05263157894736842,0.5058141859420177
436,2,0.10526315789473684,0.6352120774016986
436,3,0.15789473684210525,0.4308865895846462
436,4,0.21052631578947367,0.5530048291350355
436,5,0.2631578947368421,0.5545457598454838
436,6,0.3157894736842105,0.598720853612243
436,7,0.3684210526315789,0.5617941771775044
436,8,0.42105263157894735,0.49870787297254693
436,9,0.47368421052631576,0.5781954720557159
436,10,0.5263157894736842,0.46260266401700273
436,11,0.5789473684210527,0.5781277872518011
436,12,0.631578947368421,0.5149488046882044
436,13,0.6842105263157894,0.44594862345956665
436,14,0.7368421052631579,0.5292815804559614
436,15,0.7894736842105263,0.3831451900988679
436,16,0.8421052631578947,0.3681761423137213
436,17,0.894736842105263,0.4728933293721554
436,18,0.9473684210526315,0.5226728136010814
436,19,1.0,0.4710725765353144
437,0,0.0,0.5059196520974668
437,1,0.05263157894736842,0.6189423801890092
437,2,0.10526315789473684,0.5480313589769301
437,3,0.15789473684210525,0.6477752383394548
437,4,0.21052631578947367,0.48500801405161165
437,5,0.2631578947368421,0.5919081933266253
437,6,0.3157894736842105,0.5929798500899179
437,7,0.3684210526315789,0.5781512753196748
437,8,0.42105263157894735,0.556226144551199
437,9,0.47368421052631576,0.4727899632499536
437,10,0.5263157894736842,0.516666784540874
437,11,0.5789473684210527,0.5653898302234892
437,12,0.631578947368421,0.5594090817610746
437,13,0.6842105263157894,0.4575224856424837
437,14,0.7368421052631579,0.4168661808257622
437,15,0.7894736842105263,0.4815477663713708
437,16,0.8421052631578947,0.44795635986872995
437,17,0.894736842105263,0.4589029454254285
437,18,0.9473684210526315,0.4721415726971314
437,19,1.0,0.4601114267159124
438,0,0.0,0.4772413374753307
438,1,0.05263157894736842,0.49561506578494896
438,2,0.10526315789473684,0.5070761913029609
438,3,0.15789473684210525,0.40689760963500693
438,4,0.21052631578947367,0.46586999808549534
438,5,0.2631578947368421,0.49648092387133674
438,6,0.3157894736842105,0.533553544810111
438,7,0.3684210526315789,0.4399010519791666
438,8,0.42105263157894735,0.5005152921458582
438,9,0.47368421052631576,0.41082184892134577
438,10,0.5263157894736842,0.5727396810065286
438,11,0.5789473684210527,0.5282705978132808
438,12,0.631578947368421,0.5111681547037163
438,13,0.6842105263157894,0.5130816019826112
438,14,0.7368421052631579,0.6193222005462772
438,15,0.7894736842105263,0.5346140873860039
438,16,0.8421052631578947,0.5382638793789938
438,17,0.894736842105263,0.47743367442876317
438,18,0.9473684210526315,0.5709834327395947
438,19,1.0,0.5645514491642577
439,0,0.0,0.6172375747368486
439,1,0.05263157894736842,0.49258658088362645
439,2,0.10526315789473684,0.6236736280831653
439,3,0.15789473684210525,0.5873333123215568
439,4,0.21052631578947367,0.5019810166192387
439,5,0.2631578947368421,0.534893479348791
439,6,0.3157894736842105,0.5624368070659436
439,7,0.3684210526315789,0.49812418942727454
439,8,0.42105263157894735,0.4830105488086264
439,9,0.47368421052631576,0.5539566861960519
439,10,0.5263157894736842,0.5217163662224654
439,11,0.5789473684210527,0.5551773663523344
439,12,0.631578947368421,0.4702313549614786
439,13,0.6842105263157894,0.5389656468422247
439,14,0.7368421052631579,0.5565296782119327
439,15,0.7894736842105263,0.4903736050858186
439,16,0.8421052631578947,0.4715773737253206
439,17,0.894736842105263,0.43266094355967755
439,18,0.9473684210526315,0.4668023248181448
439,19,1.0,0.4178405794771096
440,0,0.0,0.5193420186681806
440,1,0.05263157894736842,0.5696864801214325
440,2,0.10526315789473684,0.5143788130484078
440,3,0.15789473684210525,0.5033453103934163
440,4,0.21052631578947367,0.4685141388960312
440,5,0.2631578947368421,0.4046728714502717
440,6,0.3157894736842105,0.4621890424456802
440,7,0.3684210526315789,0.46677255685565233
440,8,0.42105263157894735,0.3790933507409354
440,9,0.47368421052631576,0.4066229167903074
440,10,0.5263157894736842,0.42318379319647714
440,11,0.5789473684210527,0.4876205547695781
440,12,0.631578947368421,0.509997209495944
440,13,0.6842105263157894,0.48400924115235394
440,14,0.7368421052631579,0.4716658175711482
440,15,0.7894736842105263,0.42759206680698797
440,16,0.8421052631578947,0.4972894423805314
440,17,0.894736842105263,0.5435200373714183
440,18,0.9473684210526315,0.5906641376847471
440,19,1.0,0.5817566591424658
441,0,0.0,0.48889171168492296
441,1,0.05263157894736842,0.3939434667035586
441,2,0.10526315789473684,0.4440938768942157
441,3,0.15789473684210525,0.4853538431875155
441,4,0.21052631578947367,0.4374132234358494
441,5,0.2631578947368421,0.5436641788986496
441,6,0.3157894736842105,0.4471508197429583
441,7,0.3684210526315789,0.44161119766384815
441,8,0.42105263157894735,0.43081987846629044
441,9,0.47368421052631576,0.5073760508055656
441,10,0.5263157894736842,0.4800425694626332
441,11,0.5789473684210527,0.42907594579574093
441,12,0.631578947368421,0.5360699293174102
441,13,0.6842105263157894,0.5468752695694303
441,14,0.7368421052631579,0.5104367691978895
441,15,0.7894736842105263,0.5586198508496041
441,16,0.8421052631578947,0.49657751710783954
441,17,0.894736842105263,0.5845534162096244
441,18,0.9473684210526315,0.5349737693087434
441,19,1.0,0.48445777090067843
442,0,0.0,0.36954803662684765
442,1,0.05263157894736842,0.3695335212469144
442,2,0.10526315789473684,0.3547767348001068
442,3,0.15789473684210525,0.4733332750462023
442,4,0.21052631578947367,0.412588801312069
442,5,0.2631578947368421,0.47709074537200336
442,6,0.3157894736842105,0.44634870868008797
442,7,0.3684210526315789,0.4032670962189785
442,8,0.42105263157894735,0.370133514056492
442,9,0.47368421052631576,0.4376676834497986
442,10,0.5263157894736842,0.5036192920253671
442,11,0.5789473684210527,0.5081468674640143
442,12,0.631578947368421,0.39623555630348894
442,13,0.6842105263157894,0.5323783445214484
442,14,0.7368421052631579,0.3713051422633888
442,15,0.7894736842105263,0.4496079561307762
442,16,0.8421052631578947,0.4569964048298481
442,17,0.894736842105263,0.4642833672470153
442,18,0.9473684210526315,0.4521027333463909
442,19,1.0,0.5187979677162938
443,0,0.0,0.5803812069800756
443,1,0.05263157894736842,0.4942402055975313
443,2,0.10526315789473684,0.5533033935041319
443,3,0.15789473684210525,0.5862973800920425
443,4,0.21052631578947367,0.5792977193001458
443,5,0.2631578947368421,0.6155908091281684
443,6,0.3157894736842105,0.5659168395387169
443,7,0.3684210526315789,0.6089826234712545
443,8,0.42105263157894735,0.516993338607526
443,9,0.47368421052631576,0.5441981553984007
443,10,0.5263157894736842,0.522130589711213
443,11,0.5789473684210527,0.4185305727447119
443,12,0.631578947368421,0.5410409595129971
443,13,0.6842105263157894,0.4561227289598712
443,14,0.7368421052631579,0.4419840125221123
443,15,0.7894736842105263,0.4094600737587354
443,16,0.8421052631578947,0.4437405706795765
443,17,0.894736842105263,0.5020208197390931
443,18,0.9473684210526315,0.41104807683675204
443,19,1.0,0.45683772598178124
444,0,0.0,0.42130646040311065
444,1,0.05263157894736842,0.47220272262521945
444,2,0.10526315789473684,0.48970688076075336
444,3,0.15789473684210525,0.44982893413534714
444,4,0.21052631578947367,0.5759477122762126
444,5,0.2631578947368421,0.49026170833255645
444,6,0.3157894736842105,0.6413175780726539
444,7,0.3684210526315789,0.5307327211445325
444,8,0.42105263157894735,0.5958400010272462
444,9,0.47368421052631576,0.48111124468004796
444,10,0.5263157894736842,0.4954213013560758
444,11,0.5789473684210527,0.5973278916613554
444,12,0.631578947368421,0.5129185268569816
444,13,0.6842105263157894,0.5583419313546047
444,14,0.7368421052631579,0.5783984389491189
444,15,0.7894736842105263,0.5375054314388638
444,16,0.8421052631578947,0.520720363007151
444,17,0.894736842105263,0.3934436774061946
444,18,0.9473684210526315,0.43887185401057016
444,19,1.0,0.49536635589586464
445,0,0.0,0.5451676448494747
445,1,0.05263157894736842,0.509301884666277
445,2,0.10526315789473684,0.46073968886655736
445,3,0.15789473684210525,0.49315498959578
445,4,0.21052631578947367,0.47906027146522845
445,5,0.2631578947368421,0.43789368632307346
445,6,0.3157894736842105,0.45142658376717887
445,7,0.3684210526315789,0.4335446031474808
445,8,0.42105263157894735,0.4441908038590763
445,9,0.47368421052631576,0.423629305046968
445,10,0.5263157894736842,0.5080489522439784
445,11,0.5789473684210527,0.4469460526046374
445,12,0.631578947368421,0.4982514767274969
445,13,0.6842105263157894,0.46887309740506417
445,14,0.7368421052631579,0.5405801019086618
445,15,0.7894736842105263,0.45525687442120455
445,16,0.8421052631578947,0.5719799079580902
445,17,0.894736842105263,0.49742443529758784
445,18,0.9473684210526315,0.5031928137518311
445,19,1.0,0.537167131401197
446,0,0.0,0.4475404111886299
446,1,0.05263157894736842,0.49403357589629265
446,2,0.10526315789473684,0.5719780794302277
446,3,0.15789473684210525,0.5806058791598718
446,4,0.21052631578947367,0.49591960078265357
446,5,0.2631578947368421,0.5770879530978698
446,6,0.3157894736842105,0.5440474132948068
446,7,0.3684210526315789,0.5444009570162881
446,8,0.42105263157894735,0.5546765038928375
446,9,0.47368421052631576,0.5427684098180011
446,10,0.5263157894736842,0.5700356099202862
446,11,0.5789473684210527,0.5070076635612223
446,12,0.631578947368421,0.6053598320044352
446,13,0.6842105263157894,0.512175912432256
446,14,0.7368421052631579,0.6495344082441569
446,15,0.7894736842105263,0.5583942426910411
446,16,0.8421052631578947,0.5292678386573839
446,17,0.894736842105263,0.5884277652454535
446,18,0.9473684210526315,0.47504513386072356
446,19,1.0,0.47994185889883156
447,0,0.0,0.5105700904717532
447,1,0.05263157894736842,0.545965154706791
447,2,0.10526315789473684,0.5546557560458056
447,3,0.15789473684210525,0.5695612715190383
447,4,0.21052631578947367,0.5476977416801079
447,5,0.2631578947368421,0.5117934430726689
447,6,0.3157894736842105,0.5177920932473925
447,7,0.3684210526315789,0.5236818270973456
447,8,0.42105263157894735,0.4802031910392257
447,9,0.47368421052631576,0.5424444088067357
447,10,0.5263157894736842,0.5293051209696067
447,11,0.5789473684210527,0.47963239831917337
447,12,0.631578947368421,0.5029078300109971
447,13,0.6842105263157894,0.5568267852409877
447,14,0.7368421052631579,0.4566403867741977
447,15,0.7894736842105263,0.48372518461206215
447,16,0.8421052631578947,0.44247449028717617
447,17,0.894736842105263,0.4792730072009376
447,18,0.9473684210526315,0.4544761587727473
447,19,1.0,0.3726794396821954
448,0,0.0,0.39802710191561913
448,1,0.05263157894736842,0.480772648286399
448,2,0.10526315789473684,0.394879453725402
448,3,0.15789473684210525,0.400518718246457
448,4,0.21052631578947367,0.43239371008810207
448,5,0.2631578947368421,0.631140575860148
448,6,0.3157894736842105,0.5326197456100843
448,7,0.3684210526315789,0.5677688575005392
448,8,0.42105263157894735,0.5763452524628574
448,9,0.47368421052631576,0.48613042541439655
448,10,0.5263157894736842,0.5265594460521609
448,11,0.5789473684210527,0.511735021319982
448,12,0.631578947368421,0.6076508474098228
448,13,0.6842105263157894,0.5513227228228683
448,14,0.7368421052631579,0.5834472776136148
448,15,0.7894736842105263,0.5935654426139336
448,16,0.8421052631578947,0.5795427325785198
448,17,0.894736842105263,0.4130104463852549
448,18,0.9473684210526315,0.44232151231813155
448,19,1.0,0.428395611885127
449,0,0.0,0.5195539879011455
449,1,0.05263157894736842,0.4844166689321521
449,2,0.10526315789473684,0.5111124011684354
449,3,0.15789473684210525,0.44633559459078265
449,4,0.21052631578947367,0.5861693413553386
449,5,0.2631578947368421,0.5679623434196521
449,6,0.3157894736842105,0.6089530029668662
449,7,0.3684210526315789,0.6124782280969722
449,8,0.42105263157894735,0.5522280230739247
449,9,0.47368421052631576,0.670319151762949
449,10,0.5263157894736842,0.611255951936029
449,11,0.5789473684210527,0.6049451563790614
449,12,0.631578947368421,0.5057083103381316
449,13,0.6842105263157894,0.6402397710961175
449,14,0.7368421052631579,0.5799737032418897
449,15,0.7894736842105263,0.6375000784077258
449,16,0.8421052631578947,0.5298208688768986
449,17,0.894736842105263,0.4702714214808128
449,18,0.9473684210526315,0.5203473706539284
449,19,1.0,0.6462986141566713
450,0,0.0,0.48779743792124874
450,1,0.05263157894736842,0.48175320859065296
450,2,0.10526315789473684,0.4208300186967137
450,3,0.15789473684210525,0.5088449828065692
450,4,0.21052631578947367,0.5028002664781541
450,5,0.2631578947368421,0.5792017865776904
450,6,0.3157894736842105,0.458329205350793
450,7,0.3684210526315789,0.4061343795845864
450,8,0.42105263157894735,0.5054796111192491
450,9,0.47368421052631576,0.5978982770067264
450,10,0.5263157894736842,0.5534338495368522
450,11,0.5789473684210527,0.6273592978310585
450,12,0.631578947368421,0.5567207535596355
450,13,0.6842105263157894,0.6476403665465581
450,14,0.7368421052631579,0.5847731346553284
450,15,0.7894736842105263,0.5409908348786212
450,16,0.8421052631578947,0.5178925722296965
450,17,0.894736842105263,0.5897065392200702
450,18,0.9473684210526315,0.5135222443593588
450,19,1.0,0.5476058492339558
451,0,0.0,0.4221500676625026
451,1,0.05263157894736842,0.5504884163210214
451,2,0.10526315789473684,0.5348914206548657
451,3,0.15789473684210525,0.5506992922615396
451,4,0.21052631578947367,0.4895530764330479
451,5,0.2631578947368421,0.636623375125702
451,6,0.3157894736842105,0.6416511885043978
451,7,0.3684210526315789,0.5496370518897202
451,8,0.42105263157894735,0.5546299133146652
451,9,0.47368421052631576,0.5520169772368637
451,10,0.5263157894736842,0.5265597054808365
451,11,0.5789473684210527,0.5031870643573895
451,12,0.631578947368421,0.5141541699172298
451,13,0.6842105263157894,0.5739676651814732
451,14,0.7368421052631579,0.46472580046404105
451,15,0.7894736842105263,0.4384983897344953
451,16,0.8421052631578947,0.4988981813641416
451,17,0.894736842105263,0.39041755315517784
451,18,0.9473684210526315,0.44757615682213103
451,19,1.0,0.46620156042345634
452,0,0.0,0.4634722490527429
452,1,0.05263157894736842,0.47347101829712296
452,2,0.10526315789473684,0.46938091006580773
452,3,0.15789473684210525,0.4327966425097166
452,4,0.21052631578947367,0.3275493242807546
452,5,0.2631578947368421,0.45070092080639146
452,6,0.3157894736842105,0.4529949861190364
452,7,0.3684210526315789,0.4697784797789804
452,8,0.42105263157894735,0.47646249401065055
452,9,0.47368421052631576,0.4083570384900716
452,10,0.5263157894736842,0.39440109890680364
452,11,0.5789473684210527,0.5112548181018702
452,12,0.631578947368421,0.4848931049294175
452,13,0.6842105263157894,0.4901791135956796
452,14,0.7368421052631579,0.5344855300340305
452,15,0.7894736842105263,0.4867369720374802
452,16,0.8421052631578947,0.5892855871453259
452,17,0.894736842105263,0.5758217765119967
452,18,0.9473684210526315,0.434302404153563
452,19,1.0,0.5877802423359725
453,0,0.0,0.4178472775025186
453,1,0.05263157894736842,0.5415366726838284
453,2,0.10526315789473684,0.4552054219719337
453,3,0.15789473684210525,0.44661054589885407
453,4,0.21052631578947367,0.5963852349454448
453,5,0.2631578947368421,0.46335589441683334
453,6,0.3157894736842105,0.4822956595699786
453,7,0.3684210526315789,0.48452784094939866
453,8,0.42105263157894735,0.5623304654550323
453,9,0.47368421052631576,0.5286857918826898
453,10,0.5263157894736842,0.536172463911388
453,11,0.5789473684210527,0.5204462244647876
453,12,0.631578947368421,0.549785721645902
453,13,0.6842105263157894,0.4999925823856901
453,14,0.7368421052631579,0.5412379943482343
453,15,0.7894736842105263,0.5704785712263243
453,16,0.8421052631578947,0.4652382165970095
453,17,0.894736842105263,0.6172047491068116
453,18,0.9473684210526315,0.5137608313053381
453,19,1.0,0.48473670305668126
454,0,0.0,0.5699890198670623
454,1,0.05263157894736842,0.4836478273570158
454,2,0.10526315789473684,0.5622611638291135
454,3,0.15789473684210525,0.5413055838555209
454,4,0.21052631578947367,0.46689817844643655
454,5,0.2631578947368421,0.4805823114866224
454,6,0.3157894736842105,0.5297689880120248
454,7,0.3684210526315789,0.5220621132029304
454,8,0.42105263157894735,0.4838866000662131
454,9,0.47368421052631576,0.43278244272526367
454,10,0.5263157894736842,0.47976949709394157
454,11,0.5789473684210527,0.40584060290507507
454,12,0.631578947368421,0.4601477216615221
454,13,0.6842105263157894,0.421832213083261
454,14,0.7368421052631579,0.44776223770526846
454,15,0.7894736842105263,0.5103371725050704
454,16,0.8421052631578947,0.39033989426159554
454,17,0.894736842105263,0.5417952327343327
454,18,0.9473684210526315,0.4115713208798952
454,19,1.0,0.5873188274643002
455,0,0.0,0.5468560891341943
455,1,0.05263157894736842,0.4907402266032575
455,2,0.10526315789473684,0.48593814256466683
455,3,0.15789473684210525,0.5799922447656602
455,4,0.21052631578947367,0.5165029922137895
455,5,0.2631578947368421,0.5351975048971371
455,6,0.3157894736842105,0.48951124959795067
455,7,0.3684210526315789,0.5310985806673311
455,8,0.42105263157894735,0.5758666769264231
455,9,0.47368421052631576,0.558049492104662
455,10,0.5263157894736842,0.5389166169707588
455,11,0.5789473684210527,0.6127903066408859
455,12,0.631578947368421,0.5138840250541163
455,13,0.6842105263157894,0.5098633834724227
455,14,0.7368421052631579,0.5721968345254927
455,15,0.7894736842105263,0.4918041282163545
455,16,0.8421052631578947,0.41007573354046584
455,17,0.894736842105263,0.4729917083246349
455,18,0.9473684210526315,0.465997568861365
455,19,1.0,0.5194961415911385
456,0,0.0,0.5961741156306611
456,1,0.05263157894736842,0.5973088388292065
456,2,0.10526315789473684,0.520737834437428
456,3,0.15789473684210525,0.540412605694991
456,4,0.21052631578947367,0.5864255208931215
456,5,0.2631578947368421,0.5452635707033571
456,6,0.3157894736842105,0.5595988170695434
456,7,0.3684210526315789,0.4643995674036411
456,8,0.42105263157894735,0.3749971655193779
456,9,0.47368421052631576,0.5100795361020624
456,10,0.5263157894736842,0.4172782442215577
456,11,0.5789473684210527,0.4482832092691862
456,12,0.631578947368421,0.49867884899332576
456,13,0.6842105263157894,0.45321921578613056
456,14,0.7368421052631579,0.29721500254159605
456,15,0.7894736842105263,0.40764236464352266
456,16,0.8421052631578947,0.4255223295226873
456,17,0.894736842105263,0.5478664679506756
456,18,0.9473684210526315,0.40008359700276314
456,19,1.0,0.4546166157891754
457,0,0.0,0.4999249285429242
457,1,0.05263157894736842,0.5528210699039845
457,2,0.10526315789473684,0.4619090967807987
457,3,0.15789473684210525,0.5647816463160142
457,4,0.21052631578947367,0.534854927072773
457,5,0.2631578947368421,0.5208571736128711
457,6,0.3157894736842105,0.4102028963377447
457,7,0.3684210526315789,0.505764552689141
457,8,0.42105263157894735,0.46185839425130404
457,9,0.47368421052631576,0.5533172325765178
457,10,0.5263157894736842,0.6651655985190461
457,11,0.5789473684210527,0.5622907308381012
457,12,0.631578947368421,0.49127573494251464
457,13,0.6842105263157894,0.43704444881745136
457,14,0.7368421052631579,0.5348463366676433
457,15,0.7894736842105263,0.40280492237773274
457,16,0.8421052631578947,0.4432526355335663
457,17,0.894736842105263,0.4892863339404834
457,18,0.9473684210526315,0.42062448743287356
457,19,1.0,0.4331444995400601
458,0,0.0,0.5233916570296299
458,1,0.05263157894736842,0.5071932637025869
458,2,0.10526315789473684,0.600494523405689
458,3,0.15789473684210525,0.546284119997065
458,4,0.21052631578947367,0.6259968536720445
458,5,0.2631578947368421,0.6228599970554615
458,6,0.3157894736842105,0.5818279575062952
458,7,0.3684210526315789,0.6561310132605036
458,8,0.42105263157894735,0.5157649706394292
458,9,0.47368421052631576,0.5573668452994492
458,10,0.5263157894736842,0.5876552839388188
458,11,0.5789473684210527,0.5970440341215211
458,12,0.631578947368421,0.5225822522277216
458,13,0.6842105263157894,0.5347219589012016
458,14,0.7368421052631579,0.5701107294395313
458,15,0.7894736842105263,0.4561336393306558
458,16,0.8421052631578947,0.5707108283167154
458,17,0.894736842105263,0.4358811545845957
458,18,0.9473684210526315,0.4779144353395747
458,19,1.0,0.46116332046628083
459,0,0.0,0.4495517542255317
459,1,0.05263157894736842,0.496166318258571
459,2,0.10526315789473684,0.44037280558432834
459,3,0.15789473684210525,0.46684615136877977
459,4,0.21052631578947367,0.47196908677129845
459,5,0.2631578947368421,0.4974373375662367
459,6,0.3157894736842105,0.5502049624173994
459,7,0.3684210526315789,0.6394711812543118
459,8,0.42105263157894735,0.5794633520251843
459,9,0.47368421052631576,0.5164351656810771
459,10,0.5263157894736842,0.5619362682742868
459,11,0.5789473684210527,0.5451316519547464
459,12,0.631578947368421,0.43313075306405924
459,13,0.6842105263157894,0.5516979028278143
459,14,0.7368421052631579,0.5677216079531081
459,15,0.7894736842105263,0.5166566896296316
459,16,0.8421052631578947,0.6108233338765263
459,17,0.894736842105263,0.5100609839402024
459,18,0.9473684210526315,0.5200859289567686
459,19,1.0,0.5563516927286142
460,0,0.0,0.3577435250645214
460,1,0.05263157894736842,0.4003118625369272
460,2,0.10526315789473684,0.35523320061703506
460,3,0.15789473684210525,0.51099169052204
460,4,0.21052631578947367,0.46063805304779326
460,5,0.2631578947368421,0.5079761863317872
460,6,0.3157894736842105,0.4444621072900869
460,7,0.3684210526315789,0.4071328422605904
460,8,0.42105263157894735,0.452494502849155
460,9,0.47368421052631576,0.4540075395405264
460,10,0.5263157894736842,0.5953232801833777
460,11,0.5789473684210527,0.476480559243813
460,12,0.631578947368421,0.48628260585806116
460,13,0.6842105263157894,0.4909770793180903
460,14,0.7368421052631579,0.5457595129559114
460,15,0.7894736842105263,0.45207975925229255
460,16,0.8421052631578947,0.4810142655627895
460,17,0.894736842105263,0.621456281339098
460,18,0.9473684210526315,0.4577459148735632
460,19,1.0,0.505318023568484
461,0,0.0,0.5182403187680665
461,1,0.05263157894736842,0.520200693798111
461,2,0.10526315789473684,0.5490059413385894
461,3,0.15789473684210525,0.47468556524863137
461,4,0.21052631578947367,0.5466649638270473
461,5,0.2631578947368421,0.514301094887254
461,6,0.3157894736842105,0.44380306290425586
461,7,0.3684210526315789,0.5323369781823822
461,8,0.42105263157894735,0.45177472228608917
461,9,0.47368421052631576,0.43023459367127764
461,10,0.5263157894736842,0.4127772232711981
461,11,0.5789473684210527,0.5033748419490912
461,12,0.631578947368421,0.40609735038080463
461,13,0.6842105263157894,0.45041228562347596
461,14,0.7368421052631579,0.450749822684617
461,15,0.7894736842105263,0.4482128156853842
461,16,0.8421052631578947,0.4831742575297078
461,17,0.894736842105263,0.45011464516597727
461,18,0.9473684210526315,0.39513968441891606
461,19,1.0,0.47018672603636646
462,0,0.0,0.5095734606855367
462,1,0.05263157894736842,0.5672013992236234
462,2,0.10526315789473684,0.5248306528273894
462,3,0.15789473684210525,0.6390052568577074
462,4,0.21052631578947367,0.5965542063394744
462,5,0.2631578947368421,0.5742623378124069
462,6,0.3157894736842105,0.5954473533406323
462,7,0.3684210526315789,0.6017083481274655
462,8,0.42105263157894735,0.5730571090329352
462,9,0.47368421052631576,0.5985670609815947
462,10,0.5263157894736842,0.5679377689945828
462,11,0.5789473684210527,0.5202479574620227
462,12,0.631578947368421,0.46806639216310597
462,13,0.6842105263157894,0.4943550156070475
462,14,0.7368421052631579,0.46320556156450354
462,15,0.7894736842105263,0.4527908857260967
462,16,0.8421052631578947,0.4883067418202507
462,17,0.894736842105263,0.4978806686919301
462,18,0.9473684210526315,0.5458106078910255
462,19,1.0,0.44729799795932657
463,0,0.0,0.4101687982232305
463,1,0.05263157894736842,0.4574160308837941
463,2,0.10526315789473684,0.40919640946711056
463,3,0.15789473684210525,0.3976693477837334
463,4,0.21052631578947367,0.38031588576947856
463,5,0.2631578947368421,0.5250026047015234
463,6,0.3157894736842105,0.43819288154858016
463,7,0.3684210526315789,0.4495442477188726
463,8,0.42105263157894735,0.5028809324954635
463,9,0.47368421052631576,0.509652254454092
463,10,0.5263157894736842,0.38475758994139064
463,11,0.5789473684210527,0.4886693366139943
463,12,0.631578947368421,0.49150708880347116
463,13,0.6842105263157894,0.5517777083115356
463,14,0.7368421052631579,0.36456799450838984
463,15,0.7894736842105263,0.5637396692336343
463,16,0.8421052631578947,0.5366480189959939
463,17,0.894736842105263,0.5468559169525834
463,18,0.9473684210526315,0.5286455082209682
463,19,1.0,0.4378308941067525
464,0,0.0,0.5240342744419416
464,1,0.05263157894736842,0.6545887667586814
464,2,0.10526315789473684,0.5644864631332354
464,3,0.15789473684210525,0.5224364497467692
464,4,0.21052631578947367,0.5565937457445397
464,5,0.2631578947368421,0.530124966165344
464,6,0.3157894736842105,0.49451991882248936
464,7,0.3684210526315789,0.4690641402879205
464,8,0.42105263157894735,0.5464813517007845
464,9,0.47368421052631576,0.46655817172036984
464,10,0.5263157894736842,0.4721678280311961
464,11,0.5789473684210527,0.5602593384587164
464,12,0.631578947368421,0.4173995768926532
464,13,0.6842105263157894,0.5130246986356519
464,14,0.7368421052631579,0.4932924724536468
464,15,0.7894736842105263,0.44620294796810955
464,16,0.8421052631578947,0.49307806310722635
464,17,0.894736842105263,0.6437761844582522
464,18,0.9473684210526315,0.5234188339352079
464,19,1.0,0.5585107910778705
465,0,0.0,0.4582090868068267
465,1,0.05263157894736842,0.46759891723439395
465,2,0.10526315789473684,0.4312112675008457
465,3,0.15789473684210525,0.5553695008178401
465,4,0.21052631578947367,0.5095272276439015
465,5,0.2631578947368421,0.5401522960642986
465,6,0.3157894736842105,0.5335837229067915
465,7,0.3684210526315789,0.5279710617629453
465,8,0.42105263157894735,0.5528547754526278
465,9,0.47368421052631576,0.6403160614192075
465,10,0.5263157894736842,0.5851881420313698
465,11,0.5789473684210527,0.6190672706017298
465,12,0.631578947368421,0.5993621212379971
465,13,0.6842105263157894,0.5347013603473495
465,14,0.7368421052631579,0.5400151019678412
465,15,0.7894736842105263,0.6328449470016109
465,16,0.8421052631578947,0.49679626226541157
465,17,0.894736842105263,0.511780310362912
465,18,0.9473684210526315,0.5948325024824141
465,19,1.0,0.4984361278439604
466,0,0.0,0.46863294230742014
466,1,0.05263157894736842,0.5455121339082547
466,2,0.10526315789473684,0.5957200998645715
466,3,0.15789473684210525,0.5854455348216778
466,4,0.21052631578947367,0.46169121155790394
466,5,0.2631578947368421,0.7065048308935783
466,6,0.3157894736842105,0.6018843066008419
466,7,0.3684210526315789,0.5904849155921734
466,8,0.42105263157894735,0.4569509315208135
466,9,0.47368421052631576,0.5540915481247962
466,10,0.5263157894736842,0.5969692450658928
466,11,0.5789473684210527,0.4893039046214291
466,12,0.631578947368421,0.4480548655520322
466,13,0.6842105263157894,0.4631000067972684
466,14,0.7368421052631579,0.5546824365929065
466,15,0.7894736842105263,0.4294325991034083
466,16,0.8421052631578947,0.48601501028042654
466,17,0.894736842105263,0.4609188036935605
466,18,0.9473684210526315,0.47877033357466425
466,19,1.0,0.4795751131278237
467,0,0.0,0.4484788231048801
467,1,0.05263157894736842,0.4795673767816047
467,2,0.10526315789473684,0.5269905284380657
467,3,0.15789473684210525,0.4635109577723437
467,4,0.21052631578947367,0.4798332493844323
467,5,0.2631578947368421,0.4786227863680002
467,6,0.3157894736842105,0.45453078898222327
467,7,0.3684210526315789,0.5283161036890313
467,8,0.42105263157894735,0.4601217561926765
467,9,0.47368421052631576,0.4274043456879106
467,10,0.5263157894736842,0.4692499161256313
467,11,0.5789473684210527,0.3404153846211696
467,12,0.631578947368421,0.4421659015229005
467,13,0.6842105263157894,0.416844173680873
467,14,0.7368421052631579,0.4866932395558182
467,15,0.7894736842105263,0.40709284574806726
467,16,0.8421052631578947,0.5073430854481669
467,17,0.894736842105263,0.5433852290175413
467,18,0.9473684210526315,0.5565751795173535
467,19,1.0,0.5669835358188049
468,0,0.0,0.5494331289280394
468,1,0.05263157894736842,0.5730798118843446
468,2,0.10526315789473684,0.5947873156229773
468,3,0.15789473684210525,0.6849392703626785
468,4,0.21052631578947367,0.62460145525838
468,5,0.2631578947368421,0.5517437366631007
468,6,0.3157894736842105,0.5054685287691629
468,7,0.3684210526315789,0.5513142661763868
468,8,0.42105263157894735,0.4549785082723082
468,9,0.47368421052631576,0.47019911492133837
468,10,0.5263157894736842,0.6070291885816468
468,11,0.5789473684210527,0.5023739135227411
468,12,0.631578947368421,0.4963280175016073
468,13,0.6842105263157894,0.5317806843467278
468,14,0.7368421052631579,0.3710005010794124
468,15,0.7894736842105263,0.47753842237625627
468,16,0.8421052631578947,0.5203013213729932
468,17,0.894736842105263,0.4051258411831497
468,18,0.9473684210526315,0.4794907157065975
468,19,1.0,0.4323972163319374
469,0,0.0,0.45638702470302783
469,1,0.05263157894736842,0.3945806594361141
469,2,0.10526315789473684,0.418422860826334
469,3,0.15789473684210525,0.34907649724722867
469,4,0.21052631578947367,0.47034435309282074
469,5,0.2631578947368421,0.5113024087364973
469,6,0.3157894736842105,0.39968259047845595
469,7,0.3684210526315789,0.46041130558417537
469,8,0.42105263157894735,0.5068553477880213
469,9,0.47368421052631576,0.4549893259247166
469,10,0.5263157894736842,0.5976906304165197
469,11,0.5789473684210527,0.5650163255680696
469,12,0.631578947368421,0.4891599110444915
469,13,0.6842105263157894,0.6521478025205412
469,14,0.7368421052631579,0.6163682221138101
469,15,0.7894736842105263,0.5714491942058694
469,16,0.8421052631578947,0.6795726742638214
469,17,0.894736842105263,0.5751347621510048
469,18,0.9473684210526315,0.5381143889491474
469,19,1.0,0.5289761496090226
470,0,0.0,0.6714566492243057
470,1,0.05263157894736842,0.5507560736829822
470,2,0.10526315789473684,0.46246882550328666
470,3,0.15789473684210525,0.5311513314654752
470,4,0.21052631578947367,0.47597761996832477
470,5,0.2631578947368421,0.5669655815398696
470,6,0.3157894736842105,0.4731188306610443
470,7,0.3684210526315789,0.49279011043425447
470,8,0.42105263157894735,0.4167918590417626
470,9,0.47368421052631576,0.4524650009455181
470,10,0.5263157894736842,0.491537586501883
470,11,0.5789473684210527,0.4776052267881293
470,12,0.631578947368421,0.4802114711686607
470,13,0.6842105263157894,0.36362900529674047
470,14,0.7368421052631579,0.47365563998918325
470,15,0.7894736842105263,0.5010394362069558
470,16,0.8421052631578947,0.4390518821581061
470,17,0.894736842105263,0.4473882986744095
470,18,0.9473684210526315,0.565076351419872
470,19,1.0,0.4753141907290967
471,0,0.0,0.3489784497715125
471,1,0.05263157894736842,0.4825823335772371
471,2,0.10526315789473684,0.49456007719414186
471,3,0.15789473684210525,0.4301314781228916
471,4,0.21052631578947367,0.4980857285145738
471,5,0.2631578947368421,0.4440212949841248
471,6,0.3157894736842105,0.5254268114006588
471,7,0.3684210526315789,0.4671167753227956
471,8,0.42105263157894735,0.5521620608584952
471,9,0.47368421052631576,0.48511801414376327
471,10,0.5263157894736842,0.592573537933134
471,11,0.5789473684210527,0.5421048434891401
471,12,0.631578947368421,0.6285312385612423
471,13,0.6842105263157894,0.5773053023489562
471,14,0.7368421052631579,0.6090207797815642
471,15,0.7894736842105263,0.5161352756217044
471,16,0.8421052631578947,0.5200739050789606
471,17,0.894736842105263,0.5866894663436634
471,18,0.9473684210526315,0.575243551225603
471,19,1.0,0.53292778941022
472,0,0.0,0.5244343076136049
472,1,0.05263157894736842,0.48036472378338724
472,2,0.10526315789473684,0.5991767116804401
472,3,0.15789473684210525,0.5806369880946446
472,4,0.21052631578947367,0.5811127190071453
472,5,0.2631578947368421,0.5269749566647258
472,6,0.3157894736842105,0.45364425106449574
472,7,0.3684210526315789,0.4127984610967087
472,8,0.42105263157894735,0.5282249903849137
472,9,0.47368421052631576,0.5487346881451406
472,10,0.5263157894736842,0.46808239557311965
472,11,0.5789473684210527,0.5030136953465788
472,12,0.631578947368421,0.4844075348656895
472,13,0.6842105263157894,0.4585058895100521
472,14,0.7368421052631579,0.5083852277788965
472,15,0.7894736842105263,0.4946026229731909
472,16,0.8421052631578947,0.4562787719047474
472,17,0.894736842105263,0.4541535820776022
472,18,0.9473684210526315,0.4187066502573229
472,19,1.0,0.48473599796323763
473,0,0.0,0.42819622545160074
473,1,0.05263157894736842,0.48093294617621707
473,2,0.10526315789473684,0.5212467662407154
473,3,0.15789473684210525,0.538775427723467
473,4,0.21052631578947367,0.37936695472388543
473,5,0.2631578947368421,0.4951831704223556
473,6,0.3157894736842105,0.42172987025018915
473,7,0.3684210526315789,0.4591745339391854
473,8,0.42105263157894735,0.45746467759888426
473,9,0.47368421052631576,0.4811137875493936
473,10,0.5263157894736842,0.5508535048813176
473,11,0.5789473684210527,0.5288649030206752
473,12,0.631578947368421,0.5325293925625612
473,13,0.6842105263157894,0.5088560569185862
473,14,0.7368421052631579,0.5340515782719929
473,15,0.7894736842105263,0.5784203514858698
473,16,0.8421052631578947,0.5210892677141756
473,17,0.894736842105263,0.5419245236281431
473,18,0.9473684210526315,0.5236622496706947
473,19,1.0,0.5797273117512745
474,0,0.0,0.5084098042678511
474,1,0.05263157894736842,0.4085118534158727
474,2,0.10526315789473684,0.5777204682112245
474,3,0.15789473684210525,0.5388706748685456
474,4,0.21052631578947367,0.44110796125283874
474,5,0.2631578947368421,0.5829088847367205
474,6,0.3157894736842105,0.4963704510523915
474,7,0.3684210526315789,0.4891387843152857
474,8,0.42105263157894735,0.5183600987598733
474,9,0.47368421052631576,0.5914646978395895
474,10,0.5263157894736842,0.5141877678476987
474,11,0.5789473684210527,0.6507167854875138
474,12,0.631578947368421,0.582381405840289
474,13,0.6842105263157894,0.5837836278948336
474,14,0.7368421052631579,0.6340507521853078
474,15,0.7894736842105263,0.4793476650943442
474,16,0.8421052631578947,0.5378027405976243
474,17,0.894736842105263,0.49265451650389647
474,18,0.9473684210526315,0.511302377696354
474,19,1.0,0.5270929528016125
475,0,0.0,0.49875725229974577
475,1,0.05263157894736842,0.5864967491068807
475,2,0.10526315789473684,0.5546229391295165
475,3,0.15789473684210525,0.6135239587033454
475,4,0.21052631578947367,0.48870410863735253
475,5,0.2631578947368421,0.5761247740711869
475,6,0.3157894736842105,0.394180851199315
475,7,0.3684210526315789,0.4381629854993744
475,8,0.42105263157894735,0.47202833954427015
475,9,0.47368421052631576,0.3510057145042729
475,10,0.5263157894736842,0.40594043285776193
475,11,0.5789473684210527,0.4429173748730536
475,12,0.631578947368421,0.3580843896826586
475,13,0.6842105263157894,0.44469878047037154
475,14,0.7368421052631579,0.45572904403060827
475,15,0.7894736842105263,0.405438290125541
475,16,0.8421052631578947,0.45706112267414667
475,17,0.894736842105263,0.49769978862906655
475,18,0.9473684210526315,0.3948574428494682
475,19,1.0,0.5080780695849629
476,0,0.0,0.527033669726828
476,1,0.05263157894736842,0.4755334744574446
476,2,0.10526315789473684,0.48686768940203706
476,3,0.15789473684210525,0.513385251043833
476,4,0.21052631578947367,0.5939443154676166
476,5,0.2631578947368421,0.4918944070180839
476,6,0.3157894736842105,0.5150409316498198
476,7,0.3684210526315789,0.5091613773027988
476,8,0.42105263157894735,0.5889749810528868
476,9,0.47368421052631576,0.4832322192955128
476,10,0.5263157894736842,0.5350261749799655
476,11,0.5789473684210527,0.4333997443291087
476,12,0.631578947368421,0.5185415540345236
476,13,0.6842105263157894,0.4723933446183238
476,14,0.7368421052631579,0.4252994115335207
476,15,0.7894736842105263,0.4028928932531805
476,16,0.8421052631578947,0.4601781982073907
476,17,0.894736842105263,0.4499893893913667
476,18,0.9473684210526315,0.43905315557537095
476,19,1.0,0.4024957877263881
477,0,0.0,0.5037055143008173
477,1,0.05263157894736842,0.46563785621195064
477,2,0.10526315789473684,0.5282796878067291
477,3,0.15789473684210525,0.390096891989193
477,4,0.21052631578947367,0.45665630633948245
477,5,0.2631578947368421,0.45092479474850855
477,6,0.3157894736842105,0.3987208517930454
477,7,0.3684210526315789,0.4802692691566586
477,8,0.42105263157894735,0.5307404566153306
477,9,0.47368421052631576,0.449870482794081
477,10,0.5263157894736842,0.5017664624135018
477,11,0.5789473684210527,0.6376410200847097
477,12,0.631578947368421,0.4945687922430709
477,13,0.6842105263157894,0.5540461384827138
477,14,0.7368421052631579,0.4550084946749223
477,15,0.7894736842105263,0.5472535608397493
477,16,0.8421052631578947,0.4867968146999815
477,17,0.894736842105263,0.4150508488126138
477,18,0.9473684210526315,0.4957536576667232
477,19,1.0,0.5374778599585569
478,0,0.0,0.4763464809707429
478,1,0.05263157894736842,0.48181176276091325
478,2,0.10526315789473684,0.36760626532844887
478,3,0.15789473684210525,0.41764797308197743
478,4,0.21052631578947367,0.4475955595511373
478,5,0.2631578947368421,0.4588967669092452
478,6,0.3157894736842105,0.4052597291440809
478,7,0.3684210526315789,0.40984340462404517
478,8,0.42105263157894735,0.37236306923167045
478,9,0.47368421052631576,0.4329921501888621
478,10,0.5263157894736842,0.5303804849417688
478,11,0.5789473684210527,0.366152204947962
478,12,0.631578947368421,0.5053203445240401
478,13,0.6842105263157894,0.4391000122035694
478,14,0.7368421052631579,0.4013491622049741
478,15,0.7894736842105263,0.340684649430237
478,16,0.8421052631578947,0.45644120075986494
478,17,0.894736842105263,0.5831199845941385
478,18,0.9473684210526315,0.41112512376958077
478,19,1.0,0.5729875020630274
479,0,0.0,0.45725626575027367
479,1,0.05263157894736842,0.5642041999866224
479,2,0.10526315789473684,0.5545404064051325
479,3,0.15789473684210525,0.5967313991747127
479,4,0.21052631578947367,0.5082624414837127
479,5,0.2631578947368421,0.5081421090415336
479,6,0.3157894736842105,0.5486556069076114
479,7,0.3684210526315789,0.5834276905135916
479,8,0.42105263157894735,0.5408095871243549
479,9,0.47368421052631576,0.5935470926621416
479,10,0.5263157894736842,0.4849418141213677
479,11,0.5789473684210527,0.5091958395437753
479,12,0.631578947368421,0.45123038018807027
479,13,0.6842105263157894,0.5211189431173804
479,14,0.7368421052631579,0.5798372809941623
479,15,0.7894736842105263,0.5879115246502603
479,16,0.8421052631578947,0.5039210566353545
479,17,0.894736842105263,0.42920831432778767
479,18,0.9473684210526315,0.498336855480791
479,19,1.0,0.4368194440970791
480,0,0.0,0.5690275610879716
480,1,0.05263157894736842,0.482700646723521
480,2,0.10526315789473684,0.6089446082118004
480,3,0.15789473684210525,0.501029562542059
480,4,0.21052631578947367,0.5969619660569754
480,5,0.2631578947368421,0.518441648287796
480,6,0.3157894736842105,0.560633848556573
480,7,0.3684210526315789,0.5521124660613586
480,8,0.42105263157894735,0.5414289985621824
480,9,0.47368421052631576,0.5753185145860786
480,10,0.5263157894736842,0.43821869156867943
480,11,0.5789473684210527,0.5495016579408445
480,12,0.631578947368421,0.4396675482696726
480,13,0.6842105263157894,0.5141398404917353
480,14,0.7368421052631579,0.4128050972151834
480,15,0.7894736842105263,0.5230310795174679
480,16,0.8421052631578947,0.4312563775805963
480,17,0.894736842105263,0.44835202273091895
480,18,0.9473684210526315,0.4553210511306324
480,19,1.0,0.3843055733665814
481,0,0.0,0.5219617130070608
481,1,0.05263157894736842,0.6058350508512418
481,2,0.10526315789473684,0.5888462452681249
481,3,0.15789473684210525,0.4636431294118393
481,4,0.21052631578947367,0.6235253464457119
481,5,0.2631578947368421,0.5082254370734207
481,6,0.3157894736842105,0.5744383608253564
481,7,0.3684210526315789,0.4818964495396175
481,8,0.42105263157894735,0.5560161876560217
481,9,0.47368421052631576,0.4724734402544458
481,10,0.5263157894736842,0.416718881793355
481,11,0.5789473684210527,0.44407667281285623
481,12,0.631578947368421,0.4124068439568014
481,13,0.6842105263157894,0.4835037975386511
481,14,0.7368421052631579,0.5212808931850206
481,15,0.7894736842105263,0.5332935698943557
481,16,0.8421052631578947,0.45850994121146815
481,17,0.894736842105263,0.4893670884389685
481,18,0.9473684210526315,0.48150816186537776
481,19,1.0,0.41502931689538614
482,0,0.0,0.41892888726136285
482,1,0.05263157894736842,0.5108254144983003
482,2,0.10526315789473684,0.44997477229754046
482,3,0.15789473684210525,0.5435303640150659
482,4,0.21052631578947367,0.5603099991329025
482,5,0.2631578947368421,0.48573302880345176
482,6,0.3157894736842105,0.4860858609523572
482,7,0.3684210526315789,0.4880025517145509
482,8,0.42105263157894735,0.5475237001604188
482,9,0.47368421052631576,0.557184194175214
482,10,0.5263157894736842,0.5364655540198713
482,11,0.5789473684210527,0.5869630069453401
482,12,0.631578947368421,0.4800780687337057
482,13,0.6842105263157894,0.5283653598400272
482,14,0.7368421052631579,0.5128507407712052
482,15,0.7894736842105263,0.5474292962754914
482,16,0.8421052631578947,0.6050484776784788
482,17,0.894736842105263,0.4831307424535706
482,18,0.9473684210526315,0.4245726639132468
482,19,1.0,0.4184459606981785
483,0,0.0,0.5797847234093161
483,1,0.05263157894736842,0.44451005918322184
483,2,0.10526315789473684,0.3646375860116015
483,3,0.15789473684210525,0.5627712039259556
483,4,0.21052631578947367,0.4430415607199871
483,5,0.2631578947368421,0.48697945247736724
483,6,0.3157894736842105,0.4548155268816527
483,7,0.3684210526315789,0.4838862609102928
483,8,0.42105263157894735,0.4953157103256642
483,9,0.47368421052631576,0.4191597609849542
483,10,0.5263157894736842,0.46859570341253415
483,11,0.5789473684210527,0.46292590344841844
483,12,0.631578947368421,0.38136479082632774
483,13,0.6842105263157894,0.4017656933009542
483,14,0.7368421052631579,0.4930537359929863
483,15,0.7894736842105263,0.42216605349917696
483,16,0.8421052631578947,0.5793186674462041
483,17,0.894736842105263,0.4780928404872666
483,18,0.9473684210526315,0.48256790814487677
483,19,1.0,0.5262551397108771
484,0,0.0,0.5023940476649212
484,1,0.05263157894736842,0.6397112314906738
484,2,0.10526315789473684,0.5024102297467288
484,3,0.15789473684210525,0.4751862568002493
484,4,0.21052631578947367,0.4135764112814413
484,5,0.2631578947368421,0.41371197113627334
484,6,0.3157894736842105,0.45844366397422626
484,7,0.3684210526315789,0.4173743904131485
484,8,0.42105263157894735,0.41011549915460044
484,9,0.47368421052631576,0.44368463858112894
484,10,0.5263157894736842,0.4653251349700841
484,11,0.5789473684210527,0.5427505927915468
484,12,0.631578947368421,0.4487742236273737
484,13,0.6842105263157894,0.35781840185427927
484,14,0.7368421052631579,0.47936083911290994
484,15,0.7894736842105263,0.5293447508333559
484,16,0.8421052631578947,0.49586636650598725
484,17,0.894736842105263,0.5540050794966996
484,18,0.9473684210526315,0.5559363361547027
484,19,1.0,0.5813190133595098
485,0,0.0,0.5477817232984301
485,1,0.05263157894736842,0.5557300557416904
485,2,0.10526315789473684,0.5551653006135576
485,3,0.15789473684210525,0.5634012951145532
485,4,0.21052631578947367,0.5438512127030116
485,5,0.2631578947368421,0.5267694809227289
485,6,0.3157894736842105,0.5607362896437791
485,7,0.3684210526315789,0.5220653051045397
485,8,0.42105263157894735,0.47936098038350566
485,9,0.47368421052631576,0.5081316051581382
485,10,0.5263157894736842,0.5127447389103418
485,11,0.5789473684210527,0.4586958077829454
485,12,0.631578947368421,0.49562041147643265
485,13,0.6842105263157894,0.5216402204579784
485,14,0.7368421052631579,0.4704301898846027
485,15,0.7894736842105263,0.3933778267429922
485,16,0.8421052631578947,0.4552059868546029
485,17,0.894736842105263,0.4733963981422142
485,18,0.9473684210526315,0.4877973849536494
485,19,1.0,0.4727406351206507
486,0,0.0,0.45490840490678763
486,1,0.05263157894736842,0.5331465249267747
486,2,0.10526315789473684,0.5533570856211196
486,3,0.15789473684210525,0.47288066364295384
486,4,0.21052631578947367,0.5662035743230475
486,5,0.2631578947368421,0.6325625565821827
486,6,0.3157894736842105,0.6034570018579882
486,7,0.3684210526315789,0.601901695798493
486,8,0.42105263157894735,0.5623572339520436
486,9,0.47368421052631576,0.4684351505347345
486,10,0.5263157894736842,0.5126669680467575
486,11,0.5789473684210527,0.46954755113210717
486,12,0.631578947368421,0.5844637643468455
486,13,0.6842105263157894,0.6333665453314199
486,14,0.7368421052631579,0.5551786454375135
486,15,0.7894736842105263,0.5679728304422674
486,16,0.8421052631578947,0.5064876236168723
486,17,0.894736842105263,0.45186793836410655
486,18,0.9473684210526315,0.5148191784820784
486,19,1.0,0.5783939482754481
487,0,0.0,0.49494003143405935
487,1,0.05263157894736842,0.553014511282832
487,2,0.10526315789473684,0.483175617236447
487,3,0.15789473684210525,0.4843043675413458
487,4,0.21052631578947367,0.5177851459667162
487,5,0.2631578947368421,0.50656974163556
487,6,0.3157894736842105,0.5578228404999614
487,7,0.3684210526315789,0.38238268904986505
487,8,0.42105263157894735,0.38680822633771117
487,9,0.47368421052631576,0.523580385414015
487,10,0.5263157894736842,0.44176987089959696
487,11,0.5789473684210527,0.4437827390742258
487,12,0.631578947368421,0.37259771225458693
487,13,0.6842105263157894,0.435691269936051
487,14,0.7368421052631579,0.4192575139210868
487,15,0.7894736842105263,0.4928824087633996
487,16,0.8421052631578947,0.43302201970448534
487,17,0.894736842105263,0.46022411099008453
487,18,0.9473684210526315,0.42913599092105553
487,19,1.0,0.44697072684431544
488,0,0.0,0.37773006664272724
488,1,0.05263157894736842,0.44407624620403063
488,2,0.10526315789473684,0.38467750111426824
488,3,0.15789473684210525,0.45537054668677834
488,4,0.21052631578947367,0.4280349286934465
488,5,0.2631578947368421,0.4196167286634247
488,6,0.3157894736842105,0.446226657150583
488,7,0.3684210526315789,0.4353135443436167
488,8,0.42105263157894735,0.3773409736088501
488,9,0.47368421052631576,0.4843211039977759
488,10,0.5263157894736842,0.5826743968105361
488,11,0.5789473684210527,0.5297799176871864
488,12,0.631578947368421,0.525576891641568
488,13,0.6842105263157894,0.5196222340008396
488,14,0.7368421052631579,0.5069393565080338
488,15,0.7894736842105263,0.4868973456421988
488,16,0.8421052631578947,0.6559824688360394
488,17,0.894736842105263,0.5181997251785143
488,18,0.9473684210526315,0.5829700998079197
488,19,1.0,0.5772503925108219
489,0,0.0,0.579170580985983
489,1,0.05263157894736842,0.5865774229486668
489,2,0.10526315789473684,0.5880801958436102
489,3,0.15789473684210525,0.5041661686113244
489,4,0.21052631578947367,0.5462581327962601
489,5,0.2631578947368421,0.6333330874813013
489,6,0.3157894736842105,0.5325467499697969
489,7,0.3684210526315789,0.4966620081800543
489,8,0.42105263157894735,0.7235501275837269
489,9,0.47368421052631576,0.5426264431512616
489,10,0.5263157894736842,0.5346912960562108
489,11,0.5789473684210527,0.632315581982364
489,12,0.631578947368421,0.5679410320019888
489,13,0.6842105263157894,0.5741494460585453
489,14,0.7368421052631579,0.49263637268263927
489,15,0.7894736842105263,0.5304158330075538
489,16,0.8421052631578947,0.5382110716944428
489,17,0.894736842105263,0.5211499791488118
489,18,0.9473684210526315,0.5296630886933045
489,19,1.0,0.5020129711182285
490,0,0.0,0.5745923465352327
490,1,0.05263157894736842,0.5702214494867859
490,2,0.10526315789473684,0.468406517683218
490,3,0.15789473684210525,0.44023188211644854
490,4,0.21052631578947367,0.427189697981062
490,5,0.2631578947368421,0.4256571868745943
490,6,0.3157894736842105,0.4484939688750534
490,7,0.3684210526315789,0.43503582824355436
490,8,0.42105263157894735,0.5420447920001747
490,9,0.47368421052631576,0.4449081931622877
490,10,0.5263157894736842,0.49178179666749033
490,11,0.5789473684210527,0.5016043978844985
490,12,0.631578947368421,0.518672696670082
490,13,0.6842105263157894,0.4634988409340696
490,14,0.7368421052631579,0.49519887424507875
490,15,0.7894736842105263,0.47651852843629994
490,16,0.8421052631578947,0.4511641865687571
490,17,0.894736842105263,0.44518520440226905
490,18,0.9473684210526315,0.4611163735847721
490,19,1.0,0.44757509286491104
491,0,0.0,0.5047834618677566
491,1,0.05263157894736842,0.40290916816347755
491,2,0.10526315789473684,0.46326900985772784
491,3,0.15789473684210525,0.474861071199394
491,4,0.21052631578947367,0.49076882438366903
491,5,0.2631578947368421,0.5413405303085704
491,6,0.3157894736842105,0.4880755654628397
491,7,0.3684210526315789,0.45928654545044006
491,8,0.42105263157894735,0.3841224116323146
491,9,0.47368421052631576,0.4040450654424726
491,10,0.5263157894736842,0.5161442562972487
491,11,0.5789473684210527,0.5249367129929237
491,12,0.631578947368421,0.4917240731899103
491,13,0.6842105263157894,0.4886546306112343
491,14,0.7368421052631579,0.5519975736634273
491,15,0.7894736842105263,0.5114246711191206
491,16,0.8421052631578947,0.5279992043611712
491,17,0.894736842105263,0.490263131264993
491,18,0.9473684210526315,0.4802377155697784
491,19,1.0,0.4823397459059433
492,0,0.0,0.40308267672035514
492,1,0.05263157894736842,0.48270047181802805
492,2,0.10526315789473684,0.593328733847296
492,3,0.15789473684210525,0.4090815236680411
492,4,0.21052631578947367,0.43838830016724717
492,5,0.2631578947368421,0.4806852054175273
492,6,0.3157894736842105,0.4951618813070107
492,7,0.3684210526315789,0.46371085359056335
492,8,0.42105263157894735,0.5054203288352737
492,9,0.47368421052631576,0.43369916279995113
492,10,0.5263157894736842,0.39734295317432594
492,11,0.5789473684210527,0.5544742472614717
492,12,0.631578947368421,0.5230427530479139
492,13,0.6842105263157894,0.5105769738626681
492,14,0.7368421052631579,0.4444842446471954
492,15,0.7894736842105263,0.4680490344254738
492,16,0.8421052631578947,0.5057106388525247
492,17,0.894736842105263,0.5182659524098948
492,18,0.9473684210526315,0.48879156997387874
492,19,1.0,0.5456076530054162
493,0,0.0,0.44752885116720115
493,1,0.05263157894736842,0.6392143701139348
493,2,0.10526315789473684,0.6404444569935852
493,3,0.15789473684210525,0.5136002749381777
493,4,0.21052631578947367,0.46375001704841823
493,5,0.2631578947368421,0.5315969940900331
493,6,0.3157894736842105,0.45596565598290884
493,7,0.3684210526315789,0.44082293550636015
493,8,0.42105263157894735,0.43501040519091577
493,9,0.47368421052631576,0.4946459711070297
493,10,0.5263157894736842,0.45893835774812447
493,11,0.5789473684210527,0.398621340620855
493,12,0.631578947368421,0.40534434285790016
493,13,0.6842105263157894,0.4210061126564642
493,14,0.7368421052631579,0.41745173967314814
493,15,0.7894736842105263,0.46779722696726217
493,16,0.8421052631578947,0.5257593475159099
493,17,0.894736842105263,0.5663152680607126
493,18,0.9473684210526315,0.5266424933787345
493,19,1.0,0.4221760830295028
494,0,0.0,0.4363087283871645
494,1,0.05263157894736842,0.42873867268906984
494,2,0.10526315789473684,0.43019456040418663
494,3,0.15789473684210525,0.4704955414793232
494,4,0.21052631578947367,0.5499915432885264
494,5,0.2631578947368421,0.4624936202301939
494,6,0.3157894736842105,0.556172457796151
494,7,0.3684210526315789,0.536856375562609
494,8,0.42105263157894735,0.5810270767843686
494,9,0.47368421052631576,0.4733977222956175
494,10,0.5263157894736842,0.6132185370133512
494,11,0.5789473684210527,0.5099946507496858
494,12,0.631578947368421,0.5396111051783803
494,13,0.6842105263157894,0.517199036250278
494,14,0.7368421052631579,0.5677416423609954
494,15,0.7894736842105263,0.5865288509646704
494,16,0.8421052631578947,0.5153638660320381
494,17,0.894736842105263,0.5314200967659539
494,18,0.9473684210526315,0.5957593888211767
494,19,1.0,0.5327758305972023
495,0,0.0,0.4017090150849554
495,1,0.05263157894736842,0.4089840172406653
495,2,0.10526315789473684,0.43563668189484356
495,3,0.15789473684210525,0.47169157163580316
495,4,0.21052631578947367,0.47066874038314327
495,5,0.2631578947368421,0.5664721489704896
495,6,0.3157894736842105,0.5445751352046998
495,7,0.3684210526315789,0.48546466132490335
495,8,0.42105263157894735,0.48032387768902407
495,9,0.47368421052631576,0.49646043756287384
495,10,0.5263157894736842,0.4908326785383945
495,11,0.5789473684210527,0.5090765068510658
495,12,0.631578947368421,0.5416367311097747
495,13,0.6842105263157894,0.4623051895598871
495,14,0.7368421052631579,0.5657240571883052
495,15,0.7894736842105263,0.5816330688306202
495,16,0.8421052631578947,0.5805377367956228
495,17,0.894736842105263,0.5490717697766873
495,18,0.9473684210526315,0.5898909541365255
495,19,1.0,0.6085261066709613
496,0,0.0,0.4212785857526782
496,1,0.05263157894736842,0.4505850387739804
496,2,0.10526315789473684,0.5457004582936681
496,3,0.15789473684210525,0.3942967537610546
496,4,0.21052631578947367,0.4745810816247411
496,5,0.2631578947368421,0.46847402861913656
496,6,0.3157894736842105,0.45014851771856473
496,7,0.3684210526315789,0.5729581843614773
496,8,0.42105263157894735,0.5677896480673232
496,9,0.47368421052631576,0.5900556872869355
496,10,0.5263157894736842,0.4992238258873723
496,11,0.5789473684210527,0.5654849380587372
496,12,0.631578947368421,0.5501985759405656
496,13,0.6842105263157894,0.527284020741711
496,14,0.7368421052631579,0.5700848423732028
496,15,0.7894736842105263,0.5771270540658308
496,16,0.8421052631578947,0.6147928226392463
496,17,0.894736842105263,0.5983528124945898
496,18,0.9473684210526315,0.4802937625968349
496,19,1.0,0.6110284667025465
497,0,0.0,0.5478967460764892
497,1,0.05263157894736842,0.4805667125783518
497,2,0.10526315789473684,0.6267526348779936
497,3,0.15789473684210525,0.46945892583419496
497,4,0.21052631578947367,0.6027463480664206
497,5,0.2631578947368421,0.6081545090067214
497,6,0.3157894736842105,0.5726513205641098
497,7,0.3684210526315789,0.5998695441885701
497,8,0.42105263157894735,0.556175825494384
497,9,0.47368421052631576,0.5767206128202657
497,10,0.5263157894736842,0.5222045953733973
497,11,0.5789473684210527,0.5700729247952244
497,12,0.631578947368421,0.5297633777221269
497,13,0.6842105263157894,0.604111813481075
497,14,0.7368421052631579,0.5213253196133311
497,15,0.7894736842105263,0.43821004085292214
497,16,0.8421052631578947,0.3999076840153869
497,17,0.894736842105263,0.3993425428399582
497,18,0.9473684210526315,0.4719104679462488
497,19,1.0,0.4165718051340898
498,0,0.0,0.5343052182513859
498,1,0.05263157894736842,0.408751761322542
498,2,0.10526315789473684,0.34000315352085575
498,3,0.15789473684210525,0.45651160379160555
498,4,0.21052631578947367,0.4430366790601607
498,5,0.2631578947368421,0.4722331259350169
498,6,0.3157894736842105,0.499077869393121
498,7,0.3684210526315789,0.4864210275204921
498,8,0.42105263157894735,0.5087441820133926
498,9,0.47368421052631576,0.4365313859722505
498,10,0.5263157894736842,0.4504233531470162
498,11,0.5789473684210527,0.4865375946004427
498,12,0.631578947368421,0.576222729113796
498,13,0.6842105263157894,0.4917068306049046
498,14,0.7368421052631579,0.5909619278679327
498,15,0.7894736842105263,0.5204749201787496
498,16,0.8421052631578947,0.524292601429734
498,17,0.894736842105263,0.5991504484664505
498,18,0.9473684210526315,0.5447464371702468
498,19,1.0,0.5459602011829631
499,0,0.0,0.5572350872737094
499,1,0.05263157894736842,0.5728853957438506
499,2,0.10526315789473684,0.5538838109696602
499,3,0.15789473684210525,0.6793155459910329
499,4,0.21052631578947367,0.6598071975789963
499,5,0.2631578947368421,0.6153141953351725
499,6,0.3157894736842105,0.7181097403593993
499,7,0.3684210526315789,0.6870269004396263
499,8,0.42105263157894735,0.5809522718995411
499,9,0.47368421052631576,0.5698067255633449
499,10,0.5263157894736842,0.5804588701774382
499,11,0.5789473684210527,0.59998690103582
499,12,0.631578947368421,0.5364590422604396
499,13,0.6842105263157894,0.5228419606259148
499,14,0.7368421052631579,0.5331555800407639
499,15,0.7894736842105263,0.507925674220082
499,16,0.8421052631578947,0.6055138349928046
499,17,0.894736842105263,0.5498776834420415
499,18,0.9473684210526315,0.4325142671477804
499,19,1.0,0.5221193919026755
